test_ignores_non_brinnatt (test_talkedu_mirror.TestTalkeduMirror) ... ok
test_maps_brinnatt_to_talkedu (test_talkedu_mirror.TestTalkeduMirror) ... ok
test_maps_migrated_defaults (test_talkedu_mirror.TestTalkeduMirror) ... ok
test_pull_order_talkedu_before_dockerhub (test_talkedu_mirror.TestTalkeduMirror)
CN production: hub.talkedu.cn first, Docker Hub brinnatt/* as fallback. ... ok

----------------------------------------------------------------------
Ran 52 tests in 0.355s

OK
[2026-07-17 00:05:14] [INFO] [service.cluster.manager] Current kubeconfig set to cluster aio.
namespace "monitor" deleted
namespace "openebs" deleted
namespace "minio" deleted
namespace "minio-operator" deleted
namespace "ingress-nginx" deleted
deployment.apps "kubernetes-dashboard-api" deleted
deployment.apps "kubernetes-dashboard-auth" deleted
deployment.apps "kubernetes-dashboard-metrics-scraper" deleted
deployment.apps "kubernetes-dashboard-web" deleted
[PASS] aio trimmed
[skip] brinnatt/calico-cni:v3.28.4
[skip] brinnatt/calico-node:v3.28.4
[skip] brinnatt/calico-kube-controllers:v3.28.4
[skip] brinnatt/coredns:1.12.4
[skip] brinnatt/registry:2
[skip] brinnatt/pause:3.10
[skip] brinnatt/metrics-server:v0.8.0
[skip] brinnatt/k8s-dns-node-cache:1.26.4
[skip] brinnatt/cilium:v1.19.5
[skip] brinnatt/cilium-operator-generic:v1.19.5
[skip] brinnatt/flannel:v0.28.4
[skip] brinnatt/flannel-cni-plugin:v1.8.0-flannel1
[skip] brinnatt/kube-router:v1.5.4
[skip] brinnatt/kube-ovn:v1.11.5
[skip] brinnatt/hubble-relay:v1.19.5
[pull] brinnatt/hubble-ui:v0.13.5 (talkedu → upstream → dockerhub)
Error response from daemon: failed to resolve reference "hub.talkedu.cn/kubeauto/hubble-ui:v0.13.5": hub.talkedu.cn/kubeauto/hubble-ui:v0.13.5: not found
v0.13.5: Pulling from cilium/hubble-ui
e2f91b65fc28: Pulling fs layer
589002ba0eae: Pulling fs layer
1a279672d13d: Pulling fs layer
83cdfcf8548b: Pulling fs layer
ff4835382279: Pulling fs layer
0e74b5e3a6dd: Pulling fs layer
0f1220aa81ea: Pulling fs layer
d7c9a2c279bf: Pulling fs layer
7ac175d2fffc: Pulling fs layer
74079e78211b: Pulling fs layer
ff4835382279: Download complete
d7c9a2c279bf: Download complete
83cdfcf8548b: Download complete
7ac175d2fffc: Download complete
74079e78211b: Download complete
0e74b5e3a6dd: Download complete
1a279672d13d: Download complete
0f1220aa81ea: Download complete
589002ba0eae: Download complete
589002ba0eae: Pull complete
d7c9a2c279bf: Pull complete
83cdfcf8548b: Pull complete
7ac175d2fffc: Pull complete
74079e78211b: Pull complete
1a279672d13d: Pull complete
0f1220aa81ea: Pull complete
ff4835382279: Pull complete
0e74b5e3a6dd: Pull complete
e2f91b65fc28: Download complete
e2f91b65fc28: Pull complete
Digest: sha256:f7d514fc54d784ed6df9d58cf0e97648b143f92b766dd1780ed3fc845bd4c516
Status: Downloaded newer image for quay.io/cilium/hubble-ui:v0.13.5
quay.io/cilium/hubble-ui:v0.13.5
[pull] brinnatt/hubble-ui-backend:v0.13.5 (talkedu → upstream → dockerhub)
Error response from daemon: failed to resolve reference "hub.talkedu.cn/kubeauto/hubble-ui-backend:v0.13.5": hub.talkedu.cn/kubeauto/hubble-ui-backend:v0.13.5: not found
v0.13.5: Pulling from cilium/hubble-ui-backend
faf740e5790d: Pulling fs layer
3214acf345c0: Pulling fs layer
b4e6f1bfce0a: Pulling fs layer
52630fc75a18: Pulling fs layer
d6b1b89eccac: Pulling fs layer
ebddc55facdc: Pulling fs layer
fa8ae93e2b3a: Pulling fs layer
bdfd7f7e5bf6: Pulling fs layer
b4242723c53f: Pulling fs layer
dd64bf2dd177: Pulling fs layer
2780920e5dbf: Pulling fs layer
b839dfae01f6: Pulling fs layer
7c12895b777b: Pulling fs layer
c172f21841df: Pulling fs layer
3214acf345c0: Already exists
52630fc75a18: Already exists
d6b1b89eccac: Already exists
dd64bf2dd177: Already exists
b839dfae01f6: Already exists
bdfd7f7e5bf6: Already exists
ebddc55facdc: Already exists
c172f21841df: Already exists
2780920e5dbf: Already exists
7c12895b777b: Already exists
b4e6f1bfce0a: Download complete
fa8ae93e2b3a: Download complete
c172f21841df: Pull complete
b4e6f1bfce0a: Pull complete
fa8ae93e2b3a: Pull complete
b4242723c53f: Download complete
3214acf345c0: Pull complete
52630fc75a18: Pull complete
d6b1b89eccac: Pull complete
2780920e5dbf: Pull complete
7c12895b777b: Pull complete
b4242723c53f: Pull complete
dd64bf2dd177: Pull complete
b839dfae01f6: Pull complete
bdfd7f7e5bf6: Pull complete
ebddc55facdc: Pull complete
faf740e5790d: Download complete
faf740e5790d: Pull complete
Digest: sha256:fac0c300ae119274edca11fd89b1ad23c788792d8bc4ea2ba631c709e8d3c688
Status: Downloaded newer image for quay.io/cilium/hubble-ui-backend:v0.13.5
quay.io/cilium/hubble-ui-backend:v0.13.5
[skip] brinnatt/dashboard-api:1.14.0
[skip] brinnatt/dashboard-auth:1.4.0
[skip] brinnatt/dashboard-web:1.7.0
[skip] brinnatt/dashboard-metrics-scraper:1.2.2
[skip] brinnatt/kong:3.9
[skip] brinnatt/grafana:12.0.2
[skip] brinnatt/k8s-sidecar:1.30.5
[skip] brinnatt/prometheus:v3.4.2
[skip] brinnatt/alertmanager:v0.28.1
[skip] brinnatt/node-exporter:v1.9.1
[skip] brinnatt/prometheus-operator:v0.83.0
[skip] brinnatt/prometheus-config-reloader:v0.83.0
[skip] brinnatt/kube-state-metrics:v2.16.0
[skip] brinnatt/kube-webhook-certgen:v1.6.0
[skip] brinnatt/local-path-provisioner:v0.0.31
[skip] brinnatt/provisioner-localpv:4.3.0
[skip] brinnatt/linux-utils:4.2.0
[skip] brinnatt/lvm-driver:1.7.0
[skip] brinnatt/openebs-kubectl:1.33.6
[skip] brinnatt/csi-node-driver-registrar:v2.13.0
[skip] brinnatt/csi-resizer:v1.11.2
[skip] brinnatt/csi-snapshotter:v7.0.0
[skip] brinnatt/csi-provisioner:v5.2.0
[skip] brinnatt/snapshot-controller:v8.3.0
[skip] brinnatt/minio-operator:v7.1.1
[skip] brinnatt/minio-operator-sidecar:v7.0.1
[skip] brinnatt/minio:RELEASE.2025-04-08T15-41-24Z
[skip] brinnatt/nacos-server:v2.4.3
[pull] brinnatt/nacos-peer-finder-plugin:1.1 (talkedu → upstream → dockerhub)
1.1: Pulling from kubeauto/nacos-peer-finder-plugin
93f44130f501: Pulling fs layer
2d473b07cdd5: Pulling fs layer
0882d91481b3: Pulling fs layer
a29cb295248c: Pulling fs layer
872fafefa067: Pulling fs layer
e1b73675a54f: Pulling fs layer
e5170b4376fd: Pulling fs layer
e1b73675a54f: Download complete
e5170b4376fd: Download complete
0882d91481b3: Download complete
a29cb295248c: Download complete
872fafefa067: Download complete
4f7c53edf08d: Download complete
93f44130f501: Download complete
2d473b07cdd5: Download complete
e1b73675a54f: Pull complete
e5170b4376fd: Pull complete
0882d91481b3: Pull complete
a29cb295248c: Pull complete
872fafefa067: Pull complete
93f44130f501: Pull complete
2d473b07cdd5: Pull complete
Digest: sha256:21dd1a7dca329c52de405133cf5fba2010e2b21fd9e91546b6b6cc5f8719f278
Status: Downloaded newer image for hub.talkedu.cn/kubeauto/nacos-peer-finder-plugin:1.1
hub.talkedu.cn/kubeauto/nacos-peer-finder-plugin:1.1
[pull] brinnatt/rocketmq-operator:latest (talkedu → upstream → dockerhub)
latest: Pulling from kubeauto/rocketmq-operator
c9a85256bb40: Pulling fs layer
c2274a1a0e27: Pulling fs layer
78f48a4a1923: Pulling fs layer
d8bd09c71589: Pulling fs layer
d113e80b1e19: Pulling fs layer
a9d7f821cb6b: Pulling fs layer
c9a85256bb40: Already exists
d8bd09c71589: Already exists
78f48a4a1923: Already exists
d113e80b1e19: Already exists
a9d7f821cb6b: Already exists
a1f03031f4bd: Download complete
c2274a1a0e27: Download complete
c2274a1a0e27: Pull complete
d8bd09c71589: Pull complete
78f48a4a1923: Pull complete
d113e80b1e19: Pull complete
a9d7f821cb6b: Pull complete
c9a85256bb40: Pull complete
Digest: sha256:4b598653fdad32fbf84aae6ebd7e85c68bd0247096e78737ec9a244d44670861
Status: Downloaded newer image for hub.talkedu.cn/kubeauto/rocketmq-operator:latest
hub.talkedu.cn/kubeauto/rocketmq-operator:latest
[pull] brinnatt/rocketmq-broker:4.5.0-alpine-operator-0.3.0 (talkedu → upstream → dockerhub)
4.5.0-alpine-operator-0.3.0: Pulling from kubeauto/rocketmq-broker
c21ac3d7d088: Pulling fs layer
4447e6272fa9: Pulling fs layer
c21ac3d7d088: Pulling fs layer
c0b3564097ed: Pulling fs layer
6febe1bb60d9: Pulling fs layer
1e558e7c5db8: Pulling fs layer
3082adf3b6c9: Pulling fs layer
532f69ae4f07: Pulling fs layer
924ee0ef566f: Pulling fs layer
532f69ae4f07: Download complete
4447e6272fa9: Download complete
c21ac3d7d088: Download complete
c0b3564097ed: Download complete
924ee0ef566f: Download complete
a123822435e9: Download complete
3082adf3b6c9: Download complete
3082adf3b6c9: Pull complete
1e558e7c5db8: Download complete
c0b3564097ed: Pull complete
1e558e7c5db8: Pull complete
6febe1bb60d9: Download complete
6febe1bb60d9: Pull complete
532f69ae4f07: Pull complete
4447e6272fa9: Pull complete
c21ac3d7d088: Pull complete
924ee0ef566f: Pull complete
Digest: sha256:e5ada37a8c856701996d0a5514115f19b1b4d41a68f8e61898a50c9848cb19aa
Status: Downloaded newer image for hub.talkedu.cn/kubeauto/rocketmq-broker:4.5.0-alpine-operator-0.3.0
hub.talkedu.cn/kubeauto/rocketmq-broker:4.5.0-alpine-operator-0.3.0
[pull] brinnatt/rocketmq-nameserver:4.5.0-alpine-operator-0.3.0 (talkedu → upstream → dockerhub)
4.5.0-alpine-operator-0.3.0: Pulling from kubeauto/rocketmq-nameserver
48c808bd7c90: Pulling fs layer
2dbbae45b1ad: Pulling fs layer
a30b109dcda0: Pulling fs layer
61ba89aeb59c: Pulling fs layer
c7ced476f1be: Pulling fs layer
48c808bd7c90: Download complete
c7ced476f1be: Download complete
2dbbae45b1ad: Download complete
c7ced476f1be: Pull complete
9a01c0b247cc: Download complete
a30b109dcda0: Download complete
a30b109dcda0: Pull complete
61ba89aeb59c: Download complete
48c808bd7c90: Pull complete
2dbbae45b1ad: Pull complete
61ba89aeb59c: Pull complete
Digest: sha256:e17e3470bf7f1ccf1dbdde10caa941e1de3f7b82f59f3cc74e5d3516905e043b
Status: Downloaded newer image for hub.talkedu.cn/kubeauto/rocketmq-nameserver:4.5.0-alpine-operator-0.3.0
hub.talkedu.cn/kubeauto/rocketmq-nameserver:4.5.0-alpine-operator-0.3.0
[pull] brinnatt/rocketmq-console:2.0.0 (talkedu → upstream → dockerhub)
2.0.0: Pulling from kubeauto/rocketmq-console
51390f399deb: Pulling fs layer
7448db3b31eb: Pulling fs layer
2cf014724202: Pulling fs layer
4bc402a00dfe: Pulling fs layer
c36604fa7939: Pulling fs layer
29e8ef0e3340: Pulling fs layer
e0012639d2c5: Pulling fs layer
11f7af24ed9c: Pulling fs layer
a360a17c9cab: Pulling fs layer
a0c934d2565d: Pulling fs layer
a360a17c9cab: Download complete
11f7af24ed9c: Download complete
a0c934d2565d: Download complete
4bc402a00dfe: Download complete
1d9849a42882: Download complete
c36604fa7939: Download complete
e0012639d2c5: Download complete
51390f399deb: Download complete
29e8ef0e3340: Download complete
7448db3b31eb: Download complete
7448db3b31eb: Pull complete
c36604fa7939: Pull complete
29e8ef0e3340: Pull complete
a360a17c9cab: Pull complete
11f7af24ed9c: Pull complete
a0c934d2565d: Pull complete
2cf014724202: Download complete
4bc402a00dfe: Pull complete
2cf014724202: Pull complete
e0012639d2c5: Pull complete
51390f399deb: Pull complete
Digest: sha256:2d814abb83daa61bf988d1fec26fe36cbcbef2a0fc0b26e65a0f895c4a82c1c7
Status: Downloaded newer image for hub.talkedu.cn/kubeauto/rocketmq-console:2.0.0
hub.talkedu.cn/kubeauto/rocketmq-console:2.0.0
BOOTSTRAP_BRINATT_OK mode=full fails=0
[2026-07-17 00:06:48] [INFO] [service.cluster.downloader] [DOWNLOAD] Component openebs: uploading 9 image(s) to local registry.
[2026-07-17 00:06:48] [WARNING] [service.cluster.registry] [REGISTRY] Local registry already running; skipping.
[2026-07-17 00:06:48] [INFO] [service.cluster.registry] [REGISTRY] Uploading 9 image(s) to local registry.
[2026-07-17 00:06:48] [INFO] [service.cluster.registry] [REGISTRY] [1/9] Image: brinnatt/openebs-kubectl:1.33.6
[2026-07-17 00:06:48] [INFO] [service.cluster.registry] [REGISTRY]   -> Image exists locally; skipping pull.
[2026-07-17 00:06:48] [INFO] [service.cluster.registry] [REGISTRY]   -> Tagging and pushing to local registry.
[2026-07-17 00:06:48] [INFO] [service.cluster.docker] [UPLOAD] Pushing image: registry.talkschool.cn:5000/brinnatt/openebs-kubectl:1.33.6
The push refers to repository [registry.talkschool.cn:5000/brinnatt/openebs-kubectl]
2e21018b343a: Layer already exists
f18232174bc9: Layer already exists
8066551ee209: Layer already exists
1.33.6: digest: sha256:da23e997bf62c9ead5b46bcbc823dfca4c48b00a0f3d211af9a4412bcf173843 size: 901
[2026-07-17 00:06:48] [INFO] [service.cluster.docker] [UPLOAD] Pushed successfully: registry.talkschool.cn:5000/brinnatt/openebs-kubectl:1.33.6
[2026-07-17 00:06:48] [INFO] [service.cluster.registry] [REGISTRY]   -> Done: brinnatt/openebs-kubectl:1.33.6.
[2026-07-17 00:06:48] [INFO] [service.cluster.registry] [REGISTRY] [2/9] Image: brinnatt/provisioner-localpv:4.3.0
[2026-07-17 00:06:48] [INFO] [service.cluster.registry] [REGISTRY]   -> Image exists locally; skipping pull.
[2026-07-17 00:06:48] [INFO] [service.cluster.registry] [REGISTRY]   -> Tagging and pushing to local registry.
[2026-07-17 00:06:48] [INFO] [service.cluster.docker] [UPLOAD] Pushing image: registry.talkschool.cn:5000/brinnatt/provisioner-localpv:4.3.0
The push refers to repository [registry.talkschool.cn:5000/brinnatt/provisioner-localpv]
998b02d304d1: Layer already exists
ec99f8b99825: Layer already exists
680a329be303: Layer already exists
4.3.0: digest: sha256:f97f7522013fdfac9bddaa07363df0c93f7641f7538e94987c8cd8f1a3cb45ee size: 900
[2026-07-17 00:06:48] [INFO] [service.cluster.docker] [UPLOAD] Pushed successfully: registry.talkschool.cn:5000/brinnatt/provisioner-localpv:4.3.0
[2026-07-17 00:06:48] [INFO] [service.cluster.registry] [REGISTRY]   -> Done: brinnatt/provisioner-localpv:4.3.0.
[2026-07-17 00:06:48] [INFO] [service.cluster.registry] [REGISTRY] [3/9] Image: brinnatt/linux-utils:4.2.0
[2026-07-17 00:06:48] [INFO] [service.cluster.registry] [REGISTRY]   -> Image exists locally; skipping pull.
[2026-07-17 00:06:48] [INFO] [service.cluster.registry] [REGISTRY]   -> Tagging and pushing to local registry.
[2026-07-17 00:06:48] [INFO] [service.cluster.docker] [UPLOAD] Pushing image: registry.talkschool.cn:5000/brinnatt/linux-utils:4.2.0
The push refers to repository [registry.talkschool.cn:5000/brinnatt/linux-utils]
8066551ee209: Layer already exists
f18232174bc9: Layer already exists
4.2.0: digest: sha256:1e8af0856f5f47d29433508584b47315f5c6e3ce133e1849b88ee0d43739d80a size: 674
[2026-07-17 00:06:48] [INFO] [service.cluster.docker] [UPLOAD] Pushed successfully: registry.talkschool.cn:5000/brinnatt/linux-utils:4.2.0
[2026-07-17 00:06:48] [INFO] [service.cluster.registry] [REGISTRY]   -> Done: brinnatt/linux-utils:4.2.0.
[2026-07-17 00:06:48] [INFO] [service.cluster.registry] [REGISTRY] [4/9] Image: brinnatt/lvm-driver:1.7.0
[2026-07-17 00:06:48] [INFO] [service.cluster.registry] [REGISTRY]   -> Image exists locally; skipping pull.
[2026-07-17 00:06:48] [INFO] [service.cluster.registry] [REGISTRY]   -> Tagging and pushing to local registry.
[2026-07-17 00:06:48] [INFO] [service.cluster.docker] [UPLOAD] Pushing image: registry.talkschool.cn:5000/brinnatt/lvm-driver:1.7.0
The push refers to repository [registry.talkschool.cn:5000/brinnatt/lvm-driver]
a6e9231199c9: Layer already exists
96bf643e1ab7: Layer already exists
96526aa774ef: Layer already exists
7402caf5e829: Layer already exists
1a4e73c9f841: Layer already exists
1.7.0: digest: sha256:0464088b7863a3c474f2b31cac8f0e8743706a9e2c3d88beec435f022d8468dc size: 1250
[2026-07-17 00:06:48] [INFO] [service.cluster.docker] [UPLOAD] Pushed successfully: registry.talkschool.cn:5000/brinnatt/lvm-driver:1.7.0
[2026-07-17 00:06:48] [INFO] [service.cluster.registry] [REGISTRY]   -> Done: brinnatt/lvm-driver:1.7.0.
[2026-07-17 00:06:48] [INFO] [service.cluster.registry] [REGISTRY] [5/9] Image: brinnatt/csi-node-driver-registrar:v2.13.0
[2026-07-17 00:06:48] [INFO] [service.cluster.registry] [REGISTRY]   -> Image exists locally; skipping pull.
[2026-07-17 00:06:48] [INFO] [service.cluster.registry] [REGISTRY]   -> Tagging and pushing to local registry.
[2026-07-17 00:06:48] [INFO] [service.cluster.docker] [UPLOAD] Pushing image: registry.talkschool.cn:5000/brinnatt/csi-node-driver-registrar:v2.13.0
The push refers to repository [registry.talkschool.cn:5000/brinnatt/csi-node-driver-registrar]
a62778643d56: Layer already exists
7c12895b777b: Layer already exists
f518e07ffa2e: Layer already exists
3214acf345c0: Layer already exists
bfb59b82a9b6: Layer already exists
efa9d1d5d3a2: Layer already exists
5664b15f108b: Layer already exists
4aa0ea1413d3: Layer already exists
0baecf37abee: Layer already exists
0bab15eea81d: Layer already exists
9aee425378d2: Layer already exists
da7816fa955e: Layer already exists
v2.13.0: digest: sha256:227fed53d5c9e62404b8acd4592de5410a21d6fcbc56113ab07c06967a287bc7 size: 2559
[2026-07-17 00:06:48] [INFO] [service.cluster.docker] [UPLOAD] Pushed successfully: registry.talkschool.cn:5000/brinnatt/csi-node-driver-registrar:v2.13.0
[2026-07-17 00:06:48] [INFO] [service.cluster.registry] [REGISTRY]   -> Done: brinnatt/csi-node-driver-registrar:v2.13.0.
[2026-07-17 00:06:48] [INFO] [service.cluster.registry] [REGISTRY] [6/9] Image: brinnatt/csi-resizer:v1.11.2
[2026-07-17 00:06:48] [INFO] [service.cluster.registry] [REGISTRY]   -> Image exists locally; skipping pull.
[2026-07-17 00:06:48] [INFO] [service.cluster.registry] [REGISTRY]   -> Tagging and pushing to local registry.
[2026-07-17 00:06:48] [INFO] [service.cluster.docker] [UPLOAD] Pushing image: registry.talkschool.cn:5000/brinnatt/csi-resizer:v1.11.2
The push refers to repository [registry.talkschool.cn:5000/brinnatt/csi-resizer]
7c12895b777b: Layer already exists
f531499c6b73: Layer already exists
058cf3d8c2ba: Layer already exists
b6824ed73363: Layer already exists
e8d9a567199d: Layer already exists
33e068de2649: Layer already exists
5664b15f108b: Layer already exists
9aee425378d2: Layer already exists
3c4c00804573: Layer already exists
27be814a09eb: Layer already exists
da7816fa955e: Layer already exists
4aa0ea1413d3: Layer already exists
v1.11.2: digest: sha256:174534d8620cb5668f3be6d6e9c9d2a1fbc3b5b432fc4c625597c5a187ea2b14 size: 2559
[2026-07-17 00:06:48] [INFO] [service.cluster.docker] [UPLOAD] Pushed successfully: registry.talkschool.cn:5000/brinnatt/csi-resizer:v1.11.2
[2026-07-17 00:06:48] [INFO] [service.cluster.registry] [REGISTRY]   -> Done: brinnatt/csi-resizer:v1.11.2.
[2026-07-17 00:06:48] [INFO] [service.cluster.registry] [REGISTRY] [7/9] Image: brinnatt/csi-snapshotter:v7.0.0
[2026-07-17 00:06:48] [INFO] [service.cluster.registry] [REGISTRY]   -> Image exists locally; skipping pull.
[2026-07-17 00:06:48] [INFO] [service.cluster.registry] [REGISTRY]   -> Tagging and pushing to local registry.
[2026-07-17 00:06:48] [INFO] [service.cluster.docker] [UPLOAD] Pushing image: registry.talkschool.cn:5000/brinnatt/csi-snapshotter:v7.0.0
The push refers to repository [registry.talkschool.cn:5000/brinnatt/csi-snapshotter]
5c6f703c260a: Layer already exists
fcb6f6d2c998: Layer already exists
4aa0ea1413d3: Layer already exists
5627a970d25e: Layer already exists
e8c73c638ae9: Layer already exists
1e3d9b7d1452: Layer already exists
07a64a71e011: Layer already exists
7c881f9ab25e: Layer already exists
fe5ca62666f0: Layer already exists
280126c0e181: Layer already exists
v7.0.0: digest: sha256:d080fe1eb74ba4c4ed8c07dcd07593b92f3316c814ef2161ce954772faa8d03f size: 2185
[2026-07-17 00:06:48] [INFO] [service.cluster.docker] [UPLOAD] Pushed successfully: registry.talkschool.cn:5000/brinnatt/csi-snapshotter:v7.0.0
[2026-07-17 00:06:48] [INFO] [service.cluster.registry] [REGISTRY]   -> Done: brinnatt/csi-snapshotter:v7.0.0.
[2026-07-17 00:06:48] [INFO] [service.cluster.registry] [REGISTRY] [8/9] Image: brinnatt/csi-provisioner:v5.2.0
[2026-07-17 00:06:49] [INFO] [service.cluster.registry] [REGISTRY]   -> Image exists locally; skipping pull.
[2026-07-17 00:06:49] [INFO] [service.cluster.registry] [REGISTRY]   -> Tagging and pushing to local registry.
[2026-07-17 00:06:49] [INFO] [service.cluster.docker] [UPLOAD] Pushing image: registry.talkschool.cn:5000/brinnatt/csi-provisioner:v5.2.0
The push refers to repository [registry.talkschool.cn:5000/brinnatt/csi-provisioner]
7c12895b777b: Layer already exists
0bab15eea81d: Layer already exists
efa9d1d5d3a2: Layer already exists
5664b15f108b: Layer already exists
4aa0ea1413d3: Layer already exists
388fac73db4d: Layer already exists
bfb59b82a9b6: Layer already exists
a62778643d56: Layer already exists
3214acf345c0: Layer already exists
688513194d7a: Layer already exists
da7816fa955e: Layer already exists
9aee425378d2: Layer already exists
v5.2.0: digest: sha256:1685e05b2c81e31bf7adb64cf5934160bb60a07e04978e4be94aa615ff229461 size: 2559
[2026-07-17 00:06:49] [INFO] [service.cluster.docker] [UPLOAD] Pushed successfully: registry.talkschool.cn:5000/brinnatt/csi-provisioner:v5.2.0
[2026-07-17 00:06:49] [INFO] [service.cluster.registry] [REGISTRY]   -> Done: brinnatt/csi-provisioner:v5.2.0.
[2026-07-17 00:06:49] [INFO] [service.cluster.registry] [REGISTRY] [9/9] Image: brinnatt/snapshot-controller:v8.3.0
[2026-07-17 00:06:49] [INFO] [service.cluster.registry] [REGISTRY]   -> Image exists locally; skipping pull.
[2026-07-17 00:06:49] [INFO] [service.cluster.registry] [REGISTRY]   -> Tagging and pushing to local registry.
[2026-07-17 00:06:49] [INFO] [service.cluster.docker] [UPLOAD] Pushing image: registry.talkschool.cn:5000/brinnatt/snapshot-controller:v8.3.0
The push refers to repository [registry.talkschool.cn:5000/brinnatt/snapshot-controller]
4aa0ea1413d3: Layer already exists
da7816fa955e: Layer already exists
4eff9a62d888: Layer already exists
0bab15eea81d: Layer already exists
ddf74a63f7d8: Layer already exists
35d697fe2738: Layer already exists
d085939bf7ef: Layer already exists
5664b15f108b: Layer already exists
a62778643d56: Layer already exists
7c12895b777b: Layer already exists
3214acf345c0: Layer already exists
bfb59b82a9b6: Layer already exists
v8.3.0: digest: sha256:d6353448e0476bb9c017c23d9476039b32d0aeb8a08a80e87b18a2e5450ed4ba size: 2559
[2026-07-17 00:06:49] [INFO] [service.cluster.docker] [UPLOAD] Pushed successfully: registry.talkschool.cn:5000/brinnatt/snapshot-controller:v8.3.0
[2026-07-17 00:06:49] [INFO] [service.cluster.registry] [REGISTRY]   -> Done: brinnatt/snapshot-controller:v8.3.0.
[2026-07-17 00:06:49] [INFO] [service.cluster.registry] [REGISTRY] All 9 image(s) uploaded to local registry.
[2026-07-17 00:06:49] [INFO] [service.cluster.downloader] [DOWNLOAD] Component openebs: 9 image(s) uploaded.
[2026-07-17 00:06:49] [INFO] [service.cluster.downloader] [DOWNLOAD] Component local-path-provisioner: uploading 1 image(s) to local registry.
[2026-07-17 00:06:49] [WARNING] [service.cluster.registry] [REGISTRY] Local registry already running; skipping.
[2026-07-17 00:06:49] [INFO] [service.cluster.registry] [REGISTRY] Uploading 1 image(s) to local registry.
[2026-07-17 00:06:49] [INFO] [service.cluster.registry] [REGISTRY] [1/1] Image: brinnatt/local-path-provisioner:v0.0.31
[2026-07-17 00:06:49] [INFO] [service.cluster.registry] [REGISTRY]   -> Image exists locally; skipping pull.
[2026-07-17 00:06:49] [INFO] [service.cluster.registry] [REGISTRY]   -> Tagging and pushing to local registry.
[2026-07-17 00:06:49] [INFO] [service.cluster.docker] [UPLOAD] Pushing image: registry.talkschool.cn:5000/brinnatt/local-path-provisioner:v0.0.31
The push refers to repository [registry.talkschool.cn:5000/brinnatt/local-path-provisioner]
650aaab400b8: Layer already exists
7224f93b8122: Layer already exists
1f3e46996e29: Layer already exists
4f4fb700ef54: Layer already exists
7b714dc9e881: Layer already exists
v0.0.31: digest: sha256:5fb0394abf87407a27cc56db94334eb0c92d0b5de2636683a7ec51f38143dfc9 size: 1244
[2026-07-17 00:06:49] [INFO] [service.cluster.docker] [UPLOAD] Pushed successfully: registry.talkschool.cn:5000/brinnatt/local-path-provisioner:v0.0.31
[2026-07-17 00:06:49] [INFO] [service.cluster.registry] [REGISTRY]   -> Done: brinnatt/local-path-provisioner:v0.0.31.
[2026-07-17 00:06:49] [INFO] [service.cluster.registry] [REGISTRY] All 1 image(s) uploaded to local registry.
[2026-07-17 00:06:49] [INFO] [service.cluster.downloader] [DOWNLOAD] Component local-path-provisioner: 1 image(s) uploaded.
[2026-07-17 00:06:50] [INFO] [service.cluster.downloader] [DOWNLOAD] Component nfs-provisioner: uploading 1 image(s) to local registry.
[2026-07-17 00:06:50] [WARNING] [service.cluster.registry] [REGISTRY] Local registry already running; skipping.
[2026-07-17 00:06:50] [INFO] [service.cluster.registry] [REGISTRY] Uploading 1 image(s) to local registry.
[2026-07-17 00:06:50] [INFO] [service.cluster.registry] [REGISTRY] [1/1] Image: brinnatt/nfs-subdir-external-provisioner:v4.0.2
[2026-07-17 00:06:50] [INFO] [service.cluster.registry] [REGISTRY]   -> Image exists locally; skipping pull.
[2026-07-17 00:06:50] [INFO] [service.cluster.registry] [REGISTRY]   -> Tagging and pushing to local registry.
[2026-07-17 00:06:50] [INFO] [service.cluster.docker] [UPLOAD] Pushing image: registry.talkschool.cn:5000/brinnatt/nfs-subdir-external-provisioner:v4.0.2
The push refers to repository [registry.talkschool.cn:5000/brinnatt/nfs-subdir-external-provisioner]
528677575c0b: Pushed
60775238382e: Pushed
v4.0.2: digest: sha256:d82a10256b0d03384c7e135677c320e68e4af0d0b3bd7bafaf974e790cc89166 size: 673
[2026-07-17 00:06:50] [INFO] [service.cluster.docker] [UPLOAD] Pushed successfully: registry.talkschool.cn:5000/brinnatt/nfs-subdir-external-provisioner:v4.0.2
[2026-07-17 00:06:50] [INFO] [service.cluster.registry] [REGISTRY]   -> Done: brinnatt/nfs-subdir-external-provisioner:v4.0.2.
[2026-07-17 00:06:50] [INFO] [service.cluster.registry] [REGISTRY] All 1 image(s) uploaded to local registry.
[2026-07-17 00:06:50] [INFO] [service.cluster.downloader] [DOWNLOAD] Component nfs-provisioner: 1 image(s) uploaded.
[2026-07-17 00:06:50] [INFO] [service.cluster.downloader] [DOWNLOAD] Component nacos: uploading 2 image(s) to local registry.
[2026-07-17 00:06:50] [WARNING] [service.cluster.registry] [REGISTRY] Local registry already running; skipping.
[2026-07-17 00:06:50] [INFO] [service.cluster.registry] [REGISTRY] Uploading 2 image(s) to local registry.
[2026-07-17 00:06:50] [INFO] [service.cluster.registry] [REGISTRY] [1/2] Image: brinnatt/nacos-server:v2.4.3
[2026-07-17 00:06:50] [INFO] [service.cluster.registry] [REGISTRY]   -> Image exists locally; skipping pull.
[2026-07-17 00:06:50] [INFO] [service.cluster.registry] [REGISTRY]   -> Tagging and pushing to local registry.
[2026-07-17 00:06:50] [INFO] [service.cluster.docker] [UPLOAD] Pushing image: registry.talkschool.cn:5000/brinnatt/nacos-server:v2.4.3
The push refers to repository [registry.talkschool.cn:5000/brinnatt/nacos-server]
8e0e0a97c832: Pushed
9449a798fd1b: Pushed
7f7a1cc731b2: Pushed
50a97b6cfe52: Pushed
43c4264eed91: Pushed
527df18771ec: Pushed
8ac0cba1d310: Pushed
v2.4.3: digest: sha256:c8dc1db0ac6a345b62bad4e76963d25237a90bf45704795e7cb4d1d972b024a3 size: 1622
[2026-07-17 00:06:51] [INFO] [service.cluster.docker] [UPLOAD] Pushed successfully: registry.talkschool.cn:5000/brinnatt/nacos-server:v2.4.3
[2026-07-17 00:06:51] [INFO] [service.cluster.registry] [REGISTRY]   -> Done: brinnatt/nacos-server:v2.4.3.
[2026-07-17 00:06:51] [INFO] [service.cluster.registry] [REGISTRY] [2/2] Image: brinnatt/nacos-peer-finder-plugin:1.1
[2026-07-17 00:06:51] [INFO] [service.cluster.registry] [REGISTRY]   -> Image exists locally; skipping pull.
[2026-07-17 00:06:51] [INFO] [service.cluster.registry] [REGISTRY]   -> Tagging and pushing to local registry.
[2026-07-17 00:06:51] [INFO] [service.cluster.docker] [UPLOAD] Pushing image: registry.talkschool.cn:5000/brinnatt/nacos-peer-finder-plugin:1.1
The push refers to repository [registry.talkschool.cn:5000/brinnatt/nacos-peer-finder-plugin]
0882d91481b3: Pushed
872fafefa067: Pushed
e5170b4376fd: Pushed
e1b73675a54f: Pushed
a29cb295248c: Pushed
93f44130f501: Pushed
2d473b07cdd5: Pushed
1.1: digest: sha256:034e6b5f08aa7f8bbdf5610d7b91738b7e85e466986aeac9e57bf757f4ee7038 size: 1618
[2026-07-17 00:06:51] [INFO] [service.cluster.docker] [UPLOAD] Pushed successfully: registry.talkschool.cn:5000/brinnatt/nacos-peer-finder-plugin:1.1
[2026-07-17 00:06:51] [INFO] [service.cluster.registry] [REGISTRY]   -> Done: brinnatt/nacos-peer-finder-plugin:1.1.
[2026-07-17 00:06:51] [INFO] [service.cluster.registry] [REGISTRY] All 2 image(s) uploaded to local registry.
[2026-07-17 00:06:51] [INFO] [service.cluster.downloader] [DOWNLOAD] Component nacos: 2 image(s) uploaded.
[2026-07-17 00:06:52] [INFO] [service.cluster.downloader] [DOWNLOAD] Component rocketmq: uploading 4 image(s) to local registry.
[2026-07-17 00:06:52] [WARNING] [service.cluster.registry] [REGISTRY] Local registry already running; skipping.
[2026-07-17 00:06:52] [INFO] [service.cluster.registry] [REGISTRY] Uploading 4 image(s) to local registry.
[2026-07-17 00:06:52] [INFO] [service.cluster.registry] [REGISTRY] [1/4] Image: brinnatt/rocketmq-operator:latest
[2026-07-17 00:06:52] [INFO] [service.cluster.registry] [REGISTRY]   -> Image exists locally; skipping pull.
[2026-07-17 00:06:52] [INFO] [service.cluster.registry] [REGISTRY]   -> Tagging and pushing to local registry.
[2026-07-17 00:06:52] [INFO] [service.cluster.docker] [UPLOAD] Pushing image: registry.talkschool.cn:5000/brinnatt/rocketmq-operator:latest
The push refers to repository [registry.talkschool.cn:5000/brinnatt/rocketmq-operator]
e7c96db7181b: Pushed
f910a506b6cb: Pushed
d8bd09c71589: Pushed
78f48a4a1923: Pushed
c9a85256bb40: Pushed
d113e80b1e19: Pushed
a9d7f821cb6b: Pushed
c2274a1a0e27: Pushed
latest: digest: sha256:cce2074e96146f359c49551d09d9f89a68d242f55166bd4fbef4f2b22503efab size: 1821
[2026-07-17 00:06:52] [INFO] [service.cluster.docker] [UPLOAD] Pushed successfully: registry.talkschool.cn:5000/brinnatt/rocketmq-operator:latest
[2026-07-17 00:06:52] [INFO] [service.cluster.registry] [REGISTRY]   -> Done: brinnatt/rocketmq-operator:latest.
[2026-07-17 00:06:52] [INFO] [service.cluster.registry] [REGISTRY] [2/4] Image: brinnatt/rocketmq-broker:4.5.0-alpine-operator-0.3.0
[2026-07-17 00:06:52] [INFO] [service.cluster.registry] [REGISTRY]   -> Image exists locally; skipping pull.
[2026-07-17 00:06:52] [INFO] [service.cluster.registry] [REGISTRY]   -> Tagging and pushing to local registry.
[2026-07-17 00:06:53] [INFO] [service.cluster.docker] [UPLOAD] Pushing image: registry.talkschool.cn:5000/brinnatt/rocketmq-broker:4.5.0-alpine-operator-0.3.0
The push refers to repository [registry.talkschool.cn:5000/brinnatt/rocketmq-broker]
c21ac3d7d088: Pushed
c0b3564097ed: Pushed
3082adf3b6c9: Pushed
924ee0ef566f: Pushed
f910a506b6cb: Mounted from brinnatt/rocketmq-operator
1e558e7c5db8: Pushed
532f69ae4f07: Pushed
4447e6272fa9: Pushed
e7c96db7181b: Mounted from brinnatt/rocketmq-operator
c2274a1a0e27: Mounted from brinnatt/rocketmq-operator
6febe1bb60d9: Pushed
4.5.0-alpine-operator-0.3.0: digest: sha256:4439c53b6fecce5f3f1cabcf053f364b5c945f87557d191201206729c64da504 size: 2573
[2026-07-17 00:06:53] [INFO] [service.cluster.docker] [UPLOAD] Pushed successfully: registry.talkschool.cn:5000/brinnatt/rocketmq-broker:4.5.0-alpine-operator-0.3.0
[2026-07-17 00:06:53] [INFO] [service.cluster.registry] [REGISTRY]   -> Done: brinnatt/rocketmq-broker:4.5.0-alpine-operator-0.3.0.
[2026-07-17 00:06:53] [INFO] [service.cluster.registry] [REGISTRY] [3/4] Image: brinnatt/rocketmq-nameserver:4.5.0-alpine-operator-0.3.0
[2026-07-17 00:06:53] [INFO] [service.cluster.registry] [REGISTRY]   -> Image exists locally; skipping pull.
[2026-07-17 00:06:53] [INFO] [service.cluster.registry] [REGISTRY]   -> Tagging and pushing to local registry.
[2026-07-17 00:06:53] [INFO] [service.cluster.docker] [UPLOAD] Pushing image: registry.talkschool.cn:5000/brinnatt/rocketmq-nameserver:4.5.0-alpine-operator-0.3.0
The push refers to repository [registry.talkschool.cn:5000/brinnatt/rocketmq-nameserver]
c2274a1a0e27: Mounted from brinnatt/rocketmq-operator
3082adf3b6c9: Mounted from brinnatt/rocketmq-broker
c7ced476f1be: Pushed
e7c96db7181b: Mounted from brinnatt/rocketmq-operator
2dbbae45b1ad: Pushed
61ba89aeb59c: Pushed
a30b109dcda0: Pushed
48c808bd7c90: Pushed
f910a506b6cb: Mounted from brinnatt/rocketmq-operator
4.5.0-alpine-operator-0.3.0: digest: sha256:9ccac537425a39b1eb1244a184f123b33eebb8d5f50f615048e0d3a7ed849d50 size: 2006
[2026-07-17 00:06:53] [INFO] [service.cluster.docker] [UPLOAD] Pushed successfully: registry.talkschool.cn:5000/brinnatt/rocketmq-nameserver:4.5.0-alpine-operator-0.3.0
[2026-07-17 00:06:53] [INFO] [service.cluster.registry] [REGISTRY]   -> Done: brinnatt/rocketmq-nameserver:4.5.0-alpine-operator-0.3.0.
[2026-07-17 00:06:53] [INFO] [service.cluster.registry] [REGISTRY] [4/4] Image: brinnatt/rocketmq-console:2.0.0
[2026-07-17 00:06:53] [INFO] [service.cluster.registry] [REGISTRY]   -> Image exists locally; skipping pull.
[2026-07-17 00:06:53] [INFO] [service.cluster.registry] [REGISTRY]   -> Tagging and pushing to local registry.
[2026-07-17 00:06:53] [INFO] [service.cluster.docker] [UPLOAD] Pushing image: registry.talkschool.cn:5000/brinnatt/rocketmq-console:2.0.0
The push refers to repository [registry.talkschool.cn:5000/brinnatt/rocketmq-console]
4bc402a00dfe: Pushed
a360a17c9cab: Pushed
11f7af24ed9c: Pushed
a0c934d2565d: Pushed
c36604fa7939: Pushed
29e8ef0e3340: Pushed
e0012639d2c5: Pushed
51390f399deb: Pushed
7448db3b31eb: Pushed
2cf014724202: Pushed
2.0.0: digest: sha256:e4d6af063439a40d8bbd155caf82d1664f143261cfc7c5930c5a25d95219bc58 size: 2206
[2026-07-17 00:06:54] [INFO] [service.cluster.docker] [UPLOAD] Pushed successfully: registry.talkschool.cn:5000/brinnatt/rocketmq-console:2.0.0
[2026-07-17 00:06:54] [INFO] [service.cluster.registry] [REGISTRY]   -> Done: brinnatt/rocketmq-console:2.0.0.
[2026-07-17 00:06:54] [INFO] [service.cluster.registry] [REGISTRY] All 4 image(s) uploaded to local registry.
[2026-07-17 00:06:54] [INFO] [service.cluster.downloader] [DOWNLOAD] Component rocketmq: 4 image(s) uploaded.
[2026-07-17 00:06:54] [INFO] [service.cluster.downloader] [DOWNLOAD] Component minio: uploading 3 image(s) to local registry.
[2026-07-17 00:06:54] [WARNING] [service.cluster.registry] [REGISTRY] Local registry already running; skipping.
[2026-07-17 00:06:54] [INFO] [service.cluster.registry] [REGISTRY] Uploading 3 image(s) to local registry.
[2026-07-17 00:06:54] [INFO] [service.cluster.registry] [REGISTRY] [1/3] Image: brinnatt/minio-operator:v7.1.1
[2026-07-17 00:06:54] [INFO] [service.cluster.registry] [REGISTRY]   -> Image exists locally; skipping pull.
[2026-07-17 00:06:54] [INFO] [service.cluster.registry] [REGISTRY]   -> Tagging and pushing to local registry.
[2026-07-17 00:06:54] [INFO] [service.cluster.docker] [UPLOAD] Pushing image: registry.talkschool.cn:5000/brinnatt/minio-operator:v7.1.1
The push refers to repository [registry.talkschool.cn:5000/brinnatt/minio-operator]
d547e05490c1: Layer already exists
dd78e2871cc8: Layer already exists
08251dbae1fa: Layer already exists
29faa573ddc2: Layer already exists
fa340fc1761f: Layer already exists
fb230792bad9: Layer already exists
v7.1.1: digest: sha256:e9842785444e9e04559fb332fa11a9d27da736adc16c9504f3e6a240834fecc1 size: 1575
[2026-07-17 00:06:54] [INFO] [service.cluster.docker] [UPLOAD] Pushed successfully: registry.talkschool.cn:5000/brinnatt/minio-operator:v7.1.1
[2026-07-17 00:06:54] [INFO] [service.cluster.registry] [REGISTRY]   -> Done: brinnatt/minio-operator:v7.1.1.
[2026-07-17 00:06:54] [INFO] [service.cluster.registry] [REGISTRY] [2/3] Image: brinnatt/minio-operator-sidecar:v7.0.1
[2026-07-17 00:06:54] [INFO] [service.cluster.registry] [REGISTRY]   -> Image exists locally; skipping pull.
[2026-07-17 00:06:54] [INFO] [service.cluster.registry] [REGISTRY]   -> Tagging and pushing to local registry.
[2026-07-17 00:06:54] [INFO] [service.cluster.docker] [UPLOAD] Pushing image: registry.talkschool.cn:5000/brinnatt/minio-operator-sidecar:v7.0.1
The push refers to repository [registry.talkschool.cn:5000/brinnatt/minio-operator-sidecar]
ce459ed15e6a: Layer already exists
efcc224b049e: Layer already exists
52ca9e313a1e: Layer already exists
a4b19bf887d7: Layer already exists
cecbdcbaf42f: Layer already exists
3073d8bf8034: Layer already exists
v7.0.1: digest: sha256:4c2f5d5396594af3012b9db066b548a887a132176133167d19bb290cc5396847 size: 1576
[2026-07-17 00:06:54] [INFO] [service.cluster.docker] [UPLOAD] Pushed successfully: registry.talkschool.cn:5000/brinnatt/minio-operator-sidecar:v7.0.1
[2026-07-17 00:06:54] [INFO] [service.cluster.registry] [REGISTRY]   -> Done: brinnatt/minio-operator-sidecar:v7.0.1.
[2026-07-17 00:06:54] [INFO] [service.cluster.registry] [REGISTRY] [3/3] Image: brinnatt/minio:RELEASE.2025-04-08T15-41-24Z
[2026-07-17 00:06:54] [INFO] [service.cluster.registry] [REGISTRY]   -> Image exists locally; skipping pull.
[2026-07-17 00:06:54] [INFO] [service.cluster.registry] [REGISTRY]   -> Tagging and pushing to local registry.
[2026-07-17 00:06:54] [INFO] [service.cluster.docker] [UPLOAD] Pushing image: registry.talkschool.cn:5000/brinnatt/minio:RELEASE.2025-04-08T15-41-24Z
The push refers to repository [registry.talkschool.cn:5000/brinnatt/minio]
a68b380b887b: Layer already exists
fb024c1bcc90: Layer already exists
9d8ba80ec174: Layer already exists
476692aa7e4f: Layer already exists
8c577d69454d: Layer already exists
546fbfcace65: Layer already exists
fdc61cbe6d7e: Layer already exists
d949f716ce77: Layer already exists
c0fb136fda0a: Layer already exists
7d182d4b9a27: Layer already exists
RELEASE.2025-04-08T15-41-24Z: digest: sha256:79f5beef4fe27220c1b55fe8d38a4dc88544870891b871bea6fe113b90256297 size: 2275
[2026-07-17 00:06:54] [INFO] [service.cluster.docker] [UPLOAD] Pushed successfully: registry.talkschool.cn:5000/brinnatt/minio:RELEASE.2025-04-08T15-41-24Z
[2026-07-17 00:06:54] [INFO] [service.cluster.registry] [REGISTRY]   -> Done: brinnatt/minio:RELEASE.2025-04-08T15-41-24Z.
[2026-07-17 00:06:54] [INFO] [service.cluster.registry] [REGISTRY] All 3 image(s) uploaded to local registry.
[2026-07-17 00:06:54] [INFO] [service.cluster.downloader] [DOWNLOAD] Component minio: 3 image(s) uploaded.
[2026-07-17 00:06:55] [INFO] [service.cluster.downloader] [DOWNLOAD] Cilium chart already present: /usr/local/kubeauto/roles/cilium/files/cilium-1.19.5.tgz
[2026-07-17 00:06:55] [INFO] [service.cluster.downloader] [DOWNLOAD] Cilium chart already present: /opt/kubeauto/roles/cilium/files/cilium-1.19.5.tgz
[2026-07-17 00:06:55] [INFO] [service.cluster.downloader] [DOWNLOAD] Component cilium: uploading 2 image(s) to local registry.
[2026-07-17 00:06:55] [WARNING] [service.cluster.registry] [REGISTRY] Local registry already running; skipping.
[2026-07-17 00:06:55] [INFO] [service.cluster.registry] [REGISTRY] Uploading 2 image(s) to local registry.
[2026-07-17 00:06:55] [INFO] [service.cluster.registry] [REGISTRY] [1/2] Image: brinnatt/cilium:v1.19.5
[2026-07-17 00:06:55] [INFO] [service.cluster.registry] [REGISTRY]   -> Image exists locally; skipping pull.
[2026-07-17 00:06:55] [INFO] [service.cluster.registry] [REGISTRY]   -> Tagging and pushing to local registry.
[2026-07-17 00:06:55] [INFO] [service.cluster.docker] [UPLOAD] Pushing image: registry.talkschool.cn:5000/brinnatt/cilium:v1.19.5
The push refers to repository [registry.talkschool.cn:5000/brinnatt/cilium]
d2874f470a40: Layer already exists
9d79503a1aca: Layer already exists
b3ee32f37bb9: Layer already exists
cbaa7878f179: Layer already exists
eb745753a388: Layer already exists
128f996d64d9: Layer already exists
v1.19.5: digest: sha256:0ed11ca6c0d02417588e14cd716571d7c4836d0bf93f5f49572cc03e3a64f938 size: 1491
[2026-07-17 00:06:55] [INFO] [service.cluster.docker] [UPLOAD] Pushed successfully: registry.talkschool.cn:5000/brinnatt/cilium:v1.19.5
[2026-07-17 00:06:55] [INFO] [service.cluster.registry] [REGISTRY]   -> Done: brinnatt/cilium:v1.19.5.
[2026-07-17 00:06:55] [INFO] [service.cluster.registry] [REGISTRY] [2/2] Image: brinnatt/cilium-operator-generic:v1.19.5
[2026-07-17 00:06:55] [INFO] [service.cluster.registry] [REGISTRY]   -> Image exists locally; skipping pull.
[2026-07-17 00:06:55] [INFO] [service.cluster.registry] [REGISTRY]   -> Tagging and pushing to local registry.
[2026-07-17 00:06:55] [INFO] [service.cluster.docker] [UPLOAD] Pushing image: registry.talkschool.cn:5000/brinnatt/cilium-operator-generic:v1.19.5
The push refers to repository [registry.talkschool.cn:5000/brinnatt/cilium-operator-generic]
1458643bb809: Layer already exists
b2742345cc8c: Layer already exists
13d6a44ac649: Layer already exists
8d1e56505821: Layer already exists
aa79f4dd9ad4: Layer already exists
v1.19.5: digest: sha256:68a56c4965677a77c143e83953aad7963b489d4333851c0da4c95a3edcadfd05 size: 1289
[2026-07-17 00:06:55] [INFO] [service.cluster.docker] [UPLOAD] Pushed successfully: registry.talkschool.cn:5000/brinnatt/cilium-operator-generic:v1.19.5
[2026-07-17 00:06:55] [INFO] [service.cluster.registry] [REGISTRY]   -> Done: brinnatt/cilium-operator-generic:v1.19.5.
[2026-07-17 00:06:55] [INFO] [service.cluster.registry] [REGISTRY] All 2 image(s) uploaded to local registry.
[2026-07-17 00:06:55] [INFO] [service.cluster.downloader] [DOWNLOAD] Component cilium: 2 image(s) uploaded.
[2026-07-17 00:06:55] [INFO] [service.cluster.downloader] [DOWNLOAD] Component cilium-hubble: uploading 3 image(s) to local registry.
[2026-07-17 00:06:55] [WARNING] [service.cluster.registry] [REGISTRY] Local registry already running; skipping.
[2026-07-17 00:06:55] [INFO] [service.cluster.registry] [REGISTRY] Uploading 3 image(s) to local registry.
[2026-07-17 00:06:55] [INFO] [service.cluster.registry] [REGISTRY] [1/3] Image: brinnatt/hubble-relay:v1.19.5
[2026-07-17 00:06:55] [INFO] [service.cluster.registry] [REGISTRY]   -> Image exists locally; skipping pull.
[2026-07-17 00:06:55] [INFO] [service.cluster.registry] [REGISTRY]   -> Tagging and pushing to local registry.
[2026-07-17 00:06:55] [INFO] [service.cluster.docker] [UPLOAD] Pushing image: registry.talkschool.cn:5000/brinnatt/hubble-relay:v1.19.5
The push refers to repository [registry.talkschool.cn:5000/brinnatt/hubble-relay]
c172f21841df: Layer already exists
52630fc75a18: Layer already exists
99515e7b4d35: Layer already exists
d6b1b89eccac: Layer already exists
99ba982a9142: Layer already exists
c821fad95ece: Layer already exists
bcf16c1934ee: Layer already exists
ebddc55facdc: Layer already exists
47de5dd0b812: Layer already exists
bdfd7f7e5bf6: Layer already exists
dd64bf2dd177: Layer already exists
b839dfae01f6: Layer already exists
b214a4d93fd6: Layer already exists
2780920e5dbf: Layer already exists
3214acf345c0: Layer already exists
7c12895b777b: Layer already exists
d5c947a3189a: Layer already exists
v1.19.5: digest: sha256:3df8ea5ff8081f06568f9ec5c82ff2a46dc8b4c8084d410bb134d644df54d5d5 size: 3627
[2026-07-17 00:06:55] [INFO] [service.cluster.docker] [UPLOAD] Pushed successfully: registry.talkschool.cn:5000/brinnatt/hubble-relay:v1.19.5
[2026-07-17 00:06:55] [INFO] [service.cluster.registry] [REGISTRY]   -> Done: brinnatt/hubble-relay:v1.19.5.
[2026-07-17 00:06:55] [INFO] [service.cluster.registry] [REGISTRY] [2/3] Image: brinnatt/hubble-ui-backend:v0.13.5
[2026-07-17 00:06:55] [INFO] [service.cluster.registry] [REGISTRY]   -> Image exists locally; skipping pull.
[2026-07-17 00:06:55] [INFO] [service.cluster.registry] [REGISTRY]   -> Tagging and pushing to local registry.
[2026-07-17 00:06:55] [INFO] [service.cluster.docker] [UPLOAD] Pushing image: registry.talkschool.cn:5000/brinnatt/hubble-ui-backend:v0.13.5
The push refers to repository [registry.talkschool.cn:5000/brinnatt/hubble-ui-backend]
2780920e5dbf: Layer already exists
b4e6f1bfce0a: Layer already exists
7c12895b777b: Layer already exists
b4242723c53f: Layer already exists
b839dfae01f6: Layer already exists
52630fc75a18: Layer already exists
dd64bf2dd177: Layer already exists
ebddc55facdc: Layer already exists
bdfd7f7e5bf6: Layer already exists
faf740e5790d: Layer already exists
fa8ae93e2b3a: Layer already exists
c172f21841df: Layer already exists
3214acf345c0: Layer already exists
d6b1b89eccac: Layer already exists
v0.13.5: digest: sha256:55c340fa9103ef96088319450426020032b4c33cb710a477496774c0269e4c2c size: 3039
[2026-07-17 00:06:55] [INFO] [service.cluster.docker] [UPLOAD] Pushed successfully: registry.talkschool.cn:5000/brinnatt/hubble-ui-backend:v0.13.5
[2026-07-17 00:06:55] [INFO] [service.cluster.registry] [REGISTRY]   -> Done: brinnatt/hubble-ui-backend:v0.13.5.
[2026-07-17 00:06:55] [INFO] [service.cluster.registry] [REGISTRY] [3/3] Image: brinnatt/hubble-ui:v0.13.5
[2026-07-17 00:06:56] [INFO] [service.cluster.registry] [REGISTRY]   -> Image exists locally; skipping pull.
[2026-07-17 00:06:56] [INFO] [service.cluster.registry] [REGISTRY]   -> Tagging and pushing to local registry.
[2026-07-17 00:06:56] [INFO] [service.cluster.docker] [UPLOAD] Pushing image: registry.talkschool.cn:5000/brinnatt/hubble-ui:v0.13.5
The push refers to repository [registry.talkschool.cn:5000/brinnatt/hubble-ui]
589002ba0eae: Layer already exists
7ac175d2fffc: Layer already exists
d7c9a2c279bf: Layer already exists
83cdfcf8548b: Layer already exists
1a279672d13d: Layer already exists
ff4835382279: Layer already exists
e2f91b65fc28: Layer already exists
74079e78211b: Layer already exists
0f1220aa81ea: Layer already exists
0e74b5e3a6dd: Layer already exists
v0.13.5: digest: sha256:408e0a5f8071390de674013990c4a3adfbf6b1de6a4a29d555ea8e6745569c23 size: 2263
[2026-07-17 00:06:56] [INFO] [service.cluster.docker] [UPLOAD] Pushed successfully: registry.talkschool.cn:5000/brinnatt/hubble-ui:v0.13.5
[2026-07-17 00:06:56] [INFO] [service.cluster.registry] [REGISTRY]   -> Done: brinnatt/hubble-ui:v0.13.5.
[2026-07-17 00:06:56] [INFO] [service.cluster.registry] [REGISTRY] All 3 image(s) uploaded to local registry.
[2026-07-17 00:06:56] [INFO] [service.cluster.downloader] [DOWNLOAD] Component cilium-hubble: 3 image(s) uploaded.
[2026-07-17 00:06:56] [INFO] [service.cluster.downloader] [DOWNLOAD] Component dashboard: uploading 5 image(s) to local registry.
[2026-07-17 00:06:56] [WARNING] [service.cluster.registry] [REGISTRY] Local registry already running; skipping.
[2026-07-17 00:06:56] [INFO] [service.cluster.registry] [REGISTRY] Uploading 5 image(s) to local registry.
[2026-07-17 00:06:56] [INFO] [service.cluster.registry] [REGISTRY] [1/5] Image: brinnatt/dashboard-api:1.14.0
[2026-07-17 00:06:56] [INFO] [service.cluster.registry] [REGISTRY]   -> Image exists locally; skipping pull.
[2026-07-17 00:06:56] [INFO] [service.cluster.registry] [REGISTRY]   -> Tagging and pushing to local registry.
[2026-07-17 00:06:56] [INFO] [service.cluster.docker] [UPLOAD] Pushing image: registry.talkschool.cn:5000/brinnatt/dashboard-api:1.14.0
The push refers to repository [registry.talkschool.cn:5000/brinnatt/dashboard-api]
979ee4442ee9: Layer already exists
161fcab1b4fb: Layer already exists
a89bd4258ff3: Layer already exists
1.14.0: digest: sha256:2bd14c0ffee99d15fb1595644ebd1083ac32c5157c6e6fd8615b0f556a1390c2 size: 858
[2026-07-17 00:06:56] [INFO] [service.cluster.docker] [UPLOAD] Pushed successfully: registry.talkschool.cn:5000/brinnatt/dashboard-api:1.14.0
[2026-07-17 00:06:56] [INFO] [service.cluster.registry] [REGISTRY]   -> Done: brinnatt/dashboard-api:1.14.0.
[2026-07-17 00:06:56] [INFO] [service.cluster.registry] [REGISTRY] [2/5] Image: brinnatt/dashboard-auth:1.4.0
[2026-07-17 00:06:56] [INFO] [service.cluster.registry] [REGISTRY]   -> Image exists locally; skipping pull.
[2026-07-17 00:06:56] [INFO] [service.cluster.registry] [REGISTRY]   -> Tagging and pushing to local registry.
[2026-07-17 00:06:56] [INFO] [service.cluster.docker] [UPLOAD] Pushing image: registry.talkschool.cn:5000/brinnatt/dashboard-auth:1.4.0
The push refers to repository [registry.talkschool.cn:5000/brinnatt/dashboard-auth]
995e220fe40c: Layer already exists
93faaffa8560: Layer already exists
da088272a22a: Layer already exists
1.4.0: digest: sha256:484c65877a3aa9e7095745576e55310f09f135b2fe5d9694289352fe65986052 size: 858
[2026-07-17 00:06:56] [INFO] [service.cluster.docker] [UPLOAD] Pushed successfully: registry.talkschool.cn:5000/brinnatt/dashboard-auth:1.4.0
[2026-07-17 00:06:56] [INFO] [service.cluster.registry] [REGISTRY]   -> Done: brinnatt/dashboard-auth:1.4.0.
[2026-07-17 00:06:56] [INFO] [service.cluster.registry] [REGISTRY] [3/5] Image: brinnatt/dashboard-metrics-scraper:1.2.2
[2026-07-17 00:06:56] [INFO] [service.cluster.registry] [REGISTRY]   -> Image exists locally; skipping pull.
[2026-07-17 00:06:56] [INFO] [service.cluster.registry] [REGISTRY]   -> Tagging and pushing to local registry.
[2026-07-17 00:06:56] [INFO] [service.cluster.docker] [UPLOAD] Pushing image: registry.talkschool.cn:5000/brinnatt/dashboard-metrics-scraper:1.2.2
The push refers to repository [registry.talkschool.cn:5000/brinnatt/dashboard-metrics-scraper]
4bfb1c5f5213: Layer already exists
c9b27bd2c132: Layer already exists
d3a59e3d645e: Layer already exists
1.2.2: digest: sha256:0cdefa0492f2868b93f43880ffad4bd8ae8105c02dc5661352a0a40723b05dbc size: 858
[2026-07-17 00:06:56] [INFO] [service.cluster.docker] [UPLOAD] Pushed successfully: registry.talkschool.cn:5000/brinnatt/dashboard-metrics-scraper:1.2.2
[2026-07-17 00:06:56] [INFO] [service.cluster.registry] [REGISTRY]   -> Done: brinnatt/dashboard-metrics-scraper:1.2.2.
[2026-07-17 00:06:56] [INFO] [service.cluster.registry] [REGISTRY] [4/5] Image: brinnatt/dashboard-web:1.7.0
[2026-07-17 00:06:56] [INFO] [service.cluster.registry] [REGISTRY]   -> Image exists locally; skipping pull.
[2026-07-17 00:06:56] [INFO] [service.cluster.registry] [REGISTRY]   -> Tagging and pushing to local registry.
[2026-07-17 00:06:56] [INFO] [service.cluster.docker] [UPLOAD] Pushing image: registry.talkschool.cn:5000/brinnatt/dashboard-web:1.7.0
The push refers to repository [registry.talkschool.cn:5000/brinnatt/dashboard-web]
fcf244073548: Layer already exists
7d92209f6482: Layer already exists
0df42705e6db: Layer already exists
9cf341babd6d: Layer already exists
ac9d6367ac55: Layer already exists
59e0aefd9ab2: Layer already exists
1.7.0: digest: sha256:5924e55a2eb65774b68e35fd0d0b41a3ef5dc6ef3e02dce6e340cf59b6d67d30 size: 1426
[2026-07-17 00:06:56] [INFO] [service.cluster.docker] [UPLOAD] Pushed successfully: registry.talkschool.cn:5000/brinnatt/dashboard-web:1.7.0
[2026-07-17 00:06:56] [INFO] [service.cluster.registry] [REGISTRY]   -> Done: brinnatt/dashboard-web:1.7.0.
[2026-07-17 00:06:56] [INFO] [service.cluster.registry] [REGISTRY] [5/5] Image: brinnatt/kong:3.9
[2026-07-17 00:06:56] [INFO] [service.cluster.registry] [REGISTRY]   -> Image exists locally; skipping pull.
[2026-07-17 00:06:56] [INFO] [service.cluster.registry] [REGISTRY]   -> Tagging and pushing to local registry.
[2026-07-17 00:06:56] [INFO] [service.cluster.docker] [UPLOAD] Pushing image: registry.talkschool.cn:5000/brinnatt/kong:3.9
The push refers to repository [registry.talkschool.cn:5000/brinnatt/kong]
20b9f3c8656b: Layer already exists
ca2678b20700: Layer already exists
7dde147da0d9: Layer already exists
39a35fd25d80: Layer already exists
3.9: digest: sha256:9cb202032ceec57f7f170e9bcc4e60f9231ea815492451ea60008e684c3d01b1 size: 1713
[2026-07-17 00:06:56] [INFO] [service.cluster.docker] [UPLOAD] Pushed successfully: registry.talkschool.cn:5000/brinnatt/kong:3.9
[2026-07-17 00:06:56] [INFO] [service.cluster.registry] [REGISTRY]   -> Done: brinnatt/kong:3.9.
[2026-07-17 00:06:56] [INFO] [service.cluster.registry] [REGISTRY] All 5 image(s) uploaded to local registry.
[2026-07-17 00:06:56] [INFO] [service.cluster.downloader] [DOWNLOAD] Component dashboard: 5 image(s) uploaded.
[2026-07-17 00:06:57] [INFO] [service.cluster.downloader] [DOWNLOAD] Component prometheus: uploading 9 image(s) to local registry.
[2026-07-17 00:06:57] [WARNING] [service.cluster.registry] [REGISTRY] Local registry already running; skipping.
[2026-07-17 00:06:57] [INFO] [service.cluster.registry] [REGISTRY] Uploading 9 image(s) to local registry.
[2026-07-17 00:06:57] [INFO] [service.cluster.registry] [REGISTRY] [1/9] Image: brinnatt/kube-state-metrics:v2.16.0
[2026-07-17 00:06:57] [INFO] [service.cluster.registry] [REGISTRY]   -> Image exists locally; skipping pull.
[2026-07-17 00:06:57] [INFO] [service.cluster.registry] [REGISTRY]   -> Tagging and pushing to local registry.
[2026-07-17 00:06:57] [INFO] [service.cluster.docker] [UPLOAD] Pushing image: registry.talkschool.cn:5000/brinnatt/kube-state-metrics:v2.16.0
The push refers to repository [registry.talkschool.cn:5000/brinnatt/kube-state-metrics]
4a9e6ef411a5: Layer already exists
a62778643d56: Layer already exists
0bab15eea81d: Layer already exists
7c12895b777b: Layer already exists
3214acf345c0: Layer already exists
da7816fa955e: Layer already exists
5664b15f108b: Layer already exists
35d697fe2738: Layer already exists
bfb59b82a9b6: Layer already exists
4eff9a62d888: Layer already exists
4aa0ea1413d3: Layer already exists
ddf74a63f7d8: Layer already exists
v2.16.0: digest: sha256:41c177e5e196375b7ded5f70de2dcbd8bab631577cfa887fda4f06ec7fc616c5 size: 2559
[2026-07-17 00:06:57] [INFO] [service.cluster.docker] [UPLOAD] Pushed successfully: registry.talkschool.cn:5000/brinnatt/kube-state-metrics:v2.16.0
[2026-07-17 00:06:57] [INFO] [service.cluster.registry] [REGISTRY]   -> Done: brinnatt/kube-state-metrics:v2.16.0.
[2026-07-17 00:06:57] [INFO] [service.cluster.registry] [REGISTRY] [2/9] Image: brinnatt/kube-webhook-certgen:v1.6.0
[2026-07-17 00:06:57] [INFO] [service.cluster.registry] [REGISTRY]   -> Image exists locally; skipping pull.
[2026-07-17 00:06:57] [INFO] [service.cluster.registry] [REGISTRY]   -> Tagging and pushing to local registry.
[2026-07-17 00:06:57] [INFO] [service.cluster.docker] [UPLOAD] Pushing image: registry.talkschool.cn:5000/brinnatt/kube-webhook-certgen:v1.6.0
The push refers to repository [registry.talkschool.cn:5000/brinnatt/kube-webhook-certgen]
4aa0ea1413d3: Layer already exists
3214acf345c0: Layer already exists
5664b15f108b: Layer already exists
da7816fa955e: Layer already exists
a62778643d56: Layer already exists
26abf4975087: Layer already exists
0bab15eea81d: Layer already exists
7c12895b777b: Layer already exists
ddf74a63f7d8: Layer already exists
bfb59b82a9b6: Layer already exists
4eff9a62d888: Layer already exists
35d697fe2738: Layer already exists
v1.6.0: digest: sha256:34a1f73cb6b774bf88665f6b9f6ab5da58d989a4a6f92e890c82e0fb97183306 size: 2559
[2026-07-17 00:06:57] [INFO] [service.cluster.docker] [UPLOAD] Pushed successfully: registry.talkschool.cn:5000/brinnatt/kube-webhook-certgen:v1.6.0
[2026-07-17 00:06:57] [INFO] [service.cluster.registry] [REGISTRY]   -> Done: brinnatt/kube-webhook-certgen:v1.6.0.
[2026-07-17 00:06:57] [INFO] [service.cluster.registry] [REGISTRY] [3/9] Image: brinnatt/grafana:12.0.2
[2026-07-17 00:06:57] [INFO] [service.cluster.registry] [REGISTRY]   -> Image exists locally; skipping pull.
[2026-07-17 00:06:57] [INFO] [service.cluster.registry] [REGISTRY]   -> Tagging and pushing to local registry.
[2026-07-17 00:06:57] [INFO] [service.cluster.docker] [UPLOAD] Pushing image: registry.talkschool.cn:5000/brinnatt/grafana:12.0.2
The push refers to repository [registry.talkschool.cn:5000/brinnatt/grafana]
538deb30e80c: Layer already exists
4a4d0948b0bf: Layer already exists
f18232174bc9: Layer already exists
9183b65e90ee: Layer already exists
7009d5001b77: Layer already exists
04f6155c873d: Layer already exists
807a2e881ecd: Layer already exists
3f8d5c908dcc: Layer already exists
30bb92ff0608: Layer already exists
85dde7dceb0a: Layer already exists
12.0.2: digest: sha256:fe89b739a264c78f2111d68221a1d51db67135ec50885dc93b59a981a7a5d4d5 size: 2417
[2026-07-17 00:06:57] [INFO] [service.cluster.docker] [UPLOAD] Pushed successfully: registry.talkschool.cn:5000/brinnatt/grafana:12.0.2
[2026-07-17 00:06:57] [INFO] [service.cluster.registry] [REGISTRY]   -> Done: brinnatt/grafana:12.0.2.
[2026-07-17 00:06:57] [INFO] [service.cluster.registry] [REGISTRY] [4/9] Image: brinnatt/k8s-sidecar:1.30.5
[2026-07-17 00:06:57] [INFO] [service.cluster.registry] [REGISTRY]   -> Image exists locally; skipping pull.
[2026-07-17 00:06:57] [INFO] [service.cluster.registry] [REGISTRY]   -> Tagging and pushing to local registry.
[2026-07-17 00:06:57] [INFO] [service.cluster.docker] [UPLOAD] Pushing image: registry.talkschool.cn:5000/brinnatt/k8s-sidecar:1.30.5
The push refers to repository [registry.talkschool.cn:5000/brinnatt/k8s-sidecar]
84470aa48fb7: Layer already exists
cc45a8055a8b: Layer already exists
bfc934c9fbaf: Layer already exists
b83c0d8b8ec1: Layer already exists
6886907de79c: Layer already exists
f18232174bc9: Layer already exists
1.30.5: digest: sha256:b67b51f394c7ae336aa2fcd624e343dbea6e3f2073081e267d50c82d512c5762 size: 1432
[2026-07-17 00:06:57] [INFO] [service.cluster.docker] [UPLOAD] Pushed successfully: registry.talkschool.cn:5000/brinnatt/k8s-sidecar:1.30.5
[2026-07-17 00:06:57] [INFO] [service.cluster.registry] [REGISTRY]   -> Done: brinnatt/k8s-sidecar:1.30.5.
[2026-07-17 00:06:57] [INFO] [service.cluster.registry] [REGISTRY] [5/9] Image: brinnatt/prometheus-config-reloader:v0.83.0
[2026-07-17 00:06:57] [INFO] [service.cluster.registry] [REGISTRY]   -> Image exists locally; skipping pull.
[2026-07-17 00:06:57] [INFO] [service.cluster.registry] [REGISTRY]   -> Tagging and pushing to local registry.
[2026-07-17 00:06:57] [INFO] [service.cluster.docker] [UPLOAD] Pushing image: registry.talkschool.cn:5000/brinnatt/prometheus-config-reloader:v0.83.0
The push refers to repository [registry.talkschool.cn:5000/brinnatt/prometheus-config-reloader]
47b9a888258b: Layer already exists
1617e25568b2: Layer already exists
9fa9226be034: Layer already exists
v0.83.0: digest: sha256:76fa11618538bd3bb1ca58c80fea54aaea1af05bacef2a830df36138589f8243 size: 949
[2026-07-17 00:06:57] [INFO] [service.cluster.docker] [UPLOAD] Pushed successfully: registry.talkschool.cn:5000/brinnatt/prometheus-config-reloader:v0.83.0
[2026-07-17 00:06:57] [INFO] [service.cluster.registry] [REGISTRY]   -> Done: brinnatt/prometheus-config-reloader:v0.83.0.
[2026-07-17 00:06:57] [INFO] [service.cluster.registry] [REGISTRY] [6/9] Image: brinnatt/prometheus-operator:v0.83.0
[2026-07-17 00:06:57] [INFO] [service.cluster.registry] [REGISTRY]   -> Image exists locally; skipping pull.
[2026-07-17 00:06:57] [INFO] [service.cluster.registry] [REGISTRY]   -> Tagging and pushing to local registry.
[2026-07-17 00:06:57] [INFO] [service.cluster.docker] [UPLOAD] Pushing image: registry.talkschool.cn:5000/brinnatt/prometheus-operator:v0.83.0
The push refers to repository [registry.talkschool.cn:5000/brinnatt/prometheus-operator]
fa4e7c59a0d4: Layer already exists
9fa9226be034: Layer already exists
1617e25568b2: Layer already exists
v0.83.0: digest: sha256:45e3523bc3be67499af00b3a1528b1b94d8261c1a67c6d51473d6e4607a02a6c size: 949
[2026-07-17 00:06:57] [INFO] [service.cluster.docker] [UPLOAD] Pushed successfully: registry.talkschool.cn:5000/brinnatt/prometheus-operator:v0.83.0
[2026-07-17 00:06:57] [INFO] [service.cluster.registry] [REGISTRY]   -> Done: brinnatt/prometheus-operator:v0.83.0.
[2026-07-17 00:06:57] [INFO] [service.cluster.registry] [REGISTRY] [7/9] Image: brinnatt/alertmanager:v0.28.1
[2026-07-17 00:06:57] [INFO] [service.cluster.registry] [REGISTRY]   -> Image exists locally; skipping pull.
[2026-07-17 00:06:57] [INFO] [service.cluster.registry] [REGISTRY]   -> Tagging and pushing to local registry.
[2026-07-17 00:06:58] [INFO] [service.cluster.docker] [UPLOAD] Pushing image: registry.talkschool.cn:5000/brinnatt/alertmanager:v0.28.1
The push refers to repository [registry.talkschool.cn:5000/brinnatt/alertmanager]
5759234535c5: Layer already exists
4f4fb700ef54: Layer already exists
545c14a5a415: Layer already exists
6fcbfeb5877c: Layer already exists
a9c7f41169bf: Layer already exists
9fa9226be034: Layer already exists
1617e25568b2: Layer already exists
v0.28.1: digest: sha256:220da6995a919b9ee6e0d3da7ca5f09802f3088007af56be22160314d2485b54 size: 1781
[2026-07-17 00:06:58] [INFO] [service.cluster.docker] [UPLOAD] Pushed successfully: registry.talkschool.cn:5000/brinnatt/alertmanager:v0.28.1
[2026-07-17 00:06:58] [INFO] [service.cluster.registry] [REGISTRY]   -> Done: brinnatt/alertmanager:v0.28.1.
[2026-07-17 00:06:58] [INFO] [service.cluster.registry] [REGISTRY] [8/9] Image: brinnatt/node-exporter:v1.9.1
[2026-07-17 00:06:58] [INFO] [service.cluster.registry] [REGISTRY]   -> Image exists locally; skipping pull.
[2026-07-17 00:06:58] [INFO] [service.cluster.registry] [REGISTRY]   -> Tagging and pushing to local registry.
[2026-07-17 00:06:58] [INFO] [service.cluster.docker] [UPLOAD] Pushing image: registry.talkschool.cn:5000/brinnatt/node-exporter:v1.9.1
The push refers to repository [registry.talkschool.cn:5000/brinnatt/node-exporter]
c6e37428e3b3: Layer already exists
9fa9226be034: Layer already exists
1617e25568b2: Layer already exists
v1.9.1: digest: sha256:863b62ff9f392b6f472e22b4b670ad1cabb66b3042502ebd4b2cd192733e1bce size: 949
[2026-07-17 00:06:58] [INFO] [service.cluster.docker] [UPLOAD] Pushed successfully: registry.talkschool.cn:5000/brinnatt/node-exporter:v1.9.1
[2026-07-17 00:06:58] [INFO] [service.cluster.registry] [REGISTRY]   -> Done: brinnatt/node-exporter:v1.9.1.
[2026-07-17 00:06:58] [INFO] [service.cluster.registry] [REGISTRY] [9/9] Image: brinnatt/prometheus:v3.4.2
[2026-07-17 00:06:58] [INFO] [service.cluster.registry] [REGISTRY]   -> Image exists locally; skipping pull.
[2026-07-17 00:06:58] [INFO] [service.cluster.registry] [REGISTRY]   -> Tagging and pushing to local registry.
[2026-07-17 00:06:58] [INFO] [service.cluster.docker] [UPLOAD] Pushing image: registry.talkschool.cn:5000/brinnatt/prometheus:v3.4.2
The push refers to repository [registry.talkschool.cn:5000/brinnatt/prometheus]
4d90f494fa79: Layer already exists
158b50c376bf: Layer already exists
d8261d2395d6: Layer already exists
7bde2424dadc: Layer already exists
f1456f6dac0f: Layer already exists
9fa9226be034: Layer already exists
d809dcb8449d: Layer already exists
1617e25568b2: Layer already exists
ab5dc859c1b7: Layer already exists
0185f950e16a: Layer already exists
v3.4.2: digest: sha256:2c937b95147c9aaf349447df2ba88066977461815e2c6c91e4011d05871ca2ac size: 2407
[2026-07-17 00:06:58] [INFO] [service.cluster.docker] [UPLOAD] Pushed successfully: registry.talkschool.cn:5000/brinnatt/prometheus:v3.4.2
[2026-07-17 00:06:58] [INFO] [service.cluster.registry] [REGISTRY]   -> Done: brinnatt/prometheus:v3.4.2.
[2026-07-17 00:06:58] [INFO] [service.cluster.registry] [REGISTRY] All 9 image(s) uploaded to local registry.
[2026-07-17 00:06:58] [INFO] [service.cluster.downloader] [DOWNLOAD] Component prometheus: 9 image(s) uploaded.
[2026-07-17 00:06:58] [INFO] [service.cluster.downloader] [DOWNLOAD] Component ingress-nginx: uploading 2 image(s) to local registry.
[2026-07-17 00:06:58] [WARNING] [service.cluster.registry] [REGISTRY] Local registry already running; skipping.
[2026-07-17 00:06:58] [INFO] [service.cluster.registry] [REGISTRY] Uploading 2 image(s) to local registry.
[2026-07-17 00:06:58] [INFO] [service.cluster.registry] [REGISTRY] [1/2] Image: brinnatt/ingress-nginx-controller:v1.13.0
[2026-07-17 00:06:58] [INFO] [service.cluster.registry] [REGISTRY]   -> Image exists locally; skipping pull.
[2026-07-17 00:06:58] [INFO] [service.cluster.registry] [REGISTRY]   -> Tagging and pushing to local registry.
[2026-07-17 00:06:58] [INFO] [service.cluster.docker] [UPLOAD] Pushing image: registry.talkschool.cn:5000/brinnatt/ingress-nginx-controller:v1.13.0
The push refers to repository [registry.talkschool.cn:5000/brinnatt/ingress-nginx-controller]
fe07684b16b8: Layer already exists
d545398b05ca: Layer already exists
40a4d6e5f956: Layer already exists
1bc4a1a64c13: Layer already exists
5fff234cea05: Layer already exists
38225cdca9ae: Layer already exists
343e8ebaacc6: Layer already exists
4f4fb700ef54: Layer already exists
a49e44849945: Layer already exists
d0bf9173b39f: Layer already exists
eb0bce10586c: Layer already exists
69ab8b455ef3: Layer already exists
89219ac6a07a: Layer already exists
e2bae788857d: Layer already exists
aaae1dcb40f7: Layer already exists
v1.13.0: digest: sha256:847e9d07496a0585933c40afdfe3a6125766f8f2479ca5156de8ba18c72ce05a size: 3154
[2026-07-17 00:06:58] [INFO] [service.cluster.docker] [UPLOAD] Pushed successfully: registry.talkschool.cn:5000/brinnatt/ingress-nginx-controller:v1.13.0
[2026-07-17 00:06:58] [INFO] [service.cluster.registry] [REGISTRY]   -> Done: brinnatt/ingress-nginx-controller:v1.13.0.
[2026-07-17 00:06:58] [INFO] [service.cluster.registry] [REGISTRY] [2/2] Image: brinnatt/kube-webhook-certgen:v1.6.0
[2026-07-17 00:06:58] [INFO] [service.cluster.registry] [REGISTRY]   -> Image exists locally; skipping pull.
[2026-07-17 00:06:58] [INFO] [service.cluster.registry] [REGISTRY]   -> Tagging and pushing to local registry.
[2026-07-17 00:06:58] [INFO] [service.cluster.docker] [UPLOAD] Pushing image: registry.talkschool.cn:5000/brinnatt/kube-webhook-certgen:v1.6.0
The push refers to repository [registry.talkschool.cn:5000/brinnatt/kube-webhook-certgen]
26abf4975087: Layer already exists
7c12895b777b: Layer already exists
0bab15eea81d: Layer already exists
5664b15f108b: Layer already exists
a62778643d56: Layer already exists
ddf74a63f7d8: Layer already exists
35d697fe2738: Layer already exists
3214acf345c0: Layer already exists
bfb59b82a9b6: Layer already exists
4eff9a62d888: Layer already exists
4aa0ea1413d3: Layer already exists
da7816fa955e: Layer already exists
v1.6.0: digest: sha256:34a1f73cb6b774bf88665f6b9f6ab5da58d989a4a6f92e890c82e0fb97183306 size: 2559
[2026-07-17 00:06:59] [INFO] [service.cluster.docker] [UPLOAD] Pushed successfully: registry.talkschool.cn:5000/brinnatt/kube-webhook-certgen:v1.6.0
[2026-07-17 00:06:59] [INFO] [service.cluster.registry] [REGISTRY]   -> Done: brinnatt/kube-webhook-certgen:v1.6.0.
[2026-07-17 00:06:59] [INFO] [service.cluster.registry] [REGISTRY] All 2 image(s) uploaded to local registry.
[2026-07-17 00:06:59] [INFO] [service.cluster.downloader] [DOWNLOAD] Component ingress-nginx: 2 image(s) uploaded.
[2026-07-17 00:06:59] [INFO] [service.cluster.downloader] [DOWNLOAD] Component network-check: uploading 2 image(s) to local registry.
[2026-07-17 00:06:59] [WARNING] [service.cluster.registry] [REGISTRY] Local registry already running; skipping.
[2026-07-17 00:06:59] [INFO] [service.cluster.registry] [REGISTRY] Uploading 2 image(s) to local registry.
[2026-07-17 00:06:59] [INFO] [service.cluster.registry] [REGISTRY] [1/2] Image: brinnatt/json-mock:v1.3.0
[2026-07-17 00:06:59] [INFO] [service.cluster.registry] [REGISTRY]   -> Image exists locally; skipping pull.
[2026-07-17 00:06:59] [INFO] [service.cluster.registry] [REGISTRY]   -> Tagging and pushing to local registry.
[2026-07-17 00:06:59] [INFO] [service.cluster.docker] [UPLOAD] Pushing image: registry.talkschool.cn:5000/brinnatt/json-mock:v1.3.0
The push refers to repository [registry.talkschool.cn:5000/brinnatt/json-mock]
acccdbe681a8: Layer already exists
3ff9b6766882: Layer already exists
0848f0866187: Layer already exists
a563244f6661: Layer already exists
7cdf3f03665b: Layer already exists
bd159e379b3b: Layer already exists
154e3758048b: Layer already exists
v1.3.0: digest: sha256:282bfd7d1709c6c08f9a44db9e04fe7f0be9147f880b8f2a01a21a6f0e673586 size: 1625
[2026-07-17 00:06:59] [INFO] [service.cluster.docker] [UPLOAD] Pushed successfully: registry.talkschool.cn:5000/brinnatt/json-mock:v1.3.0
[2026-07-17 00:06:59] [INFO] [service.cluster.registry] [REGISTRY]   -> Done: brinnatt/json-mock:v1.3.0.
[2026-07-17 00:06:59] [INFO] [service.cluster.registry] [REGISTRY] [2/2] Image: brinnatt/alpine-curl:v7.85.0
[2026-07-17 00:06:59] [INFO] [service.cluster.registry] [REGISTRY]   -> Image exists locally; skipping pull.
[2026-07-17 00:06:59] [INFO] [service.cluster.registry] [REGISTRY]   -> Tagging and pushing to local registry.
[2026-07-17 00:06:59] [INFO] [service.cluster.docker] [UPLOAD] Pushing image: registry.talkschool.cn:5000/brinnatt/alpine-curl:v7.85.0
The push refers to repository [registry.talkschool.cn:5000/brinnatt/alpine-curl]
505a4470f1d8: Layer already exists
1b7ca6aea1dd: Layer already exists
ce313c0d90c0: Layer already exists
v7.85.0: digest: sha256:b79b171cc1640981afcc42606950c157505380d0dcf791a4a2318c23cd6cdd49 size: 861
[2026-07-17 00:06:59] [INFO] [service.cluster.docker] [UPLOAD] Pushed successfully: registry.talkschool.cn:5000/brinnatt/alpine-curl:v7.85.0
[2026-07-17 00:06:59] [INFO] [service.cluster.registry] [REGISTRY]   -> Done: brinnatt/alpine-curl:v7.85.0.
[2026-07-17 00:06:59] [INFO] [service.cluster.registry] [REGISTRY] All 2 image(s) uploaded to local registry.
[2026-07-17 00:06:59] [INFO] [service.cluster.downloader] [DOWNLOAD] Component network-check: 2 image(s) uploaded.

========== P1-Rocky G8b on test141 (before occupying 133) ==========
[2026-07-17 00:07:00] [INFO] [service.cluster.manager] Current kubeconfig set to cluster test141.
[info] no spare disk; creating 15G loop-backed VG vg_k8s at /var/lib/kubeauto-lvm/vg_k8s.img
Last metadata expiration check: 1:11:24 ago on Thu 16 Jul 2026 10:55:35 PM CST.
Package lvm2-8:2.03.14-15.el8_10.3.x86_64 is already installed.
Dependencies resolved.
Nothing to do.
Complete!
  Physical volume "/dev/loop0" successfully created.
  Volume group "vg_k8s" successfully created
  VG     #PV #LV #SN Attr   VSize   VFree  
  vg_k8s   1   0   0 wz--n- <15.00g <15.00g
[ok] loop VG ready on /dev/loop0
namespace "openebs" deleted
[2026-07-17 00:07:09] [INFO] [service.cluster.manager] Ansible Python policy (ansible-core 2.17): control node Python >=3.10, target module runtime Python >=3.9
[2026-07-17 00:07:09] [INFO] [service.cluster.manager] Setting up cluster with playbook 07.cluster-addon.yml.
[2026-07-17 00:07:09] [INFO] [service.cluster.manager] Component versions (kubernetes / etcd / network):
[2026-07-17 00:07:09] [INFO] [service.cluster.manager]   kubernetes: v1.33.6, etcd: v3.6.4, calico: v3.28.4

PLAY [localhost] ***************************************************************

TASK [Gathering Facts] *********************************************************
ok: [localhost]

TASK [cluster-addon : 获取所有已经创建的POD信息] *******************************
changed: [localhost]

TASK [cluster-addon : 准备 DNS的部署文件] **************************************
skipping: [localhost]

TASK [cluster-addon : 删除coredns部署] *****************************************
skipping: [localhost]

TASK [cluster-addon : 创建coredns部署] *****************************************
skipping: [localhost]

TASK [cluster-addon : 准备dnscache的部署文件] **********************************
skipping: [localhost]

TASK [cluster-addon : 准备dnscache的部署文件] **********************************
skipping: [localhost]

TASK [cluster-addon : 删除dnscache部署] ****************************************
skipping: [localhost]

TASK [cluster-addon : 创建dnscache部署] ****************************************
skipping: [localhost]

TASK [cluster-addon : 准备 metrics-server的部署文件] ***************************
skipping: [localhost]

TASK [cluster-addon : 删除 metrics-server部署] *********************************
skipping: [localhost]

TASK [cluster-addon : 创建 metrics-server部署] *********************************
skipping: [localhost]

TASK [cluster-addon : prepare some dirs] ***************************************
skipping: [localhost]

TASK [cluster-addon : 准备 dashboard的部署文件] ********************************
skipping: [localhost] => (item=dashboard-values.yaml) 
skipping: [localhost] => (item=admin-user-sa-rbac.yaml) 
skipping: [localhost] => (item=read-user-sa-rbac.yaml) 
skipping: [localhost]

TASK [cluster-addon : 创建 dashboard部署] **************************************
skipping: [localhost]

TASK [cluster-addon : 创建用户admin,read] **************************************
skipping: [localhost]

TASK [cluster-addon : 准备 local-storage 配置目录] *****************************
skipping: [localhost]

TASK [cluster-addon : 准备 local-storage部署文件] ******************************
skipping: [localhost] => (item=local-path-storage.yaml) 
skipping: [localhost] => (item=test-pod.yaml) 
skipping: [localhost]

TASK [cluster-addon : 创建 local-storage部署] **********************************
skipping: [localhost]

TASK [cluster-addon : 准备 nfs-provisioner 配置目录] ***************************
skipping: [localhost]

TASK [cluster-addon : 准备 nfs-provisioner部署文件] ****************************
skipping: [localhost] => (item=nfs-provisioner.yaml) 
skipping: [localhost] => (item=test-pod.yaml) 
skipping: [localhost]

TASK [cluster-addon : 创建 nfs-provisioner部署] ********************************
skipping: [localhost]

TASK [cluster-addon : 清理 snapshot-controller crd] ****************************
changed: [localhost]

TASK [cluster-addon : prepare some dirs] ***************************************
ok: [localhost]

TASK [cluster-addon : 创建命名空间openebs] *************************************
changed: [localhost]

TASK [cluster-addon : 创建chart 个性化设置] ************************************
changed: [localhost] => (item=values.yaml)
ok: [localhost] => (item=sc.yaml)

TASK [cluster-addon : helm 部署 openebs operator] ******************************
fatal: [localhost]: FAILED! => {"changed": true, "cmd": "/usr/local/kubeauto/extra-bin/helm upgrade openebs --install -n openebs -f /usr/local/kubeauto/clusters/test141/yml/openebs/values.yaml /usr/local/kubeauto/roles/cluster-addon/files/openebs-4.3.2.tgz", "delta": "0:00:00.535976", "end": "2026-07-17 00:07:13.831633", "msg": "non-zero return code", "rc": 1, "start": "2026-07-17 00:07:13.295657", "stderr": "Error: UPGRADE FAILED: create: failed to create: namespaces \"openebs\" not found", "stderr_lines": ["Error: UPGRADE FAILED: create: failed to create: namespaces \"openebs\" not found"], "stdout": "", "stdout_lines": []}

PLAY RECAP *********************************************************************
localhost                  : ok=6    changed=4    unreachable=0    failed=1    skipped=20   rescued=0    ignored=0   
[2026-07-17 00:07:13] [ERROR] [service.cluster.manager] Failed to set up the k8s cluster with playbook 07.cluster-addon.yml
[2026-07-17 00:07:13] [ERROR] [controller.cluster.cli] Failed to set up the k8s cluster with playbook 07.cluster-addon.yml
[FAIL] P1 test141 setup 07

========== P0 LVM+NFS+RocketMQ on deliver-lvm (133) ==========
[2026-07-17 00:07:14] [ERROR] [controller.cluster.cli] Cluster deliver-lvm not found
[info] no spare disk; creating 20G loop-backed VG vg_k8s at /var/lib/kubeauto-lvm/vg_k8s.img
Last metadata expiration check: 1:26:43 ago on Thu 16 Jul 2026 10:40:28 PM CST.
Package lvm2-8:2.03.14-15.el8_10.3.x86_64 is already installed.
Dependencies resolved.
Nothing to do.
Complete!
  Physical volume "/dev/loop0" successfully created.
  Volume group "vg_k8s" successfully created
  VG     #PV #LV #SN Attr   VSize   VFree  
  vg_k8s   1   0   0 wz--n- <20.00g <20.00g
[ok] loop VG ready on /dev/loop0
[2026-07-17 00:07:16] [INFO] [service.cluster.manager] Cluster deliver-lvm created. Next: edit /usr/local/kubeauto/clusters/deliver-lvm/hosts and /usr/local/kubeauto/clusters/deliver-lvm/config.yml, then run setup.
Created /usr/local/kubeauto/clusters/deliver-lvm/hosts (calico/ipvs)
Note: run 'kubecli new deliver-lvm' first so config.yml placeholders are resolved
Last metadata expiration check: 1:26:45 ago on Thu 16 Jul 2026 10:40:28 PM CST.
Package nfs-utils-1:2.3.3-69.el8_10.x86_64 is already installed.
Dependencies resolved.
Nothing to do.
Complete!
Created symlink /etc/systemd/system/multi-user.target.wants/nfs-server.service → /usr/lib/systemd/system/nfs-server.service.
/data/nfs     	192.168.47.0/24(sync,wdelay,hide,no_subtree_check,sec=sys,rw,secure,no_root_squash,no_all_squash)
Export list for localhost:
/data/nfs 192.168.47.0/24
[ok] NFS export /data/nfs
[2026-07-17 00:07:19] [INFO] [service.cluster.manager] Ansible Python policy (ansible-core 2.17): control node Python >=3.10, target module runtime Python >=3.9
[2026-07-17 00:07:19] [INFO] [service.cluster.manager] Setting up cluster with playbook 90.setup.yml.
[2026-07-17 00:07:19] [INFO] [service.cluster.manager] Component versions (kubernetes / etcd / network):
[2026-07-17 00:07:19] [INFO] [service.cluster.manager]   kubernetes: v1.33.6, etcd: v3.6.4, calico: v3.28.4
[WARNING]: Collection ansible.posix does not support Ansible version 2.17.14

PLAY [kube_master,kube_node,etcd,ex_lb,chrony] *********************************

TASK [Gathering Facts] *********************************************************
ok: [192.168.47.133]

TASK [chrony : check if chronyd running, break the role] ***********************
skipping: [192.168.47.133]

TASK [chrony : terminate the play if chronyd running] **************************
skipping: [192.168.47.133]

TASK [chrony : uninstall residual ntp chrony] **********************************
skipping: [192.168.47.133] => (item=ntp) 
skipping: [192.168.47.133] => (item=chrony) 
skipping: [192.168.47.133]

TASK [chrony : prepare some dirs] **********************************************
skipping: [192.168.47.133] => (item=/etc/chrony) 
skipping: [192.168.47.133] => (item=/var/lib/chrony) 
skipping: [192.168.47.133] => (item=/var/log/chrony) 
skipping: [192.168.47.133]

TASK [chrony : distribute chronyd binary] **************************************
skipping: [192.168.47.133]

TASK [chrony : create chronyd systemd unit file] *******************************
skipping: [192.168.47.133]

TASK [chrony : configure chrony server] ****************************************
skipping: [192.168.47.133]

TASK [chrony : configure chrony client] ****************************************
skipping: [192.168.47.133]

TASK [chrony : enable chronyd service on startup] ******************************
skipping: [192.168.47.133]

TASK [chrony : start chronyd service] ******************************************
skipping: [192.168.47.133]

TASK [chrony : wait for chronyd running] ***************************************
skipping: [192.168.47.133]

PLAY [localhost] ***************************************************************

TASK [Gathering Facts] *********************************************************
ok: [localhost]

TASK [deploy : prepare some dirs] **********************************************
changed: [localhost] => (item=/usr/local/kubeauto/clusters/deliver-lvm/ssl)
changed: [localhost] => (item=/usr/local/kubeauto/clusters/deliver-lvm/backup)
changed: [localhost] => (item=/usr/local/kubeauto/clusters/deliver-lvm/yml)
ok: [localhost] => (item=~/.kube)

TASK [deploy : set extra-bin directory permission] *****************************
ok: [localhost]

TASK [deploy : read ca cert stat information into p] ***************************
ok: [localhost]

TASK [deploy : prepare ca configuration and cert request] **********************
changed: [localhost] => (item=ca-config.json)
changed: [localhost] => (item=ca-csr.json)

TASK [deploy : generate CA cert and private key] *******************************
changed: [localhost]

TASK [deploy : prepare admin csr for kubectl usage] ****************************
changed: [localhost]

TASK [deploy : create admin cert and private key] ******************************
changed: [localhost]

TASK [deploy : set cluster params] *********************************************
changed: [localhost]

TASK [deploy : set client credential params] ***********************************
changed: [localhost]

TASK [deploy : set context params] *********************************************
changed: [localhost]

TASK [deploy : choose default context] *****************************************
changed: [localhost]

TASK [deploy : install kubeconfig] *********************************************
changed: [localhost]

TASK [deploy : create self-defined user certs directory] ***********************
skipping: [localhost]

TASK [deploy : prepare CA configuration] ***************************************
skipping: [localhost]

TASK [deploy : prepare {{ USER_NAME }} cert request for kubectl] ***************
skipping: [localhost]

TASK [deploy : create {{ USER_NAME }} cert and private key] ********************
skipping: [localhost]

TASK [deploy : set cluster params] *********************************************
skipping: [localhost]

TASK [deploy : set client credential params] ***********************************
skipping: [localhost]

TASK [deploy : set context params] *********************************************
skipping: [localhost]

TASK [deploy : choose default context] *****************************************
skipping: [localhost]

TASK [deploy : generate clusterrolebind configuration] *************************
skipping: [localhost]

TASK [deploy : create clusterrolebind] *****************************************
skipping: [localhost]

TASK [deploy : debug] **********************************************************
skipping: [localhost]

TASK [deploy : prepare kube-proxy csr] *****************************************
changed: [localhost]

TASK [deploy : create kube-proxy cert and private key] *************************
changed: [localhost]

TASK [deploy : set cluster params] *********************************************
changed: [localhost]

TASK [deploy : set client credential params] ***********************************
changed: [localhost]

TASK [deploy : set context params] *********************************************
changed: [localhost]

TASK [deploy : choose default context] *****************************************
changed: [localhost]

TASK [deploy : prepare kube-controller-manager csr] ****************************
changed: [localhost]

TASK [deploy : create kube-controller-manager cert and private key] ************
changed: [localhost]

TASK [deploy : set cluster params] *********************************************
changed: [localhost]

TASK [deploy : set client credential params] ***********************************
changed: [localhost]

TASK [deploy : set context params] *********************************************
changed: [localhost]

TASK [deploy : choose default context] *****************************************
changed: [localhost]

TASK [deploy : prepare kube-scheduler csr] *************************************
changed: [localhost]

TASK [deploy : create kube-scheduler cert and private key] *********************
changed: [localhost]

TASK [deploy : set cluster params] *********************************************
changed: [localhost]

TASK [deploy : set client credential params] ***********************************
changed: [localhost]

TASK [deploy : set context params] *********************************************
changed: [localhost]

TASK [deploy : choose default context] *****************************************
changed: [localhost]

PLAY [kube_master,kube_node,etcd] **********************************************

TASK [Gathering Facts] *********************************************************
ok: [192.168.47.133]

TASK [prepare : read the prepare tasks file] ***********************************
ok: [192.168.47.133]

TASK [prepare : indicates the prepare tasks finished already] ******************
skipping: [192.168.47.133]

TASK [prepare : copy huawei cloud apt mirror script] ***************************
skipping: [192.168.47.133]

TASK [prepare : apply huawei cloud apt mirror] *********************************
skipping: [192.168.47.133]

TASK [prepare : update apt cache] **********************************************
skipping: [192.168.47.133]

TASK [prepare : delete ubuntu default software] ********************************
skipping: [192.168.47.133]

TASK [prepare : install ubuntu/debian basic software] **************************
skipping: [192.168.47.133]

TASK [prepare : create journal relative directory] *****************************
skipping: [192.168.47.133] => (item=/etc/systemd/journald.conf.d) 
skipping: [192.168.47.133] => (item=/var/log/journal) 
skipping: [192.168.47.133]

TASK [prepare : optimize journal params] ***************************************
skipping: [192.168.47.133]

TASK [prepare : restart journald service] **************************************
skipping: [192.168.47.133]

TASK [prepare : copy huawei cloud yum/dnf mirror script] ***********************
ok: [192.168.47.133]

TASK [prepare : apply huawei cloud yum/dnf mirror] *****************************
ok: [192.168.47.133]

TASK [prepare : detect ansible-compatible python on target] ********************
ok: [192.168.47.133]

TASK [prepare : install python39 for ansible (RHEL8 family, only when no compatible python)] ***
skipping: [192.168.47.133]

TASK [prepare : delete centos/redhat default software] *************************
ok: [192.168.47.133]

TASK [prepare : install basic system software] *********************************
ok: [192.168.47.133]

TASK [prepare : disable selinux right now] *************************************
changed: [192.168.47.133]

TASK [prepare : check if /etc/selinux/config exists] ***************************
ok: [192.168.47.133]

TASK [prepare : disable selinux forever] ***************************************
ok: [192.168.47.133]

TASK [prepare : disable selinux forever] ***************************************
skipping: [192.168.47.133]

TASK [prepare : forbidden rsyslog fetch journald 1, avoid double handling logs and wasting disk space] ***
ok: [192.168.47.133]

TASK [prepare : forbidden rsyslog fetch journald 2, avoid double handling logs and wasting disk space] ***
ok: [192.168.47.133]

TASK [prepare : restart rsyslog service] ***************************************
changed: [192.168.47.133]

TASK [prepare : copy huawei cloud zypper mirror script] ************************
skipping: [192.168.47.133]

TASK [prepare : apply huawei cloud zypper mirror] ******************************
skipping: [192.168.47.133]

TASK [prepare : install basic system software] *********************************
skipping: [192.168.47.133]

TASK [prepare : copy huawei cloud yum/dnf mirror script] ***********************
skipping: [192.168.47.133]

TASK [prepare : apply huawei cloud yum/dnf mirror] *****************************
skipping: [192.168.47.133]

TASK [prepare : detect ansible-compatible python on target] ********************
skipping: [192.168.47.133]

TASK [prepare : install python39 for ansible (RHEL8 family, only when no compatible python)] ***
skipping: [192.168.47.133]

TASK [prepare : delete centos/redhat default software] *************************
skipping: [192.168.47.133]

TASK [prepare : install basic system software] *********************************
skipping: [192.168.47.133]

TASK [prepare : disable selinux right now] *************************************
skipping: [192.168.47.133]

TASK [prepare : check if /etc/selinux/config exists] ***************************
skipping: [192.168.47.133]

TASK [prepare : disable selinux forever] ***************************************
skipping: [192.168.47.133]

TASK [prepare : disable selinux forever] ***************************************
skipping: [192.168.47.133]

TASK [prepare : forbidden rsyslog fetch journald 1, avoid double handling logs and wasting disk space] ***
skipping: [192.168.47.133]

TASK [prepare : forbidden rsyslog fetch journald 2, avoid double handling logs and wasting disk space] ***
skipping: [192.168.47.133]

TASK [prepare : restart rsyslog service] ***************************************
skipping: [192.168.47.133]

TASK [prepare : disable swap] **************************************************
changed: [192.168.47.133]

TASK [prepare : delete fstab swap configuration] *******************************
ok: [192.168.47.133]

TASK [prepare : load kernel module] ********************************************
ok: [192.168.47.133] => (item=br_netfilter)
ok: [192.168.47.133] => (item=dm_snapshot)
ok: [192.168.47.133] => (item=dm_thin_pool)
ok: [192.168.47.133] => (item=ip_vs)
ok: [192.168.47.133] => (item=ip_vs_rr)
ok: [192.168.47.133] => (item=ip_vs_wrr)
ok: [192.168.47.133] => (item=ip_vs_sh)
ok: [192.168.47.133] => (item=nf_conntrack)

TASK [prepare : try to load nf_conntrack_ipv4] *********************************
changed: [192.168.47.133]

TASK [prepare : enable systemd loading module automatically] *******************
ok: [192.168.47.133]

TASK [prepare : load kernel module on startup] *********************************
ok: [192.168.47.133]

TASK [prepare : set system params] *********************************************
ok: [192.168.47.133]

TASK [prepare : check if fs.may_detach_mounts needs to be set] *****************
ok: [192.168.47.133]

TASK [prepare : if needed, set fs.may_detach_mounts as 1] **********************
skipping: [192.168.47.133]

TASK [prepare : check if net.ipv4.tcp_tw_recycle needs to be set] **************
ok: [192.168.47.133]

TASK [prepare : if needed, set tcp_tw_recycle] *********************************
skipping: [192.168.47.133]

TASK [prepare : take effect on system] *****************************************
changed: [192.168.47.133]

TASK [prepare : create systemd configuration directory] ************************
ok: [192.168.47.133]

TASK [prepare : set system param ulimits] **************************************
ok: [192.168.47.133]

TASK [prepare : take SCTP to kernel module blacklist] **************************
ok: [192.168.47.133]

TASK [prepare : prepare some dirs] *********************************************
ok: [192.168.47.133] => (item=/usr/local/bin)
changed: [192.168.47.133] => (item=/etc/kubernetes/ssl)
ok: [192.168.47.133] => (item=/root/.kube)

TASK [prepare : copy kubectl kubeconfig to home dir] ***************************
changed: [192.168.47.133]

TASK [prepare : add hosts entry to resolve local registry] *********************
ok: [192.168.47.133]

TASK [prepare : set node hostname] *********************************************
changed: [192.168.47.133]

TASK [prepare : the master[0] resolves all hosts master-133 in /etc/hosts] *****
changed: [192.168.47.133]

TASK [prepare : get /etc/hosts from the master[0]] *****************************
changed: [192.168.47.133]

TASK [prepare : delete /etc/hosts in the master[0]] ****************************
changed: [192.168.47.133]

TASK [prepare : sync /etc/hosts to all hosts] **********************************
changed: [192.168.47.133] => (item=192.168.47.133)
ok: [192.168.47.133] => (item=192.168.47.133)

TASK [prepare : set prepare tasks label file] **********************************
changed: [192.168.47.133]

PLAY [etcd] ********************************************************************

TASK [Gathering Facts] *********************************************************
ok: [192.168.47.133]

TASK [etcd : prepare some dirs] ************************************************
changed: [192.168.47.133]

TASK [etcd : download etcd binary] *********************************************
ok: [192.168.47.133] => (item=etcd)
ok: [192.168.47.133] => (item=etcdctl)
ok: [192.168.47.133] => (item=etcdutl)

TASK [etcd : create etcd CSR] **************************************************
changed: [192.168.47.133 -> localhost]

TASK [etcd : create etcd certs and private key] ********************************
changed: [192.168.47.133 -> localhost]

TASK [etcd : distribute etcd cert-related files] *******************************
changed: [192.168.47.133] => (item=ca.pem)
changed: [192.168.47.133] => (item=etcd.pem)
changed: [192.168.47.133] => (item=etcd-key.pem)

TASK [etcd : create etcd systemd unit file] ************************************
changed: [192.168.47.133]

TASK [etcd : enable etcd service on startup] ***********************************
changed: [192.168.47.133]

TASK [etcd : start etcd service] ***********************************************
changed: [192.168.47.133]

TASK [etcd : wait for etcd service running] ************************************
changed: [192.168.47.133]

PLAY [kube_master,kube_node] ***************************************************

TASK [Gathering Facts] *********************************************************
ok: [192.168.47.133]

TASK [docker : check if docker was installed] **********************************
skipping: [192.168.47.133]

TASK [docker : get docker version information] *********************************
skipping: [192.168.47.133]

TASK [docker : debug info] *****************************************************
skipping: [192.168.47.133]

TASK [docker : revise docker version with float type] **************************
skipping: [192.168.47.133]

TASK [docker : infer docker installed] *****************************************
skipping: [192.168.47.133]

TASK [docker : prepare docker-related directories] *****************************
skipping: [192.168.47.133] => (item=/usr/local/bin) 
skipping: [192.168.47.133] => (item=/etc/docker) 
skipping: [192.168.47.133]

TASK [docker : download docker binary] *****************************************
skipping: [192.168.47.133] => (item=/usr/local/kubeauto/docker-bin/docker-compose) 
skipping: [192.168.47.133] => (item=/usr/local/kubeauto/docker-bin/runc) 
skipping: [192.168.47.133] => (item=/usr/local/kubeauto/docker-bin/dockerd) 
skipping: [192.168.47.133] => (item=/usr/local/kubeauto/docker-bin/docker) 
skipping: [192.168.47.133] => (item=/usr/local/kubeauto/docker-bin/docker-proxy) 
skipping: [192.168.47.133] => (item=/usr/local/kubeauto/docker-bin/docker-init) 
skipping: [192.168.47.133] => (item=/usr/local/kubeauto/docker-bin/docker-buildx) 
skipping: [192.168.47.133] => (item=/usr/local/kubeauto/docker-bin/ctr) 
skipping: [192.168.47.133] => (item=/usr/local/kubeauto/docker-bin/containerd) 
skipping: [192.168.47.133] => (item=/usr/local/kubeauto/docker-bin/containerd-shim-runc-v2) 
skipping: [192.168.47.133]

TASK [docker : configure docker daemon] ****************************************
skipping: [192.168.47.133]

TASK [docker : create docker systemd unit file] ********************************
skipping: [192.168.47.133]

TASK [docker : enable docker service on startup] *******************************
skipping: [192.168.47.133]

TASK [docker : start docker service] *******************************************
skipping: [192.168.47.133]

TASK [docker : wait for docker running] ****************************************
skipping: [192.168.47.133]

TASK [docker : configure docker symlink] ***************************************
skipping: [192.168.47.133]

TASK [containerd : prepare containerd-related directories] *********************
changed: [192.168.47.133] => (item=/etc/containerd)
changed: [192.168.47.133] => (item=/etc/containerd/certs.d/docker.io)
changed: [192.168.47.133] => (item=/etc/containerd/certs.d/registry.talkschool.cn:5000)
changed: [192.168.47.133] => (item=/etc/containerd/certs.d/harbor.brinnatt.io.local:8443)

TASK [containerd : prepare INSECURE REGISTRY dirs] *****************************
skipping: [192.168.47.133] => (item=http://registry.talkschool.cn:5000) 
changed: [192.168.47.133] => (item=https://reg.yourcompany.com)

TASK [containerd : load kernel module overlay] *********************************
ok: [192.168.47.133]

TASK [containerd : download containerd binary] *********************************
ok: [192.168.47.133] => (item=/usr/local/kubeauto/extra-bin/containerd-bin/runc)
ok: [192.168.47.133] => (item=/usr/local/kubeauto/extra-bin/containerd-bin/containerd-stress)
ok: [192.168.47.133] => (item=/usr/local/kubeauto/extra-bin/containerd-bin/ctr)
ok: [192.168.47.133] => (item=/usr/local/kubeauto/extra-bin/containerd-bin/containerd)
ok: [192.168.47.133] => (item=/usr/local/kubeauto/extra-bin/containerd-bin/containerd-shim-runc-v2)

TASK [containerd : download crictl] ********************************************
ok: [192.168.47.133]

TASK [containerd : crictl bash completion] *************************************
changed: [192.168.47.133]

TASK [containerd : create containerd configuration file] ***********************
changed: [192.168.47.133]

TASK [containerd : configure docker.io accelerator] ****************************
changed: [192.168.47.133]

TASK [containerd : configure local_registry] ***********************************
changed: [192.168.47.133]

TASK [containerd : configure trusted INSECURE REGISTRY registry] ***************
skipping: [192.168.47.133] => (item=http://registry.talkschool.cn:5000) 
changed: [192.168.47.133] => (item=https://reg.yourcompany.com)

TASK [containerd : configure harbor registry] **********************************
changed: [192.168.47.133]

TASK [containerd : create systemd unit file] ***********************************
changed: [192.168.47.133]

TASK [containerd : create crictl configuration] ********************************
changed: [192.168.47.133]

TASK [containerd : enable containerd service on startup] ***********************
changed: [192.168.47.133]

TASK [containerd : start containerd service] ***********************************
changed: [192.168.47.133]

TASK [containerd : wait for containerd service running] ************************
changed: [192.168.47.133]

PLAY [kube_master] *************************************************************

TASK [Gathering Facts] *********************************************************
ok: [192.168.47.133]

TASK [kube-lb : prepare some dirs] *********************************************
changed: [192.168.47.133] => (item=/etc/kube-lb/sbin)
changed: [192.168.47.133] => (item=/etc/kube-lb/logs)
changed: [192.168.47.133] => (item=/etc/kube-lb/conf)

TASK [kube-lb : download kube-lb(nginx)] ***************************************
changed: [192.168.47.133]

TASK [kube-lb : create kube-lb configuration file] *****************************
changed: [192.168.47.133]

TASK [kube-lb : create kube-lb systemd unit file] ******************************
changed: [192.168.47.133]

TASK [kube-lb : enable kube-lb service on startup] *****************************
changed: [192.168.47.133]

TASK [kube-lb : start kube-lb service] *****************************************
changed: [192.168.47.133]

TASK [kube-lb : wait for kube-lb service running] ******************************
changed: [192.168.47.133]

TASK [kube-master : assure k8s bin can be executable] **************************
ok: [192.168.47.133] => (item=kube-apiserver)
ok: [192.168.47.133] => (item=kube-controller-manager)
ok: [192.168.47.133] => (item=kube-scheduler)
ok: [192.168.47.133] => (item=kubectl)

TASK [kube-master : distribute controller/scheduler kubeconfig] ****************
changed: [192.168.47.133] => (item=kube-controller-manager.kubeconfig)
changed: [192.168.47.133] => (item=kube-scheduler.kubeconfig)

TASK [kube-master : create cluster audit related directories] ******************
skipping: [192.168.47.133] => (item=/etc/kubernetes/audit) 
skipping: [192.168.47.133] => (item=/var/log/kubernetes/audit) 
skipping: [192.168.47.133]

TASK [kube-master : distribute cluster audit configuration file] ***************
skipping: [192.168.47.133]

TASK [kube-master : create kubernetes CSR] *************************************
changed: [192.168.47.133 -> localhost]

TASK [kube-master : create kubernetes cert and private key] ********************
changed: [192.168.47.133 -> localhost]

TASK [kube-master : create aggregator proxy CSR] *******************************
changed: [192.168.47.133 -> localhost]

TASK [kube-master : create aggregator-proxy cert and private key] **************
changed: [192.168.47.133 -> localhost]

TASK [kube-master : distribute kubernetes cert-related files] ******************
ok: [192.168.47.133] => (item=ca.pem)
changed: [192.168.47.133] => (item=ca-key.pem)
changed: [192.168.47.133] => (item=kubernetes.pem)
changed: [192.168.47.133] => (item=kubernetes-key.pem)
changed: [192.168.47.133] => (item=aggregator-proxy.pem)
changed: [192.168.47.133] => (item=aggregator-proxy-key.pem)

TASK [kube-master : correct apiserver socket in kubeconfig] ********************
changed: [192.168.47.133] => (item=/etc/kubernetes/kube-controller-manager.kubeconfig)
changed: [192.168.47.133] => (item=/etc/kubernetes/kube-scheduler.kubeconfig)

TASK [kube-master : create master systemd unit file] ***************************
changed: [192.168.47.133] => (item=kube-apiserver.service)
changed: [192.168.47.133] => (item=kube-controller-manager.service)
changed: [192.168.47.133] => (item=kube-scheduler.service)

TASK [kube-master : enable master service on startup] **************************
changed: [192.168.47.133]

TASK [kube-master : reload systemd and restart kube-apiserver] *****************
changed: [192.168.47.133]

TASK [kube-master : wait for kube-apiserver running] ***************************
changed: [192.168.47.133]

TASK [kube-master : restart kube-controller-manager and kube-scheduler] ********
changed: [192.168.47.133]

TASK [kube-master : wait for kube-controller-manager running] ******************
FAILED - RETRYING: [192.168.47.133]: wait for kube-controller-manager running (8 retries left).
FAILED - RETRYING: [192.168.47.133]: wait for kube-controller-manager running (7 retries left).
changed: [192.168.47.133]

TASK [kube-master : wait for kube-scheduler running] ***************************
changed: [192.168.47.133]

TASK [kube-master : copy kubectl.kubeconfig] ***********************************
changed: [192.168.47.133 -> localhost]

TASK [kube-master : correct apiserver socket in kubeconfig] ********************
ok: [192.168.47.133 -> localhost]

TASK [kube-master : wait for master service running] ***************************
changed: [192.168.47.133 -> localhost]

TASK [kube-master : check if user:kubernetes was bond to related role] *********
changed: [192.168.47.133 -> localhost]

TASK [kube-master : create user:kubernetes role binding] ***********************
changed: [192.168.47.133 -> localhost]

TASK [kube-node : create kube_node related directories] ************************
changed: [192.168.47.133] => (item=/var/lib/kubelet)
changed: [192.168.47.133] => (item=/var/lib/kube-proxy)
ok: [192.168.47.133] => (item=/etc/cni/net.d)
ok: [192.168.47.133] => (item=/opt/cni/bin)

TASK [kube-node : download kubelet,kube-proxy binaries] ************************
ok: [192.168.47.133] => (item=kubectl)
ok: [192.168.47.133] => (item=kubelet)
ok: [192.168.47.133] => (item=kube-proxy)

TASK [kube-node : download cni plugins binaries] *******************************
ok: [192.168.47.133] => (item=/usr/local/kubeauto/extra-bin/cni-bin/portmap)
ok: [192.168.47.133] => (item=/usr/local/kubeauto/extra-bin/cni-bin/README.md)
ok: [192.168.47.133] => (item=/usr/local/kubeauto/extra-bin/cni-bin/static)
ok: [192.168.47.133] => (item=/usr/local/kubeauto/extra-bin/cni-bin/sbr)
ok: [192.168.47.133] => (item=/usr/local/kubeauto/extra-bin/cni-bin/host-local)
ok: [192.168.47.133] => (item=/usr/local/kubeauto/extra-bin/cni-bin/vrf)
ok: [192.168.47.133] => (item=/usr/local/kubeauto/extra-bin/cni-bin/macvlan)
ok: [192.168.47.133] => (item=/usr/local/kubeauto/extra-bin/cni-bin/bandwidth)
ok: [192.168.47.133] => (item=/usr/local/kubeauto/extra-bin/cni-bin/bridge)
ok: [192.168.47.133] => (item=/usr/local/kubeauto/extra-bin/cni-bin/tap)
ok: [192.168.47.133] => (item=/usr/local/kubeauto/extra-bin/cni-bin/ipvlan)
ok: [192.168.47.133] => (item=/usr/local/kubeauto/extra-bin/cni-bin/host-device)
ok: [192.168.47.133] => (item=/usr/local/kubeauto/extra-bin/cni-bin/tuning)
ok: [192.168.47.133] => (item=/usr/local/kubeauto/extra-bin/cni-bin/vlan)
ok: [192.168.47.133] => (item=/usr/local/kubeauto/extra-bin/cni-bin/firewall)
ok: [192.168.47.133] => (item=/usr/local/kubeauto/extra-bin/cni-bin/loopback)
ok: [192.168.47.133] => (item=/usr/local/kubeauto/extra-bin/cni-bin/ptp)
ok: [192.168.47.133] => (item=/usr/local/kubeauto/extra-bin/cni-bin/dummy)
ok: [192.168.47.133] => (item=/usr/local/kubeauto/extra-bin/cni-bin/LICENSE)
ok: [192.168.47.133] => (item=/usr/local/kubeauto/extra-bin/cni-bin/dhcp)

TASK [kube-node : kubectl bash completion] *************************************
changed: [192.168.47.133]

TASK [kube-node : prepare kubelet CSR] *****************************************
changed: [192.168.47.133 -> localhost]

TASK [kube-node : create kubelet cert and private key] *************************
changed: [192.168.47.133 -> localhost]

TASK [kube-node : set cluster params] ******************************************
changed: [192.168.47.133 -> localhost]

TASK [kube-node : set client credential params] ********************************
changed: [192.168.47.133 -> localhost]

TASK [kube-node : set context params] ******************************************
changed: [192.168.47.133 -> localhost]

TASK [kube-node : choose default context] **************************************
changed: [192.168.47.133 -> localhost]

TASK [kube-node : distribute ca cert] ******************************************
ok: [192.168.47.133]

TASK [kube-node : distribute kubelet cert] *************************************
changed: [192.168.47.133] => (item=kubelet.pem)
changed: [192.168.47.133] => (item=kubelet-key.pem)

TASK [kube-node : distribute kubeconfig] ***************************************
changed: [192.168.47.133]

TASK [kube-node : prepare cni configuration file] ******************************
changed: [192.168.47.133]

TASK [kube-node : create kubelet configuration file] ***************************
changed: [192.168.47.133]

TASK [kube-node : check if /run/systemd/resolve/resolv.conf exists] ************
ok: [192.168.47.133]

TASK [kube-node : replace resolvConf param] ************************************
skipping: [192.168.47.133]

TASK [kube-node : create kubelet systemd unit file] ****************************
changed: [192.168.47.133]

TASK [kube-node : enable kubelet service on startup] ***************************
changed: [192.168.47.133]

TASK [kube-node : start kubelet service] ***************************************
changed: [192.168.47.133]

TASK [kube-node : distribute kube-proxy.kubeconfig configuration file] *********
changed: [192.168.47.133]

TASK [kube-node : correct apiserver socket in kube-proxy.kubeconfig] ***********
changed: [192.168.47.133]

TASK [kube-node : create kube-proxy configuration] *****************************
changed: [192.168.47.133]

TASK [kube-node : create kube-proxy service file] ******************************
changed: [192.168.47.133]

TASK [kube-node : enable kube-proxy service on startup] ************************
changed: [192.168.47.133]

TASK [kube-node : start kube-proxy service] ************************************
changed: [192.168.47.133]

TASK [kube-node : wait for kube-proxy running] *********************************
changed: [192.168.47.133]

TASK [kube-node : wait for kubelet running] ************************************
changed: [192.168.47.133]

TASK [kube-node : wait for node Ready] *****************************************
changed: [192.168.47.133 -> localhost]

TASK [kube-node : Setting worker role name] ************************************
changed: [192.168.47.133 -> localhost]

TASK [kube-node : Setting master role name] ************************************
changed: [192.168.47.133 -> localhost]

TASK [kube-node : Making master nodes SchedulingDisabled] **********************
skipping: [192.168.47.133]

PLAY [kube_node] ***************************************************************

TASK [Gathering Facts] *********************************************************
ok: [192.168.47.133]

TASK [kube-lb : prepare some dirs] *********************************************
skipping: [192.168.47.133] => (item=/etc/kube-lb/sbin) 
skipping: [192.168.47.133] => (item=/etc/kube-lb/logs) 
skipping: [192.168.47.133] => (item=/etc/kube-lb/conf) 
skipping: [192.168.47.133]

TASK [kube-lb : download kube-lb(nginx)] ***************************************
skipping: [192.168.47.133]

TASK [kube-lb : create kube-lb configuration file] *****************************
skipping: [192.168.47.133]

TASK [kube-lb : create kube-lb systemd unit file] ******************************
skipping: [192.168.47.133]

TASK [kube-lb : enable kube-lb service on startup] *****************************
skipping: [192.168.47.133]

TASK [kube-lb : start kube-lb service] *****************************************
skipping: [192.168.47.133]

TASK [kube-lb : wait for kube-lb service running] ******************************
skipping: [192.168.47.133]

TASK [kube-node : create kube_node related directories] ************************
skipping: [192.168.47.133] => (item=/var/lib/kubelet) 
skipping: [192.168.47.133] => (item=/var/lib/kube-proxy) 
skipping: [192.168.47.133] => (item=/etc/cni/net.d) 
skipping: [192.168.47.133] => (item=/opt/cni/bin) 
skipping: [192.168.47.133]

TASK [kube-node : download kubelet,kube-proxy binaries] ************************
skipping: [192.168.47.133] => (item=kubectl) 
skipping: [192.168.47.133] => (item=kubelet) 
skipping: [192.168.47.133] => (item=kube-proxy) 
skipping: [192.168.47.133]

TASK [kube-node : download cni plugins binaries] *******************************
skipping: [192.168.47.133] => (item=/usr/local/kubeauto/extra-bin/cni-bin/portmap) 
skipping: [192.168.47.133] => (item=/usr/local/kubeauto/extra-bin/cni-bin/README.md) 
skipping: [192.168.47.133] => (item=/usr/local/kubeauto/extra-bin/cni-bin/static) 
skipping: [192.168.47.133] => (item=/usr/local/kubeauto/extra-bin/cni-bin/sbr) 
skipping: [192.168.47.133] => (item=/usr/local/kubeauto/extra-bin/cni-bin/host-local) 
skipping: [192.168.47.133] => (item=/usr/local/kubeauto/extra-bin/cni-bin/vrf) 
skipping: [192.168.47.133] => (item=/usr/local/kubeauto/extra-bin/cni-bin/macvlan) 
skipping: [192.168.47.133] => (item=/usr/local/kubeauto/extra-bin/cni-bin/bandwidth) 
skipping: [192.168.47.133] => (item=/usr/local/kubeauto/extra-bin/cni-bin/bridge) 
skipping: [192.168.47.133] => (item=/usr/local/kubeauto/extra-bin/cni-bin/tap) 
skipping: [192.168.47.133] => (item=/usr/local/kubeauto/extra-bin/cni-bin/ipvlan) 
skipping: [192.168.47.133] => (item=/usr/local/kubeauto/extra-bin/cni-bin/host-device) 
skipping: [192.168.47.133] => (item=/usr/local/kubeauto/extra-bin/cni-bin/tuning) 
skipping: [192.168.47.133] => (item=/usr/local/kubeauto/extra-bin/cni-bin/vlan) 
skipping: [192.168.47.133] => (item=/usr/local/kubeauto/extra-bin/cni-bin/firewall) 
skipping: [192.168.47.133] => (item=/usr/local/kubeauto/extra-bin/cni-bin/loopback) 
skipping: [192.168.47.133] => (item=/usr/local/kubeauto/extra-bin/cni-bin/ptp) 
skipping: [192.168.47.133] => (item=/usr/local/kubeauto/extra-bin/cni-bin/dummy) 
skipping: [192.168.47.133] => (item=/usr/local/kubeauto/extra-bin/cni-bin/LICENSE) 
skipping: [192.168.47.133] => (item=/usr/local/kubeauto/extra-bin/cni-bin/dhcp) 
skipping: [192.168.47.133]

TASK [kube-node : kubectl bash completion] *************************************
skipping: [192.168.47.133]

TASK [kube-node : prepare kubelet CSR] *****************************************
skipping: [192.168.47.133]

TASK [kube-node : create kubelet cert and private key] *************************
skipping: [192.168.47.133]

TASK [kube-node : set cluster params] ******************************************
skipping: [192.168.47.133]

TASK [kube-node : set client credential params] ********************************
skipping: [192.168.47.133]

TASK [kube-node : set context params] ******************************************
skipping: [192.168.47.133]

TASK [kube-node : choose default context] **************************************
skipping: [192.168.47.133]

TASK [kube-node : distribute ca cert] ******************************************
skipping: [192.168.47.133]

TASK [kube-node : distribute kubelet cert] *************************************
skipping: [192.168.47.133] => (item=kubelet.pem) 
skipping: [192.168.47.133] => (item=kubelet-key.pem) 
skipping: [192.168.47.133]

TASK [kube-node : distribute kubeconfig] ***************************************
skipping: [192.168.47.133]

TASK [kube-node : prepare cni configuration file] ******************************
skipping: [192.168.47.133]

TASK [kube-node : create kubelet configuration file] ***************************
skipping: [192.168.47.133]

TASK [kube-node : check if /run/systemd/resolve/resolv.conf exists] ************
skipping: [192.168.47.133]

TASK [kube-node : replace resolvConf param] ************************************
skipping: [192.168.47.133]

TASK [kube-node : create kubelet systemd unit file] ****************************
skipping: [192.168.47.133]

TASK [kube-node : enable kubelet service on startup] ***************************
skipping: [192.168.47.133]

TASK [kube-node : start kubelet service] ***************************************
skipping: [192.168.47.133]

TASK [kube-node : distribute kube-proxy.kubeconfig configuration file] *********
skipping: [192.168.47.133]

TASK [kube-node : correct apiserver socket in kube-proxy.kubeconfig] ***********
skipping: [192.168.47.133]

TASK [kube-node : create kube-proxy configuration] *****************************
skipping: [192.168.47.133]

TASK [kube-node : create kube-proxy service file] ******************************
skipping: [192.168.47.133]

TASK [kube-node : enable kube-proxy service on startup] ************************
skipping: [192.168.47.133]

TASK [kube-node : start kube-proxy service] ************************************
skipping: [192.168.47.133]

TASK [kube-node : wait for kube-proxy running] *********************************
skipping: [192.168.47.133]

TASK [kube-node : wait for kubelet running] ************************************
skipping: [192.168.47.133]

TASK [kube-node : wait for node Ready] *****************************************
skipping: [192.168.47.133]

TASK [kube-node : Setting worker role name] ************************************
skipping: [192.168.47.133]

TASK [kube-node : Setting master role name] ************************************
skipping: [192.168.47.133]

TASK [kube-node : Making master nodes SchedulingDisabled] **********************
skipping: [192.168.47.133]

PLAY [kube_master,kube_node] ***************************************************

TASK [Gathering Facts] *********************************************************
ok: [192.168.47.133]

TASK [calico : create calico CSR] **********************************************
changed: [192.168.47.133 -> localhost]

TASK [calico : create calico cert and private key] *****************************
changed: [192.168.47.133 -> localhost]

TASK [calico : delete old calico-etcd-secrets] *********************************
skipping: [192.168.47.133]

TASK [calico : create calico-etcd-secrets] *************************************
changed: [192.168.47.133 -> localhost]

TASK [calico : configure calico DaemonSet yaml file] ***************************
changed: [192.168.47.133 -> localhost]

TASK [calico : delete calico network] ******************************************
skipping: [192.168.47.133]

TASK [calico : apply calico network] *******************************************
changed: [192.168.47.133 -> localhost]

TASK [calico : prepare some dirs] **********************************************
changed: [192.168.47.133] => (item=/etc/calico/ssl)

TASK [calico : distribute calico cert-related files] ***************************
changed: [192.168.47.133] => (item=ca.pem)
changed: [192.168.47.133] => (item=calico.pem)
changed: [192.168.47.133] => (item=calico-key.pem)

TASK [calico : delete default cni configuration] *******************************
changed: [192.168.47.133]

TASK [calico : download calicoctl client command] ******************************
ok: [192.168.47.133] => (item=calicoctl)

TASK [calico : prepare calicoctl configuration file] ***************************
changed: [192.168.47.133]

TASK [calico : wait for calico-node running in a polling manner] ***************
FAILED - RETRYING: [192.168.47.133 -> localhost]: wait for calico-node running in a polling manner (15 retries left).
changed: [192.168.47.133 -> localhost]

TASK [calico : choose default rr nodes(master nodes by default)] ***************
skipping: [192.168.47.133]

TASK [calico : choose user-defined rr nodes] ***********************************
skipping: [192.168.47.133]

TASK [calico : show rr nodes] **************************************************
skipping: [192.168.47.133]

TASK [calico : configure routeReflectorClusterID] ******************************
skipping: [192.168.47.133]

TASK [calico : node label] *****************************************************
skipping: [192.168.47.133]

TASK [calico : configure calico bgp yaml file] *********************************
skipping: [192.168.47.133] => (item=bgp-default.yaml) 
skipping: [192.168.47.133] => (item=bgp-rr.yaml) 
skipping: [192.168.47.133]

TASK [calico : apply calico bgp configuration] *********************************
skipping: [192.168.47.133]

TASK [calico : check bgp connection] *******************************************
skipping: [192.168.47.133]

TASK [calico : debug] **********************************************************
skipping: [192.168.47.133]

TASK [cilium : revise kernel version with float type] **************************
skipping: [192.168.47.133]

TASK [cilium : check if kernel version > 4.9] **********************************
skipping: [192.168.47.133]

TASK [cilium : create cilium chart setting] ************************************
skipping: [192.168.47.133]

TASK [cilium : helm delete cilium v1.19.5] *************************************
skipping: [192.168.47.133]

TASK [cilium : helm create cilium v1.19.5] *************************************
skipping: [192.168.47.133]

TASK [cilium : download client tools] ******************************************
skipping: [192.168.47.133] => (item=cilium) 
skipping: [192.168.47.133] => (item=hubble) 
skipping: [192.168.47.133]

TASK [cilium : delete default cni configurations] ******************************
skipping: [192.168.47.133]

TASK [cilium : wait for cilium-node running in a polling manner] ***************
skipping: [192.168.47.133]

TASK [cilium : restart hubble-ui after CNI is up (avoids frontend probe failure during bootstrap)] ***
skipping: [192.168.47.133]

TASK [cilium : restart hubble-relay pod] ***************************************
skipping: [192.168.47.133]

TASK [flannel : configure flannel DaemonSet yaml file] *************************
skipping: [192.168.47.133]

TASK [flannel : delete flannel network before applying] ************************
skipping: [192.168.47.133]

TASK [flannel : apply flannel network] *****************************************
skipping: [192.168.47.133]

TASK [flannel : delete default cni configuration] ******************************
skipping: [192.168.47.133]

TASK [flannel : wait for flannel running in a polling manner] ******************
skipping: [192.168.47.133]

TASK [kube-router : prepare to configure kube-router DaemonSet] ****************
skipping: [192.168.47.133]

TASK [kube-router : delete kube-router DaemonSet] ******************************
skipping: [192.168.47.133]

TASK [kube-router : apply kube-router DaemonSet] *******************************
skipping: [192.168.47.133]

TASK [kube-router : delete default cni configurations] *************************
skipping: [192.168.47.133]

TASK [kube-router : wait for kube-router running in a polling manner] **********
skipping: [192.168.47.133]

TASK [kube-ovn : delete default cni configurations] ****************************
skipping: [192.168.47.133]

TASK [kube-ovn : prepare kube-ovn-related files] *******************************
skipping: [192.168.47.133] => (item=install.sh) 
skipping: [192.168.47.133] => (item=coredns.yaml) 
skipping: [192.168.47.133]

TASK [kube-ovn : prepare dnscache deployment file with ipvs] *******************
skipping: [192.168.47.133]

TASK [kube-ovn : prepare dnscache deployment file with iptables] ***************
skipping: [192.168.47.133]

TASK [kube-ovn : apply coredns, dnscache yaml] *********************************
skipping: [192.168.47.133]

TASK [kube-ovn : install kube-ovn network] *************************************
skipping: [192.168.47.133]

TASK [kube-ovn : wait for kube-ovn running in a polling manner] ****************
skipping: [192.168.47.133]

PLAY [kube_master,kube_node] ***************************************************

TASK [Gathering Facts] *********************************************************
ok: [192.168.47.133]

TASK [wait for node Ready] *****************************************************
changed: [192.168.47.133 -> localhost]

TASK [Setting worker role name] ************************************************
changed: [192.168.47.133 -> localhost]

TASK [Setting master role name] ************************************************
changed: [192.168.47.133 -> localhost]

TASK [Making master nodes SchedulingDisabled] **********************************
skipping: [192.168.47.133]

PLAY [localhost] ***************************************************************

TASK [Gathering Facts] *********************************************************
ok: [localhost]

TASK [cluster-addon : 获取所有已经创建的POD信息] *******************************
changed: [localhost]

TASK [cluster-addon : 准备 DNS的部署文件] **************************************
changed: [localhost]

TASK [cluster-addon : 删除coredns部署] *****************************************
skipping: [localhost]

TASK [cluster-addon : 创建coredns部署] *****************************************
changed: [localhost]

TASK [cluster-addon : 准备dnscache的部署文件] **********************************
changed: [localhost]

TASK [cluster-addon : 准备dnscache的部署文件] **********************************
skipping: [localhost]

TASK [cluster-addon : 删除dnscache部署] ****************************************
skipping: [localhost]

TASK [cluster-addon : 创建dnscache部署] ****************************************
changed: [localhost]

TASK [cluster-addon : 准备 metrics-server的部署文件] ***************************
changed: [localhost]

TASK [cluster-addon : 删除 metrics-server部署] *********************************
skipping: [localhost]

TASK [cluster-addon : 创建 metrics-server部署] *********************************
changed: [localhost]

TASK [cluster-addon : prepare some dirs] ***************************************
skipping: [localhost]

TASK [cluster-addon : 准备 dashboard的部署文件] ********************************
skipping: [localhost] => (item=dashboard-values.yaml) 
skipping: [localhost] => (item=admin-user-sa-rbac.yaml) 
skipping: [localhost] => (item=read-user-sa-rbac.yaml) 
skipping: [localhost]

TASK [cluster-addon : 创建 dashboard部署] **************************************
skipping: [localhost]

TASK [cluster-addon : 创建用户admin,read] **************************************
skipping: [localhost]

TASK [cluster-addon : 准备 local-storage 配置目录] *****************************
changed: [localhost]

TASK [cluster-addon : 准备 local-storage部署文件] ******************************
changed: [localhost] => (item=local-path-storage.yaml)
changed: [localhost] => (item=test-pod.yaml)

TASK [cluster-addon : 创建 local-storage部署] **********************************
changed: [localhost]

TASK [cluster-addon : 准备 nfs-provisioner 配置目录] ***************************
changed: [localhost]

TASK [cluster-addon : 准备 nfs-provisioner部署文件] ****************************
changed: [localhost] => (item=nfs-provisioner.yaml)
changed: [localhost] => (item=test-pod.yaml)

TASK [cluster-addon : 创建 nfs-provisioner部署] ********************************
changed: [localhost]

TASK [cluster-addon : 清理 snapshot-controller crd] ****************************
changed: [localhost]

TASK [cluster-addon : prepare some dirs] ***************************************
changed: [localhost]

TASK [cluster-addon : 创建命名空间openebs] *************************************
changed: [localhost]

TASK [cluster-addon : 创建chart 个性化设置] ************************************
changed: [localhost] => (item=values.yaml)
changed: [localhost] => (item=sc.yaml)

TASK [cluster-addon : helm 部署 openebs operator] ******************************
fatal: [localhost]: FAILED! => {"changed": true, "cmd": "/usr/local/kubeauto/extra-bin/helm upgrade openebs --install -n openebs -f /usr/local/kubeauto/clusters/deliver-lvm/yml/openebs/values.yaml /usr/local/kubeauto/roles/cluster-addon/files/openebs-4.3.2.tgz", "delta": "0:00:00.433367", "end": "2026-07-17 00:09:38.306285", "msg": "non-zero return code", "rc": 1, "start": "2026-07-17 00:09:37.872918", "stderr": "Error: create: failed to create: namespaces \"openebs\" not found", "stderr_lines": ["Error: create: failed to create: namespaces \"openebs\" not found"], "stdout": "Release \"openebs\" does not exist. Installing it now.", "stdout_lines": ["Release \"openebs\" does not exist. Installing it now."]}

PLAY RECAP *********************************************************************
192.168.47.133             : ok=138  changed=98   unreachable=0    failed=0    skipped=134  rescued=0    ignored=0   
localhost                  : ok=49   changed=45   unreachable=0    failed=1    skipped=19   rescued=0    ignored=0   
[2026-07-17 00:09:38] [ERROR] [service.cluster.manager] Failed to set up the k8s cluster with playbook 90.setup.yml
[2026-07-17 00:09:38] [ERROR] [controller.cluster.cli] Failed to set up the k8s cluster with playbook 90.setup.yml
[FAIL] P0 deliver-lvm setup

========== P1 Hubble — free 133 then cilium+hubble ==========
[2026-07-17 00:09:39] [INFO] [service.cluster.manager] Ansible Python policy (ansible-core 2.17): control node Python >=3.10, target module runtime Python >=3.9
[2026-07-17 00:09:39] [INFO] [service.cluster.manager] Cluster deliver-lvm: running destroy (playbook 99.clean.yml).
[2026-07-17 00:09:39] [INFO] [service.cluster.manager] Component versions (kubernetes / etcd / network):
[2026-07-17 00:09:39] [INFO] [service.cluster.manager]   kubernetes: v1.33.6, etcd: v3.6.4, calico: v3.28.4
[WARNING]: Collection ansible.posix does not support Ansible version 2.17.14

PLAY [kube_master,kube_node,ex_lb,etcd] ****************************************

TASK [Gathering Facts] *********************************************************
ok: [192.168.47.133]

TASK [clean : stop and disable etcd service] ***********************************
changed: [192.168.47.133]

TASK [clean : remove etcd-role files and dirs] *********************************
changed: [192.168.47.133] => (item=/var/lib/etcd)
ok: [192.168.47.133] => (item=)
ok: [192.168.47.133] => (item=/backup/k8s)
changed: [192.168.47.133] => (item=/etc/systemd/system/etcd.service)
changed: [192.168.47.133] => (item=/opt/kubeauto_prepare_tasks)
changed: [192.168.47.133] => (item=/etc/kubernetes/ssl/etcd.pem)
changed: [192.168.47.133] => (item=/etc/kubernetes/ssl/etcd-key.pem)

TASK [clean : stop and disable kube_master service] ****************************
changed: [192.168.47.133] => (item=kube-apiserver)
changed: [192.168.47.133] => (item=kube-controller-manager)
changed: [192.168.47.133] => (item=kube-scheduler)

TASK [clean : remove files and dirs of 'kube_master' nodes (master-role only)] ***
ok: [192.168.47.133] => (item=/var/run/kubernetes)
changed: [192.168.47.133] => (item=/etc/systemd/system/kube-apiserver.service)
changed: [192.168.47.133] => (item=/etc/systemd/system/kube-controller-manager.service)
changed: [192.168.47.133] => (item=/etc/systemd/system/kube-scheduler.service)
changed: [192.168.47.133] => (item=/etc/kubernetes/kube-controller-manager.kubeconfig)
changed: [192.168.47.133] => (item=/etc/kubernetes/kube-scheduler.kubeconfig)
ok: [192.168.47.133] => (item=/etc/kubernetes/audit)
ok: [192.168.47.133] => (item=/var/log/kubernetes/audit)

TASK [clean : stop and disable kube_node service] ******************************
changed: [192.168.47.133] => (item=kube-lb)
changed: [192.168.47.133] => (item=kubelet)
changed: [192.168.47.133] => (item=kube-proxy)

TASK [clean : umount kubelet filesystems] **************************************
changed: [192.168.47.133]

TASK [clean : remove files and dirs of 'kube_node' nodes (node-role only)] *****
changed: [192.168.47.133] => (item=/var/lib/kubelet/)
changed: [192.168.47.133] => (item=/var/lib/kube-proxy/)
changed: [192.168.47.133] => (item=/etc/systemd/system/kube-lb.service)
changed: [192.168.47.133] => (item=/etc/systemd/system/kubelet.service)
changed: [192.168.47.133] => (item=/etc/systemd/system/kube-proxy.service)
changed: [192.168.47.133] => (item=/etc/kube-lb/)
changed: [192.168.47.133] => (item=/etc/kubernetes/kubelet.kubeconfig)
changed: [192.168.47.133] => (item=/etc/kubernetes/kube-proxy.kubeconfig)
ok: [192.168.47.133] => (item=/opt/kubeauto_prepare_tasks)
changed: [192.168.47.133] => (item=/root/.kube/config)

TASK [clean : to check if container 'kubeauto' is running] *********************
skipping: [192.168.47.133]

TASK [clean : stop and disable docker service] *********************************
skipping: [192.168.47.133]

TASK [clean : umount docker filesystem-1] **************************************
skipping: [192.168.47.133]

TASK [clean : umount docker filesystem-2] **************************************
skipping: [192.168.47.133]

TASK [clean : umount docker filesystem-3] **************************************
skipping: [192.168.47.133]

TASK [clean : umount docker filesystem-4] **************************************
skipping: [192.168.47.133]

TASK [clean : umount docker filesystem-5] **************************************
skipping: [192.168.47.133]

TASK [clean : remove files and dirs] *******************************************
skipping: [192.168.47.133] => (item=/var/lib/docker/) 
skipping: [192.168.47.133] => (item=/var/lib/dockershim/) 
skipping: [192.168.47.133] => (item=/var/run/docker/) 
skipping: [192.168.47.133] => (item=/etc/docker/) 
skipping: [192.168.47.133] => (item=/etc/systemd/system/docker.service) 
skipping: [192.168.47.133] => (item=/etc/systemd/system/docker.service.requires/) 
skipping: [192.168.47.133] => (item=/etc/systemd/system/docker.service.d/) 
skipping: [192.168.47.133] => (item=/etc/bash_completion.d/docker) 
skipping: [192.168.47.133] => (item=/usr/bin/docker) 
skipping: [192.168.47.133]

TASK [clean : stop and disable containerd service] *****************************
changed: [192.168.47.133]

TASK [clean : umount containerd filesystems] ***********************************
changed: [192.168.47.133]

TASK [clean : remove files and dirs] *******************************************
changed: [192.168.47.133] => (item=/etc/containerd/)
changed: [192.168.47.133] => (item=/etc/crictl.yaml)
changed: [192.168.47.133] => (item=/etc/systemd/system/containerd.service)
changed: [192.168.47.133] => (item=/opt/containerd/)
changed: [192.168.47.133] => (item=/var/lib/containerd/)
changed: [192.168.47.133] => (item=/var/run/containerd/)

TASK [clean : remove files and dirs2] ******************************************
changed: [192.168.47.133] => (item=/etc/cni/)
ok: [192.168.47.133] => (item=/run/flannel/)
changed: [192.168.47.133] => (item=/etc/calico/)
changed: [192.168.47.133] => (item=/var/lib/calico/)
changed: [192.168.47.133] => (item=/var/log/calico/)
ok: [192.168.47.133] => (item=/etc/cilium/)
changed: [192.168.47.133] => (item=/sys/fs/bpf/tc/)
changed: [192.168.47.133] => (item=/var/lib/cni/)
ok: [192.168.47.133] => (item=/var/lib/kube-router/)
ok: [192.168.47.133] => (item=/var/run/openvswitch/)
ok: [192.168.47.133] => (item=/var/run/ovn/)
ok: [192.168.47.133] => (item=/etc/origin/openvswitch/)
ok: [192.168.47.133] => (item=/etc/origin/ovn/)
ok: [192.168.47.133] => (item=/var/log/openvswitch/)
ok: [192.168.47.133] => (item=/var/log/ovn/)
ok: [192.168.47.133] => (item=/var/log/kube-ovn/)

TASK [clean : get service info] ************************************************
skipping: [192.168.47.133]

TASK [clean : remove service l4lb] *********************************************
skipping: [192.168.47.133]

TASK [clean : remove service keepalived] ***************************************
skipping: [192.168.47.133]

TASK [clean : remove files and dirs] *******************************************
skipping: [192.168.47.133] => (item=/etc/l4lb) 
skipping: [192.168.47.133] => (item=/etc/keepalived) 
skipping: [192.168.47.133] => (item=/etc/systemd/system/l4lb.service) 
skipping: [192.168.47.133] => (item=/etc/systemd/system/keepalived.service) 
skipping: [192.168.47.133] => (item=/usr/local/sbin/keepalived) 
skipping: [192.168.47.133]

TASK [clean : stop and disable chronyd] ****************************************
skipping: [192.168.47.133]

TASK [clean : remove chrony-role files and dirs] *******************************
skipping: [192.168.47.133] => (item=/etc/chrony) 
skipping: [192.168.47.133] => (item=/var/lib/chrony) 
skipping: [192.168.47.133] => (item=/var/log/chrony) 
skipping: [192.168.47.133] => (item=/var/run/chrony) 
skipping: [192.168.47.133] => (item=/etc/systemd/system/chronyd.service) 
skipping: [192.168.47.133]

TASK [clean : remove ssl dir (full teardown only)] *****************************
changed: [192.168.47.133]

TASK [clean : remove prepare tasks marker (full teardown only)] ****************
ok: [192.168.47.133]

TASK [clean : remove /etc/kubernetes dir (full teardown only)] *****************
changed: [192.168.47.133]

TASK [clean : flush ipvs rules (full teardown only)] ***************************
changed: [192.168.47.133]

TASK [clean : clean 'ENV PATH'] ************************************************
changed: [192.168.47.133] => (item=kubeauto)
ok: [192.168.47.133] => (item=helm completion)
ok: [192.168.47.133] => (item=kubectl completion)
ok: [192.168.47.133] => (item=crictl completion)
ok: [192.168.47.133] => (item=HELM_TLS_ENABLE)

TASK [clean : delete k8s node hosts block on this host] ************************
changed: [192.168.47.133]

TASK [clean : important indicates WARNNING] ************************************
ok: [192.168.47.133] => {
    "msg": "[IMPORTANT]: please reboot nodes, makesure to clean out net interfaces, routes and iptables/ipvs rules."
}

PLAY RECAP *********************************************************************
192.168.47.133             : ok=19   changed=16   unreachable=0    failed=0    skipped=14   rescued=0    ignored=0   
[2026-07-17 00:11:35] [INFO] [service.cluster.manager] Cluster deliver-lvm: destroy completed.
[2026-07-17 00:11:35] [INFO] [service.cluster.manager] Cluster directory deliver-lvm removed.
[2026-07-17 00:11:36] [ERROR] [controller.cluster.cli] Cluster deliver-hubble not found
[2026-07-17 00:11:36] [INFO] [service.cluster.manager] Cluster deliver-hubble created. Next: edit /usr/local/kubeauto/clusters/deliver-hubble/hosts and /usr/local/kubeauto/clusters/deliver-hubble/config.yml, then run setup.
Created /usr/local/kubeauto/clusters/deliver-hubble/hosts (cilium/ipvs)
Note: run 'kubecli new deliver-hubble' first so config.yml placeholders are resolved
[2026-07-17 00:11:37] [INFO] [service.cluster.downloader] [DOWNLOAD] Cilium chart already present: /usr/local/kubeauto/roles/cilium/files/cilium-1.19.5.tgz
[2026-07-17 00:11:37] [INFO] [service.cluster.downloader] [DOWNLOAD] Cilium chart already present: /opt/kubeauto/roles/cilium/files/cilium-1.19.5.tgz
[2026-07-17 00:11:37] [INFO] [service.cluster.downloader] [DOWNLOAD] Component cilium: uploading 2 image(s) to local registry.
[2026-07-17 00:11:37] [WARNING] [service.cluster.registry] [REGISTRY] Local registry already running; skipping.
[2026-07-17 00:11:37] [INFO] [service.cluster.registry] [REGISTRY] Uploading 2 image(s) to local registry.
[2026-07-17 00:11:37] [INFO] [service.cluster.registry] [REGISTRY] [1/2] Image: brinnatt/cilium:v1.19.5
[2026-07-17 00:11:37] [INFO] [service.cluster.registry] [REGISTRY]   -> Image exists locally; skipping pull.
[2026-07-17 00:11:37] [INFO] [service.cluster.registry] [REGISTRY]   -> Tagging and pushing to local registry.
[2026-07-17 00:11:37] [INFO] [service.cluster.docker] [UPLOAD] Pushing image: registry.talkschool.cn:5000/brinnatt/cilium:v1.19.5
The push refers to repository [registry.talkschool.cn:5000/brinnatt/cilium]
9d79503a1aca: Layer already exists
d2874f470a40: Layer already exists
b3ee32f37bb9: Layer already exists
128f996d64d9: Layer already exists
cbaa7878f179: Layer already exists
eb745753a388: Layer already exists
v1.19.5: digest: sha256:0ed11ca6c0d02417588e14cd716571d7c4836d0bf93f5f49572cc03e3a64f938 size: 1491
[2026-07-17 00:11:37] [INFO] [service.cluster.docker] [UPLOAD] Pushed successfully: registry.talkschool.cn:5000/brinnatt/cilium:v1.19.5
[2026-07-17 00:11:37] [INFO] [service.cluster.registry] [REGISTRY]   -> Done: brinnatt/cilium:v1.19.5.
[2026-07-17 00:11:37] [INFO] [service.cluster.registry] [REGISTRY] [2/2] Image: brinnatt/cilium-operator-generic:v1.19.5
[2026-07-17 00:11:37] [INFO] [service.cluster.registry] [REGISTRY]   -> Image exists locally; skipping pull.
[2026-07-17 00:11:37] [INFO] [service.cluster.registry] [REGISTRY]   -> Tagging and pushing to local registry.
[2026-07-17 00:11:37] [INFO] [service.cluster.docker] [UPLOAD] Pushing image: registry.talkschool.cn:5000/brinnatt/cilium-operator-generic:v1.19.5
The push refers to repository [registry.talkschool.cn:5000/brinnatt/cilium-operator-generic]
8d1e56505821: Layer already exists
13d6a44ac649: Layer already exists
1458643bb809: Layer already exists
b2742345cc8c: Layer already exists
aa79f4dd9ad4: Layer already exists
v1.19.5: digest: sha256:68a56c4965677a77c143e83953aad7963b489d4333851c0da4c95a3edcadfd05 size: 1289
[2026-07-17 00:11:37] [INFO] [service.cluster.docker] [UPLOAD] Pushed successfully: registry.talkschool.cn:5000/brinnatt/cilium-operator-generic:v1.19.5
[2026-07-17 00:11:37] [INFO] [service.cluster.registry] [REGISTRY]   -> Done: brinnatt/cilium-operator-generic:v1.19.5.
[2026-07-17 00:11:37] [INFO] [service.cluster.registry] [REGISTRY] All 2 image(s) uploaded to local registry.
[2026-07-17 00:11:37] [INFO] [service.cluster.downloader] [DOWNLOAD] Component cilium: 2 image(s) uploaded.
[2026-07-17 00:11:37] [INFO] [service.cluster.downloader] [DOWNLOAD] Component cilium-hubble: uploading 3 image(s) to local registry.
[2026-07-17 00:11:37] [WARNING] [service.cluster.registry] [REGISTRY] Local registry already running; skipping.
[2026-07-17 00:11:37] [INFO] [service.cluster.registry] [REGISTRY] Uploading 3 image(s) to local registry.
[2026-07-17 00:11:37] [INFO] [service.cluster.registry] [REGISTRY] [1/3] Image: brinnatt/hubble-relay:v1.19.5
[2026-07-17 00:11:37] [INFO] [service.cluster.registry] [REGISTRY]   -> Image exists locally; skipping pull.
[2026-07-17 00:11:37] [INFO] [service.cluster.registry] [REGISTRY]   -> Tagging and pushing to local registry.
[2026-07-17 00:11:37] [INFO] [service.cluster.docker] [UPLOAD] Pushing image: registry.talkschool.cn:5000/brinnatt/hubble-relay:v1.19.5
The push refers to repository [registry.talkschool.cn:5000/brinnatt/hubble-relay]
dd64bf2dd177: Layer already exists
c821fad95ece: Layer already exists
bcf16c1934ee: Layer already exists
99515e7b4d35: Layer already exists
47de5dd0b812: Layer already exists
d6b1b89eccac: Layer already exists
99ba982a9142: Layer already exists
b839dfae01f6: Layer already exists
7c12895b777b: Layer already exists
bdfd7f7e5bf6: Layer already exists
b214a4d93fd6: Layer already exists
52630fc75a18: Layer already exists
2780920e5dbf: Layer already exists
d5c947a3189a: Layer already exists
3214acf345c0: Layer already exists
c172f21841df: Layer already exists
ebddc55facdc: Layer already exists
v1.19.5: digest: sha256:3df8ea5ff8081f06568f9ec5c82ff2a46dc8b4c8084d410bb134d644df54d5d5 size: 3627
[2026-07-17 00:11:37] [INFO] [service.cluster.docker] [UPLOAD] Pushed successfully: registry.talkschool.cn:5000/brinnatt/hubble-relay:v1.19.5
[2026-07-17 00:11:37] [INFO] [service.cluster.registry] [REGISTRY]   -> Done: brinnatt/hubble-relay:v1.19.5.
[2026-07-17 00:11:37] [INFO] [service.cluster.registry] [REGISTRY] [2/3] Image: brinnatt/hubble-ui-backend:v0.13.5
[2026-07-17 00:11:37] [INFO] [service.cluster.registry] [REGISTRY]   -> Image exists locally; skipping pull.
[2026-07-17 00:11:37] [INFO] [service.cluster.registry] [REGISTRY]   -> Tagging and pushing to local registry.
[2026-07-17 00:11:37] [INFO] [service.cluster.docker] [UPLOAD] Pushing image: registry.talkschool.cn:5000/brinnatt/hubble-ui-backend:v0.13.5
The push refers to repository [registry.talkschool.cn:5000/brinnatt/hubble-ui-backend]
2780920e5dbf: Layer already exists
dd64bf2dd177: Layer already exists
3214acf345c0: Layer already exists
52630fc75a18: Layer already exists
7c12895b777b: Layer already exists
ebddc55facdc: Layer already exists
b4242723c53f: Layer already exists
fa8ae93e2b3a: Layer already exists
b4e6f1bfce0a: Layer already exists
b839dfae01f6: Layer already exists
c172f21841df: Layer already exists
d6b1b89eccac: Layer already exists
bdfd7f7e5bf6: Layer already exists
faf740e5790d: Layer already exists
v0.13.5: digest: sha256:55c340fa9103ef96088319450426020032b4c33cb710a477496774c0269e4c2c size: 3039
[2026-07-17 00:11:37] [INFO] [service.cluster.docker] [UPLOAD] Pushed successfully: registry.talkschool.cn:5000/brinnatt/hubble-ui-backend:v0.13.5
[2026-07-17 00:11:37] [INFO] [service.cluster.registry] [REGISTRY]   -> Done: brinnatt/hubble-ui-backend:v0.13.5.
[2026-07-17 00:11:37] [INFO] [service.cluster.registry] [REGISTRY] [3/3] Image: brinnatt/hubble-ui:v0.13.5
[2026-07-17 00:11:37] [INFO] [service.cluster.registry] [REGISTRY]   -> Image exists locally; skipping pull.
[2026-07-17 00:11:37] [INFO] [service.cluster.registry] [REGISTRY]   -> Tagging and pushing to local registry.
[2026-07-17 00:11:37] [INFO] [service.cluster.docker] [UPLOAD] Pushing image: registry.talkschool.cn:5000/brinnatt/hubble-ui:v0.13.5
The push refers to repository [registry.talkschool.cn:5000/brinnatt/hubble-ui]
7ac175d2fffc: Layer already exists
589002ba0eae: Layer already exists
0e74b5e3a6dd: Layer already exists
1a279672d13d: Layer already exists
74079e78211b: Layer already exists
ff4835382279: Layer already exists
0f1220aa81ea: Layer already exists
e2f91b65fc28: Layer already exists
d7c9a2c279bf: Layer already exists
83cdfcf8548b: Layer already exists
v0.13.5: digest: sha256:408e0a5f8071390de674013990c4a3adfbf6b1de6a4a29d555ea8e6745569c23 size: 2263
[2026-07-17 00:11:37] [INFO] [service.cluster.docker] [UPLOAD] Pushed successfully: registry.talkschool.cn:5000/brinnatt/hubble-ui:v0.13.5
[2026-07-17 00:11:37] [INFO] [service.cluster.registry] [REGISTRY]   -> Done: brinnatt/hubble-ui:v0.13.5.
[2026-07-17 00:11:37] [INFO] [service.cluster.registry] [REGISTRY] All 3 image(s) uploaded to local registry.
[2026-07-17 00:11:37] [INFO] [service.cluster.downloader] [DOWNLOAD] Component cilium-hubble: 3 image(s) uploaded.
[2026-07-17 00:11:38] [INFO] [service.cluster.manager] Ansible Python policy (ansible-core 2.17): control node Python >=3.10, target module runtime Python >=3.9
[2026-07-17 00:11:38] [INFO] [service.cluster.manager] Setting up cluster with playbook 90.setup.yml.
[2026-07-17 00:11:38] [INFO] [service.cluster.manager] Component versions (kubernetes / etcd / network):
[2026-07-17 00:11:38] [INFO] [service.cluster.manager]   kubernetes: v1.33.6, etcd: v3.6.4, cilium: v1.19.5
[WARNING]: Collection ansible.posix does not support Ansible version 2.17.14

PLAY [kube_master,kube_node,etcd,ex_lb,chrony] *********************************

TASK [Gathering Facts] *********************************************************
ok: [192.168.47.133]

TASK [chrony : check if chronyd running, break the role] ***********************
skipping: [192.168.47.133]

TASK [chrony : terminate the play if chronyd running] **************************
skipping: [192.168.47.133]

TASK [chrony : uninstall residual ntp chrony] **********************************
skipping: [192.168.47.133] => (item=ntp) 
skipping: [192.168.47.133] => (item=chrony) 
skipping: [192.168.47.133]

TASK [chrony : prepare some dirs] **********************************************
skipping: [192.168.47.133] => (item=/etc/chrony) 
skipping: [192.168.47.133] => (item=/var/lib/chrony) 
skipping: [192.168.47.133] => (item=/var/log/chrony) 
skipping: [192.168.47.133]

TASK [chrony : distribute chronyd binary] **************************************
skipping: [192.168.47.133]

TASK [chrony : create chronyd systemd unit file] *******************************
skipping: [192.168.47.133]

TASK [chrony : configure chrony server] ****************************************
skipping: [192.168.47.133]

TASK [chrony : configure chrony client] ****************************************
skipping: [192.168.47.133]

TASK [chrony : enable chronyd service on startup] ******************************
skipping: [192.168.47.133]

TASK [chrony : start chronyd service] ******************************************
skipping: [192.168.47.133]

TASK [chrony : wait for chronyd running] ***************************************
skipping: [192.168.47.133]

PLAY [localhost] ***************************************************************

TASK [Gathering Facts] *********************************************************
ok: [localhost]

TASK [deploy : prepare some dirs] **********************************************
changed: [localhost] => (item=/usr/local/kubeauto/clusters/deliver-hubble/ssl)
changed: [localhost] => (item=/usr/local/kubeauto/clusters/deliver-hubble/backup)
changed: [localhost] => (item=/usr/local/kubeauto/clusters/deliver-hubble/yml)
ok: [localhost] => (item=~/.kube)

TASK [deploy : set extra-bin directory permission] *****************************
ok: [localhost]

TASK [deploy : read ca cert stat information into p] ***************************
ok: [localhost]

TASK [deploy : prepare ca configuration and cert request] **********************
changed: [localhost] => (item=ca-config.json)
changed: [localhost] => (item=ca-csr.json)

TASK [deploy : generate CA cert and private key] *******************************
changed: [localhost]

TASK [deploy : prepare admin csr for kubectl usage] ****************************
changed: [localhost]

TASK [deploy : create admin cert and private key] ******************************
changed: [localhost]

TASK [deploy : set cluster params] *********************************************
changed: [localhost]

TASK [deploy : set client credential params] ***********************************
changed: [localhost]

TASK [deploy : set context params] *********************************************
changed: [localhost]

TASK [deploy : choose default context] *****************************************
changed: [localhost]

TASK [deploy : install kubeconfig] *********************************************
changed: [localhost]

TASK [deploy : create self-defined user certs directory] ***********************
skipping: [localhost]

TASK [deploy : prepare CA configuration] ***************************************
skipping: [localhost]

TASK [deploy : prepare {{ USER_NAME }} cert request for kubectl] ***************
skipping: [localhost]

TASK [deploy : create {{ USER_NAME }} cert and private key] ********************
skipping: [localhost]

TASK [deploy : set cluster params] *********************************************
skipping: [localhost]

TASK [deploy : set client credential params] ***********************************
skipping: [localhost]

TASK [deploy : set context params] *********************************************
skipping: [localhost]

TASK [deploy : choose default context] *****************************************
skipping: [localhost]

TASK [deploy : generate clusterrolebind configuration] *************************
skipping: [localhost]

TASK [deploy : create clusterrolebind] *****************************************
skipping: [localhost]

TASK [deploy : debug] **********************************************************
skipping: [localhost]

TASK [deploy : prepare kube-proxy csr] *****************************************
changed: [localhost]

TASK [deploy : create kube-proxy cert and private key] *************************
changed: [localhost]

TASK [deploy : set cluster params] *********************************************
changed: [localhost]

TASK [deploy : set client credential params] ***********************************
changed: [localhost]

TASK [deploy : set context params] *********************************************
changed: [localhost]

TASK [deploy : choose default context] *****************************************
changed: [localhost]

TASK [deploy : prepare kube-controller-manager csr] ****************************
changed: [localhost]

TASK [deploy : create kube-controller-manager cert and private key] ************
changed: [localhost]

TASK [deploy : set cluster params] *********************************************
changed: [localhost]

TASK [deploy : set client credential params] ***********************************
changed: [localhost]

TASK [deploy : set context params] *********************************************
changed: [localhost]

TASK [deploy : choose default context] *****************************************
changed: [localhost]

TASK [deploy : prepare kube-scheduler csr] *************************************
changed: [localhost]

TASK [deploy : create kube-scheduler cert and private key] *********************
changed: [localhost]

TASK [deploy : set cluster params] *********************************************
changed: [localhost]

TASK [deploy : set client credential params] ***********************************
changed: [localhost]

TASK [deploy : set context params] *********************************************
changed: [localhost]

TASK [deploy : choose default context] *****************************************
changed: [localhost]

PLAY [kube_master,kube_node,etcd] **********************************************

TASK [Gathering Facts] *********************************************************
ok: [192.168.47.133]

TASK [prepare : read the prepare tasks file] ***********************************
ok: [192.168.47.133]

TASK [prepare : indicates the prepare tasks finished already] ******************
skipping: [192.168.47.133]

TASK [prepare : copy huawei cloud apt mirror script] ***************************
skipping: [192.168.47.133]

TASK [prepare : apply huawei cloud apt mirror] *********************************
skipping: [192.168.47.133]

TASK [prepare : update apt cache] **********************************************
skipping: [192.168.47.133]

TASK [prepare : delete ubuntu default software] ********************************
skipping: [192.168.47.133]

TASK [prepare : install ubuntu/debian basic software] **************************
skipping: [192.168.47.133]

TASK [prepare : create journal relative directory] *****************************
skipping: [192.168.47.133] => (item=/etc/systemd/journald.conf.d) 
skipping: [192.168.47.133] => (item=/var/log/journal) 
skipping: [192.168.47.133]

TASK [prepare : optimize journal params] ***************************************
skipping: [192.168.47.133]

TASK [prepare : restart journald service] **************************************
skipping: [192.168.47.133]

TASK [prepare : copy huawei cloud yum/dnf mirror script] ***********************
ok: [192.168.47.133]

TASK [prepare : apply huawei cloud yum/dnf mirror] *****************************
ok: [192.168.47.133]

TASK [prepare : detect ansible-compatible python on target] ********************
ok: [192.168.47.133]

TASK [prepare : install python39 for ansible (RHEL8 family, only when no compatible python)] ***
skipping: [192.168.47.133]

TASK [prepare : delete centos/redhat default software] *************************
ok: [192.168.47.133]

TASK [prepare : install basic system software] *********************************
ok: [192.168.47.133]

TASK [prepare : disable selinux right now] *************************************
changed: [192.168.47.133]

TASK [prepare : check if /etc/selinux/config exists] ***************************
ok: [192.168.47.133]

TASK [prepare : disable selinux forever] ***************************************
ok: [192.168.47.133]

TASK [prepare : disable selinux forever] ***************************************
skipping: [192.168.47.133]

TASK [prepare : forbidden rsyslog fetch journald 1, avoid double handling logs and wasting disk space] ***
ok: [192.168.47.133]

TASK [prepare : forbidden rsyslog fetch journald 2, avoid double handling logs and wasting disk space] ***
ok: [192.168.47.133]

TASK [prepare : restart rsyslog service] ***************************************
changed: [192.168.47.133]

TASK [prepare : copy huawei cloud zypper mirror script] ************************
skipping: [192.168.47.133]

TASK [prepare : apply huawei cloud zypper mirror] ******************************
skipping: [192.168.47.133]

TASK [prepare : install basic system software] *********************************
skipping: [192.168.47.133]

TASK [prepare : copy huawei cloud yum/dnf mirror script] ***********************
skipping: [192.168.47.133]

TASK [prepare : apply huawei cloud yum/dnf mirror] *****************************
skipping: [192.168.47.133]

TASK [prepare : detect ansible-compatible python on target] ********************
skipping: [192.168.47.133]

TASK [prepare : install python39 for ansible (RHEL8 family, only when no compatible python)] ***
skipping: [192.168.47.133]

TASK [prepare : delete centos/redhat default software] *************************
skipping: [192.168.47.133]

TASK [prepare : install basic system software] *********************************
skipping: [192.168.47.133]

TASK [prepare : disable selinux right now] *************************************
skipping: [192.168.47.133]

TASK [prepare : check if /etc/selinux/config exists] ***************************
skipping: [192.168.47.133]

TASK [prepare : disable selinux forever] ***************************************
skipping: [192.168.47.133]

TASK [prepare : disable selinux forever] ***************************************
skipping: [192.168.47.133]

TASK [prepare : forbidden rsyslog fetch journald 1, avoid double handling logs and wasting disk space] ***
skipping: [192.168.47.133]

TASK [prepare : forbidden rsyslog fetch journald 2, avoid double handling logs and wasting disk space] ***
skipping: [192.168.47.133]

TASK [prepare : restart rsyslog service] ***************************************
skipping: [192.168.47.133]

TASK [prepare : disable swap] **************************************************
changed: [192.168.47.133]

TASK [prepare : delete fstab swap configuration] *******************************
ok: [192.168.47.133]

TASK [prepare : load kernel module] ********************************************
ok: [192.168.47.133] => (item=br_netfilter)
ok: [192.168.47.133] => (item=dm_snapshot)
ok: [192.168.47.133] => (item=dm_thin_pool)
ok: [192.168.47.133] => (item=ip_vs)
ok: [192.168.47.133] => (item=ip_vs_rr)
ok: [192.168.47.133] => (item=ip_vs_wrr)
ok: [192.168.47.133] => (item=ip_vs_sh)
ok: [192.168.47.133] => (item=nf_conntrack)

TASK [prepare : try to load nf_conntrack_ipv4] *********************************
changed: [192.168.47.133]

TASK [prepare : enable systemd loading module automatically] *******************
ok: [192.168.47.133]

TASK [prepare : load kernel module on startup] *********************************
ok: [192.168.47.133]

TASK [prepare : set system params] *********************************************
ok: [192.168.47.133]

TASK [prepare : check if fs.may_detach_mounts needs to be set] *****************
ok: [192.168.47.133]

TASK [prepare : if needed, set fs.may_detach_mounts as 1] **********************
skipping: [192.168.47.133]

TASK [prepare : check if net.ipv4.tcp_tw_recycle needs to be set] **************
ok: [192.168.47.133]

TASK [prepare : if needed, set tcp_tw_recycle] *********************************
skipping: [192.168.47.133]

TASK [prepare : take effect on system] *****************************************
changed: [192.168.47.133]

TASK [prepare : create systemd configuration directory] ************************
ok: [192.168.47.133]

TASK [prepare : set system param ulimits] **************************************
ok: [192.168.47.133]

TASK [prepare : take SCTP to kernel module blacklist] **************************
ok: [192.168.47.133]

TASK [prepare : prepare some dirs] *********************************************
ok: [192.168.47.133] => (item=/usr/local/bin)
changed: [192.168.47.133] => (item=/etc/kubernetes/ssl)
ok: [192.168.47.133] => (item=/root/.kube)

TASK [prepare : copy kubectl kubeconfig to home dir] ***************************
changed: [192.168.47.133]

TASK [prepare : add hosts entry to resolve local registry] *********************
ok: [192.168.47.133]

TASK [prepare : set node hostname] *********************************************
changed: [192.168.47.133]

TASK [prepare : the master[0] resolves all hosts master-133 in /etc/hosts] *****
changed: [192.168.47.133]

TASK [prepare : get /etc/hosts from the master[0]] *****************************
changed: [192.168.47.133]

TASK [prepare : delete /etc/hosts in the master[0]] ****************************
changed: [192.168.47.133]

TASK [prepare : sync /etc/hosts to all hosts] **********************************
changed: [192.168.47.133] => (item=192.168.47.133)
ok: [192.168.47.133] => (item=192.168.47.133)

TASK [prepare : set prepare tasks label file] **********************************
changed: [192.168.47.133]

PLAY [etcd] ********************************************************************

TASK [Gathering Facts] *********************************************************
ok: [192.168.47.133]

TASK [etcd : prepare some dirs] ************************************************
changed: [192.168.47.133]

TASK [etcd : download etcd binary] *********************************************
ok: [192.168.47.133] => (item=etcd)
ok: [192.168.47.133] => (item=etcdctl)
ok: [192.168.47.133] => (item=etcdutl)

TASK [etcd : create etcd CSR] **************************************************
changed: [192.168.47.133 -> localhost]

TASK [etcd : create etcd certs and private key] ********************************
changed: [192.168.47.133 -> localhost]

TASK [etcd : distribute etcd cert-related files] *******************************
changed: [192.168.47.133] => (item=ca.pem)
changed: [192.168.47.133] => (item=etcd.pem)
changed: [192.168.47.133] => (item=etcd-key.pem)

TASK [etcd : create etcd systemd unit file] ************************************
changed: [192.168.47.133]

TASK [etcd : enable etcd service on startup] ***********************************
changed: [192.168.47.133]

TASK [etcd : start etcd service] ***********************************************
changed: [192.168.47.133]

TASK [etcd : wait for etcd service running] ************************************
changed: [192.168.47.133]

PLAY [kube_master,kube_node] ***************************************************

TASK [Gathering Facts] *********************************************************
ok: [192.168.47.133]

TASK [docker : check if docker was installed] **********************************
skipping: [192.168.47.133]

TASK [docker : get docker version information] *********************************
skipping: [192.168.47.133]

TASK [docker : debug info] *****************************************************
skipping: [192.168.47.133]

TASK [docker : revise docker version with float type] **************************
skipping: [192.168.47.133]

TASK [docker : infer docker installed] *****************************************
skipping: [192.168.47.133]

TASK [docker : prepare docker-related directories] *****************************
skipping: [192.168.47.133] => (item=/usr/local/bin) 
skipping: [192.168.47.133] => (item=/etc/docker) 
skipping: [192.168.47.133]

TASK [docker : download docker binary] *****************************************
skipping: [192.168.47.133] => (item=/usr/local/kubeauto/docker-bin/docker-compose) 
skipping: [192.168.47.133] => (item=/usr/local/kubeauto/docker-bin/runc) 
skipping: [192.168.47.133] => (item=/usr/local/kubeauto/docker-bin/dockerd) 
skipping: [192.168.47.133] => (item=/usr/local/kubeauto/docker-bin/docker) 
skipping: [192.168.47.133] => (item=/usr/local/kubeauto/docker-bin/docker-proxy) 
skipping: [192.168.47.133] => (item=/usr/local/kubeauto/docker-bin/docker-init) 
skipping: [192.168.47.133] => (item=/usr/local/kubeauto/docker-bin/docker-buildx) 
skipping: [192.168.47.133] => (item=/usr/local/kubeauto/docker-bin/ctr) 
skipping: [192.168.47.133] => (item=/usr/local/kubeauto/docker-bin/containerd) 
skipping: [192.168.47.133] => (item=/usr/local/kubeauto/docker-bin/containerd-shim-runc-v2) 
skipping: [192.168.47.133]

TASK [docker : configure docker daemon] ****************************************
skipping: [192.168.47.133]

TASK [docker : create docker systemd unit file] ********************************
skipping: [192.168.47.133]

TASK [docker : enable docker service on startup] *******************************
skipping: [192.168.47.133]

TASK [docker : start docker service] *******************************************
skipping: [192.168.47.133]

TASK [docker : wait for docker running] ****************************************
skipping: [192.168.47.133]

TASK [docker : configure docker symlink] ***************************************
skipping: [192.168.47.133]

TASK [containerd : prepare containerd-related directories] *********************
changed: [192.168.47.133] => (item=/etc/containerd)
changed: [192.168.47.133] => (item=/etc/containerd/certs.d/docker.io)
changed: [192.168.47.133] => (item=/etc/containerd/certs.d/registry.talkschool.cn:5000)
changed: [192.168.47.133] => (item=/etc/containerd/certs.d/harbor.brinnatt.io.local:8443)

TASK [containerd : prepare INSECURE REGISTRY dirs] *****************************
skipping: [192.168.47.133] => (item=http://registry.talkschool.cn:5000) 
changed: [192.168.47.133] => (item=https://reg.yourcompany.com)

TASK [containerd : load kernel module overlay] *********************************
ok: [192.168.47.133]

TASK [containerd : download containerd binary] *********************************
ok: [192.168.47.133] => (item=/usr/local/kubeauto/extra-bin/containerd-bin/runc)
ok: [192.168.47.133] => (item=/usr/local/kubeauto/extra-bin/containerd-bin/containerd-stress)
ok: [192.168.47.133] => (item=/usr/local/kubeauto/extra-bin/containerd-bin/ctr)
ok: [192.168.47.133] => (item=/usr/local/kubeauto/extra-bin/containerd-bin/containerd)
ok: [192.168.47.133] => (item=/usr/local/kubeauto/extra-bin/containerd-bin/containerd-shim-runc-v2)

TASK [containerd : download crictl] ********************************************
ok: [192.168.47.133]

TASK [containerd : crictl bash completion] *************************************
changed: [192.168.47.133]

TASK [containerd : create containerd configuration file] ***********************
changed: [192.168.47.133]

TASK [containerd : configure docker.io accelerator] ****************************
changed: [192.168.47.133]

TASK [containerd : configure local_registry] ***********************************
changed: [192.168.47.133]

TASK [containerd : configure trusted INSECURE REGISTRY registry] ***************
skipping: [192.168.47.133] => (item=http://registry.talkschool.cn:5000) 
changed: [192.168.47.133] => (item=https://reg.yourcompany.com)

TASK [containerd : configure harbor registry] **********************************
changed: [192.168.47.133]

TASK [containerd : create systemd unit file] ***********************************
changed: [192.168.47.133]

TASK [containerd : create crictl configuration] ********************************
changed: [192.168.47.133]

TASK [containerd : enable containerd service on startup] ***********************
changed: [192.168.47.133]

TASK [containerd : start containerd service] ***********************************
changed: [192.168.47.133]

TASK [containerd : wait for containerd service running] ************************
changed: [192.168.47.133]

PLAY [kube_master] *************************************************************

TASK [Gathering Facts] *********************************************************
ok: [192.168.47.133]

TASK [kube-lb : prepare some dirs] *********************************************
changed: [192.168.47.133] => (item=/etc/kube-lb/sbin)
changed: [192.168.47.133] => (item=/etc/kube-lb/logs)
changed: [192.168.47.133] => (item=/etc/kube-lb/conf)

TASK [kube-lb : download kube-lb(nginx)] ***************************************
changed: [192.168.47.133]

TASK [kube-lb : create kube-lb configuration file] *****************************
changed: [192.168.47.133]

TASK [kube-lb : create kube-lb systemd unit file] ******************************
changed: [192.168.47.133]

TASK [kube-lb : enable kube-lb service on startup] *****************************
changed: [192.168.47.133]

TASK [kube-lb : start kube-lb service] *****************************************
changed: [192.168.47.133]

TASK [kube-lb : wait for kube-lb service running] ******************************
changed: [192.168.47.133]

TASK [kube-master : assure k8s bin can be executable] **************************
ok: [192.168.47.133] => (item=kube-apiserver)
ok: [192.168.47.133] => (item=kube-controller-manager)
ok: [192.168.47.133] => (item=kube-scheduler)
ok: [192.168.47.133] => (item=kubectl)

TASK [kube-master : distribute controller/scheduler kubeconfig] ****************
changed: [192.168.47.133] => (item=kube-controller-manager.kubeconfig)
changed: [192.168.47.133] => (item=kube-scheduler.kubeconfig)

TASK [kube-master : create cluster audit related directories] ******************
skipping: [192.168.47.133] => (item=/etc/kubernetes/audit) 
skipping: [192.168.47.133] => (item=/var/log/kubernetes/audit) 
skipping: [192.168.47.133]

TASK [kube-master : distribute cluster audit configuration file] ***************
skipping: [192.168.47.133]

TASK [kube-master : create kubernetes CSR] *************************************
changed: [192.168.47.133 -> localhost]

TASK [kube-master : create kubernetes cert and private key] ********************
changed: [192.168.47.133 -> localhost]

TASK [kube-master : create aggregator proxy CSR] *******************************
changed: [192.168.47.133 -> localhost]

TASK [kube-master : create aggregator-proxy cert and private key] **************
changed: [192.168.47.133 -> localhost]

TASK [kube-master : distribute kubernetes cert-related files] ******************
ok: [192.168.47.133] => (item=ca.pem)
changed: [192.168.47.133] => (item=ca-key.pem)
changed: [192.168.47.133] => (item=kubernetes.pem)
changed: [192.168.47.133] => (item=kubernetes-key.pem)
changed: [192.168.47.133] => (item=aggregator-proxy.pem)
changed: [192.168.47.133] => (item=aggregator-proxy-key.pem)

TASK [kube-master : correct apiserver socket in kubeconfig] ********************
changed: [192.168.47.133] => (item=/etc/kubernetes/kube-controller-manager.kubeconfig)
changed: [192.168.47.133] => (item=/etc/kubernetes/kube-scheduler.kubeconfig)

TASK [kube-master : create master systemd unit file] ***************************
changed: [192.168.47.133] => (item=kube-apiserver.service)
changed: [192.168.47.133] => (item=kube-controller-manager.service)
changed: [192.168.47.133] => (item=kube-scheduler.service)

TASK [kube-master : enable master service on startup] **************************
changed: [192.168.47.133]

TASK [kube-master : reload systemd and restart kube-apiserver] *****************
changed: [192.168.47.133]

TASK [kube-master : wait for kube-apiserver running] ***************************
changed: [192.168.47.133]

TASK [kube-master : restart kube-controller-manager and kube-scheduler] ********
changed: [192.168.47.133]

TASK [kube-master : wait for kube-controller-manager running] ******************
FAILED - RETRYING: [192.168.47.133]: wait for kube-controller-manager running (8 retries left).
FAILED - RETRYING: [192.168.47.133]: wait for kube-controller-manager running (7 retries left).
changed: [192.168.47.133]

TASK [kube-master : wait for kube-scheduler running] ***************************
changed: [192.168.47.133]

TASK [kube-master : copy kubectl.kubeconfig] ***********************************
changed: [192.168.47.133 -> localhost]

TASK [kube-master : correct apiserver socket in kubeconfig] ********************
ok: [192.168.47.133 -> localhost]

TASK [kube-master : wait for master service running] ***************************
changed: [192.168.47.133 -> localhost]

TASK [kube-master : check if user:kubernetes was bond to related role] *********
changed: [192.168.47.133 -> localhost]

TASK [kube-master : create user:kubernetes role binding] ***********************
changed: [192.168.47.133 -> localhost]

TASK [kube-node : create kube_node related directories] ************************
changed: [192.168.47.133] => (item=/var/lib/kubelet)
changed: [192.168.47.133] => (item=/var/lib/kube-proxy)
ok: [192.168.47.133] => (item=/etc/cni/net.d)
ok: [192.168.47.133] => (item=/opt/cni/bin)

TASK [kube-node : download kubelet,kube-proxy binaries] ************************
ok: [192.168.47.133] => (item=kubectl)
ok: [192.168.47.133] => (item=kubelet)
ok: [192.168.47.133] => (item=kube-proxy)

TASK [kube-node : download cni plugins binaries] *******************************
changed: [192.168.47.133] => (item=/usr/local/kubeauto/extra-bin/cni-bin/portmap)
ok: [192.168.47.133] => (item=/usr/local/kubeauto/extra-bin/cni-bin/README.md)
ok: [192.168.47.133] => (item=/usr/local/kubeauto/extra-bin/cni-bin/static)
ok: [192.168.47.133] => (item=/usr/local/kubeauto/extra-bin/cni-bin/sbr)
changed: [192.168.47.133] => (item=/usr/local/kubeauto/extra-bin/cni-bin/host-local)
ok: [192.168.47.133] => (item=/usr/local/kubeauto/extra-bin/cni-bin/vrf)
ok: [192.168.47.133] => (item=/usr/local/kubeauto/extra-bin/cni-bin/macvlan)
changed: [192.168.47.133] => (item=/usr/local/kubeauto/extra-bin/cni-bin/bandwidth)
ok: [192.168.47.133] => (item=/usr/local/kubeauto/extra-bin/cni-bin/bridge)
ok: [192.168.47.133] => (item=/usr/local/kubeauto/extra-bin/cni-bin/tap)
ok: [192.168.47.133] => (item=/usr/local/kubeauto/extra-bin/cni-bin/ipvlan)
ok: [192.168.47.133] => (item=/usr/local/kubeauto/extra-bin/cni-bin/host-device)
changed: [192.168.47.133] => (item=/usr/local/kubeauto/extra-bin/cni-bin/tuning)
ok: [192.168.47.133] => (item=/usr/local/kubeauto/extra-bin/cni-bin/vlan)
ok: [192.168.47.133] => (item=/usr/local/kubeauto/extra-bin/cni-bin/firewall)
changed: [192.168.47.133] => (item=/usr/local/kubeauto/extra-bin/cni-bin/loopback)
ok: [192.168.47.133] => (item=/usr/local/kubeauto/extra-bin/cni-bin/ptp)
ok: [192.168.47.133] => (item=/usr/local/kubeauto/extra-bin/cni-bin/dummy)
ok: [192.168.47.133] => (item=/usr/local/kubeauto/extra-bin/cni-bin/LICENSE)
ok: [192.168.47.133] => (item=/usr/local/kubeauto/extra-bin/cni-bin/dhcp)

TASK [kube-node : kubectl bash completion] *************************************
changed: [192.168.47.133]

TASK [kube-node : prepare kubelet CSR] *****************************************
changed: [192.168.47.133 -> localhost]

TASK [kube-node : create kubelet cert and private key] *************************
changed: [192.168.47.133 -> localhost]

TASK [kube-node : set cluster params] ******************************************
changed: [192.168.47.133 -> localhost]

TASK [kube-node : set client credential params] ********************************
changed: [192.168.47.133 -> localhost]

TASK [kube-node : set context params] ******************************************
changed: [192.168.47.133 -> localhost]

TASK [kube-node : choose default context] **************************************
changed: [192.168.47.133 -> localhost]

TASK [kube-node : distribute ca cert] ******************************************
ok: [192.168.47.133]

TASK [kube-node : distribute kubelet cert] *************************************
changed: [192.168.47.133] => (item=kubelet.pem)
changed: [192.168.47.133] => (item=kubelet-key.pem)

TASK [kube-node : distribute kubeconfig] ***************************************
changed: [192.168.47.133]

TASK [kube-node : prepare cni configuration file] ******************************
changed: [192.168.47.133]

TASK [kube-node : create kubelet configuration file] ***************************
changed: [192.168.47.133]

TASK [kube-node : check if /run/systemd/resolve/resolv.conf exists] ************
ok: [192.168.47.133]

TASK [kube-node : replace resolvConf param] ************************************
skipping: [192.168.47.133]

TASK [kube-node : create kubelet systemd unit file] ****************************
changed: [192.168.47.133]

TASK [kube-node : enable kubelet service on startup] ***************************
changed: [192.168.47.133]

TASK [kube-node : start kubelet service] ***************************************
changed: [192.168.47.133]

TASK [kube-node : distribute kube-proxy.kubeconfig configuration file] *********
changed: [192.168.47.133]

TASK [kube-node : correct apiserver socket in kube-proxy.kubeconfig] ***********
changed: [192.168.47.133]

TASK [kube-node : create kube-proxy configuration] *****************************
changed: [192.168.47.133]

TASK [kube-node : create kube-proxy service file] ******************************
changed: [192.168.47.133]

TASK [kube-node : enable kube-proxy service on startup] ************************
changed: [192.168.47.133]

TASK [kube-node : start kube-proxy service] ************************************
changed: [192.168.47.133]

TASK [kube-node : wait for kube-proxy running] *********************************
changed: [192.168.47.133]

TASK [kube-node : wait for kubelet running] ************************************
changed: [192.168.47.133]

TASK [kube-node : wait for node Ready] *****************************************
changed: [192.168.47.133 -> localhost]

TASK [kube-node : Setting worker role name] ************************************
changed: [192.168.47.133 -> localhost]

TASK [kube-node : Setting master role name] ************************************
changed: [192.168.47.133 -> localhost]

TASK [kube-node : Making master nodes SchedulingDisabled] **********************
skipping: [192.168.47.133]

PLAY [kube_node] ***************************************************************

TASK [Gathering Facts] *********************************************************
ok: [192.168.47.133]

TASK [kube-lb : prepare some dirs] *********************************************
skipping: [192.168.47.133] => (item=/etc/kube-lb/sbin) 
skipping: [192.168.47.133] => (item=/etc/kube-lb/logs) 
skipping: [192.168.47.133] => (item=/etc/kube-lb/conf) 
skipping: [192.168.47.133]

TASK [kube-lb : download kube-lb(nginx)] ***************************************
skipping: [192.168.47.133]

TASK [kube-lb : create kube-lb configuration file] *****************************
skipping: [192.168.47.133]

TASK [kube-lb : create kube-lb systemd unit file] ******************************
skipping: [192.168.47.133]

TASK [kube-lb : enable kube-lb service on startup] *****************************
skipping: [192.168.47.133]

TASK [kube-lb : start kube-lb service] *****************************************
skipping: [192.168.47.133]

TASK [kube-lb : wait for kube-lb service running] ******************************
skipping: [192.168.47.133]

TASK [kube-node : create kube_node related directories] ************************
skipping: [192.168.47.133] => (item=/var/lib/kubelet) 
skipping: [192.168.47.133] => (item=/var/lib/kube-proxy) 
skipping: [192.168.47.133] => (item=/etc/cni/net.d) 
skipping: [192.168.47.133] => (item=/opt/cni/bin) 
skipping: [192.168.47.133]

TASK [kube-node : download kubelet,kube-proxy binaries] ************************
skipping: [192.168.47.133] => (item=kubectl) 
skipping: [192.168.47.133] => (item=kubelet) 
skipping: [192.168.47.133] => (item=kube-proxy) 
skipping: [192.168.47.133]

TASK [kube-node : download cni plugins binaries] *******************************
skipping: [192.168.47.133] => (item=/usr/local/kubeauto/extra-bin/cni-bin/portmap) 
skipping: [192.168.47.133] => (item=/usr/local/kubeauto/extra-bin/cni-bin/README.md) 
skipping: [192.168.47.133] => (item=/usr/local/kubeauto/extra-bin/cni-bin/static) 
skipping: [192.168.47.133] => (item=/usr/local/kubeauto/extra-bin/cni-bin/sbr) 
skipping: [192.168.47.133] => (item=/usr/local/kubeauto/extra-bin/cni-bin/host-local) 
skipping: [192.168.47.133] => (item=/usr/local/kubeauto/extra-bin/cni-bin/vrf) 
skipping: [192.168.47.133] => (item=/usr/local/kubeauto/extra-bin/cni-bin/macvlan) 
skipping: [192.168.47.133] => (item=/usr/local/kubeauto/extra-bin/cni-bin/bandwidth) 
skipping: [192.168.47.133] => (item=/usr/local/kubeauto/extra-bin/cni-bin/bridge) 
skipping: [192.168.47.133] => (item=/usr/local/kubeauto/extra-bin/cni-bin/tap) 
skipping: [192.168.47.133] => (item=/usr/local/kubeauto/extra-bin/cni-bin/ipvlan) 
skipping: [192.168.47.133] => (item=/usr/local/kubeauto/extra-bin/cni-bin/host-device) 
skipping: [192.168.47.133] => (item=/usr/local/kubeauto/extra-bin/cni-bin/tuning) 
skipping: [192.168.47.133] => (item=/usr/local/kubeauto/extra-bin/cni-bin/vlan) 
skipping: [192.168.47.133] => (item=/usr/local/kubeauto/extra-bin/cni-bin/firewall) 
skipping: [192.168.47.133] => (item=/usr/local/kubeauto/extra-bin/cni-bin/loopback) 
skipping: [192.168.47.133] => (item=/usr/local/kubeauto/extra-bin/cni-bin/ptp) 
skipping: [192.168.47.133] => (item=/usr/local/kubeauto/extra-bin/cni-bin/dummy) 
skipping: [192.168.47.133] => (item=/usr/local/kubeauto/extra-bin/cni-bin/LICENSE) 
skipping: [192.168.47.133] => (item=/usr/local/kubeauto/extra-bin/cni-bin/dhcp) 
skipping: [192.168.47.133]

TASK [kube-node : kubectl bash completion] *************************************
skipping: [192.168.47.133]

TASK [kube-node : prepare kubelet CSR] *****************************************
skipping: [192.168.47.133]

TASK [kube-node : create kubelet cert and private key] *************************
skipping: [192.168.47.133]

TASK [kube-node : set cluster params] ******************************************
skipping: [192.168.47.133]

TASK [kube-node : set client credential params] ********************************
skipping: [192.168.47.133]

TASK [kube-node : set context params] ******************************************
skipping: [192.168.47.133]

TASK [kube-node : choose default context] **************************************
skipping: [192.168.47.133]

TASK [kube-node : distribute ca cert] ******************************************
skipping: [192.168.47.133]

TASK [kube-node : distribute kubelet cert] *************************************
skipping: [192.168.47.133] => (item=kubelet.pem) 
skipping: [192.168.47.133] => (item=kubelet-key.pem) 
skipping: [192.168.47.133]

TASK [kube-node : distribute kubeconfig] ***************************************
skipping: [192.168.47.133]

TASK [kube-node : prepare cni configuration file] ******************************
skipping: [192.168.47.133]

TASK [kube-node : create kubelet configuration file] ***************************
skipping: [192.168.47.133]

TASK [kube-node : check if /run/systemd/resolve/resolv.conf exists] ************
skipping: [192.168.47.133]

TASK [kube-node : replace resolvConf param] ************************************
skipping: [192.168.47.133]

TASK [kube-node : create kubelet systemd unit file] ****************************
skipping: [192.168.47.133]

TASK [kube-node : enable kubelet service on startup] ***************************
skipping: [192.168.47.133]

TASK [kube-node : start kubelet service] ***************************************
skipping: [192.168.47.133]

TASK [kube-node : distribute kube-proxy.kubeconfig configuration file] *********
skipping: [192.168.47.133]

TASK [kube-node : correct apiserver socket in kube-proxy.kubeconfig] ***********
skipping: [192.168.47.133]

TASK [kube-node : create kube-proxy configuration] *****************************
skipping: [192.168.47.133]

TASK [kube-node : create kube-proxy service file] ******************************
skipping: [192.168.47.133]

TASK [kube-node : enable kube-proxy service on startup] ************************
skipping: [192.168.47.133]

TASK [kube-node : start kube-proxy service] ************************************
skipping: [192.168.47.133]

TASK [kube-node : wait for kube-proxy running] *********************************
skipping: [192.168.47.133]

TASK [kube-node : wait for kubelet running] ************************************
skipping: [192.168.47.133]

TASK [kube-node : wait for node Ready] *****************************************
skipping: [192.168.47.133]

TASK [kube-node : Setting worker role name] ************************************
skipping: [192.168.47.133]

TASK [kube-node : Setting master role name] ************************************
skipping: [192.168.47.133]

TASK [kube-node : Making master nodes SchedulingDisabled] **********************
skipping: [192.168.47.133]

PLAY [kube_master,kube_node] ***************************************************

TASK [Gathering Facts] *********************************************************
ok: [192.168.47.133]

TASK [calico : create calico CSR] **********************************************
skipping: [192.168.47.133]

TASK [calico : create calico cert and private key] *****************************
skipping: [192.168.47.133]

TASK [calico : delete old calico-etcd-secrets] *********************************
skipping: [192.168.47.133]

TASK [calico : create calico-etcd-secrets] *************************************
skipping: [192.168.47.133]

TASK [calico : configure calico DaemonSet yaml file] ***************************
skipping: [192.168.47.133]

TASK [calico : delete calico network] ******************************************
skipping: [192.168.47.133]

TASK [calico : apply calico network] *******************************************
skipping: [192.168.47.133]

TASK [calico : prepare some dirs] **********************************************
skipping: [192.168.47.133] => (item=/etc/calico/ssl) 
skipping: [192.168.47.133]

TASK [calico : distribute calico cert-related files] ***************************
skipping: [192.168.47.133] => (item=ca.pem) 
skipping: [192.168.47.133] => (item=calico.pem) 
skipping: [192.168.47.133] => (item=calico-key.pem) 
skipping: [192.168.47.133]

TASK [calico : delete default cni configuration] *******************************
skipping: [192.168.47.133]

TASK [calico : download calicoctl client command] ******************************
skipping: [192.168.47.133] => (item=calicoctl) 
skipping: [192.168.47.133]

TASK [calico : prepare calicoctl configuration file] ***************************
skipping: [192.168.47.133]

TASK [calico : wait for calico-node running in a polling manner] ***************
skipping: [192.168.47.133]

TASK [calico : choose default rr nodes(master nodes by default)] ***************
skipping: [192.168.47.133]

TASK [calico : choose user-defined rr nodes] ***********************************
skipping: [192.168.47.133]

TASK [calico : show rr nodes] **************************************************
skipping: [192.168.47.133]

TASK [calico : configure routeReflectorClusterID] ******************************
skipping: [192.168.47.133]

TASK [calico : node label] *****************************************************
skipping: [192.168.47.133]

TASK [calico : configure calico bgp yaml file] *********************************
skipping: [192.168.47.133] => (item=bgp-default.yaml) 
skipping: [192.168.47.133] => (item=bgp-rr.yaml) 
skipping: [192.168.47.133]

TASK [calico : apply calico bgp configuration] *********************************
skipping: [192.168.47.133]

TASK [calico : check bgp connection] *******************************************
skipping: [192.168.47.133]

TASK [calico : debug] **********************************************************
skipping: [192.168.47.133]

TASK [cilium : revise kernel version with float type] **************************
ok: [192.168.47.133]

TASK [cilium : check if kernel version > 4.9] **********************************
skipping: [192.168.47.133]

TASK [cilium : create cilium chart setting] ************************************
changed: [192.168.47.133 -> localhost]

TASK [cilium : helm delete cilium v1.19.5] *************************************
skipping: [192.168.47.133]

TASK [cilium : helm create cilium v1.19.5] *************************************
changed: [192.168.47.133 -> localhost]

TASK [cilium : download client tools] ******************************************
ok: [192.168.47.133] => (item=cilium)
ok: [192.168.47.133] => (item=hubble)

TASK [cilium : delete default cni configurations] ******************************
changed: [192.168.47.133]

TASK [cilium : wait for cilium-node running in a polling manner] ***************
FAILED - RETRYING: [192.168.47.133 -> localhost]: wait for cilium-node running in a polling manner (30 retries left).
changed: [192.168.47.133 -> localhost]

TASK [cilium : restart hubble-ui after CNI is up (avoids frontend probe failure during bootstrap)] ***
fatal: [192.168.47.133 -> localhost]: FAILED! => {"changed": true, "cmd": "kubectl --kubeconfig=/usr/local/kubeauto/clusters/deliver-hubble/kubectl.kubeconfig rollout restart deploy/hubble-ui -n kube-system && kubectl --kubeconfig=/usr/local/kubeauto/clusters/deliver-hubble/kubectl.kubeconfig rollout status deploy/hubble-ui -n kube-system --timeout=180s", "delta": "0:03:00.090034", "end": "2026-07-17 00:16:40.178035", "msg": "non-zero return code", "rc": 1, "start": "2026-07-17 00:13:40.088001", "stderr": "error: timed out waiting for the condition", "stderr_lines": ["error: timed out waiting for the condition"], "stdout": "deployment.apps/hubble-ui restarted\nWaiting for deployment \"hubble-ui\" rollout to finish: 0 out of 1 new replicas have been updated...\nWaiting for deployment \"hubble-ui\" rollout to finish: 1 old replicas are pending termination...\nWaiting for deployment \"hubble-ui\" rollout to finish: 0 of 1 updated replicas are available...", "stdout_lines": ["deployment.apps/hubble-ui restarted", "Waiting for deployment \"hubble-ui\" rollout to finish: 0 out of 1 new replicas have been updated...", "Waiting for deployment \"hubble-ui\" rollout to finish: 1 old replicas are pending termination...", "Waiting for deployment \"hubble-ui\" rollout to finish: 0 of 1 updated replicas are available..."]}

PLAY RECAP *********************************************************************
192.168.47.133             : ok=129  changed=90   unreachable=0    failed=1    skipped=119  rescued=0    ignored=0   
localhost                  : ok=31   changed=28   unreachable=0    failed=0    skipped=11   rescued=0    ignored=0   
[2026-07-17 00:16:40] [ERROR] [service.cluster.manager] Failed to set up the k8s cluster with playbook 90.setup.yml
[2026-07-17 00:16:40] [ERROR] [controller.cluster.cli] Failed to set up the k8s cluster with playbook 90.setup.yml
[FAIL] P1 Hubble setup

========== P0 Nacos + P1 MinIO=4 + HA addons on test-ha (need >=3 nodes) ==========
[2026-07-17 00:16:40] [INFO] [service.cluster.manager] Ansible Python policy (ansible-core 2.17): control node Python >=3.10, target module runtime Python >=3.9
[2026-07-17 00:16:40] [INFO] [service.cluster.manager] Cluster deliver-hubble: running destroy (playbook 99.clean.yml).
[2026-07-17 00:16:40] [INFO] [service.cluster.manager] Component versions (kubernetes / etcd / network):
[2026-07-17 00:16:40] [INFO] [service.cluster.manager]   kubernetes: v1.33.6, etcd: v3.6.4, cilium: v1.19.5
[WARNING]: Collection ansible.posix does not support Ansible version 2.17.14

PLAY [kube_master,kube_node,ex_lb,etcd] ****************************************

TASK [Gathering Facts] *********************************************************
ok: [192.168.47.133]

TASK [clean : stop and disable etcd service] ***********************************
changed: [192.168.47.133]

TASK [clean : remove etcd-role files and dirs] *********************************
changed: [192.168.47.133] => (item=/var/lib/etcd)
ok: [192.168.47.133] => (item=)
ok: [192.168.47.133] => (item=/backup/k8s)
changed: [192.168.47.133] => (item=/etc/systemd/system/etcd.service)
changed: [192.168.47.133] => (item=/opt/kubeauto_prepare_tasks)
changed: [192.168.47.133] => (item=/etc/kubernetes/ssl/etcd.pem)
changed: [192.168.47.133] => (item=/etc/kubernetes/ssl/etcd-key.pem)

TASK [clean : stop and disable kube_master service] ****************************
changed: [192.168.47.133] => (item=kube-apiserver)
changed: [192.168.47.133] => (item=kube-controller-manager)
changed: [192.168.47.133] => (item=kube-scheduler)

TASK [clean : remove files and dirs of 'kube_master' nodes (master-role only)] ***
ok: [192.168.47.133] => (item=/var/run/kubernetes)
changed: [192.168.47.133] => (item=/etc/systemd/system/kube-apiserver.service)
changed: [192.168.47.133] => (item=/etc/systemd/system/kube-controller-manager.service)
changed: [192.168.47.133] => (item=/etc/systemd/system/kube-scheduler.service)
changed: [192.168.47.133] => (item=/etc/kubernetes/kube-controller-manager.kubeconfig)
changed: [192.168.47.133] => (item=/etc/kubernetes/kube-scheduler.kubeconfig)
ok: [192.168.47.133] => (item=/etc/kubernetes/audit)
ok: [192.168.47.133] => (item=/var/log/kubernetes/audit)

TASK [clean : stop and disable kube_node service] ******************************
changed: [192.168.47.133] => (item=kube-lb)
changed: [192.168.47.133] => (item=kubelet)
changed: [192.168.47.133] => (item=kube-proxy)

TASK [clean : umount kubelet filesystems] **************************************
changed: [192.168.47.133]

TASK [clean : remove files and dirs of 'kube_node' nodes (node-role only)] *****
changed: [192.168.47.133] => (item=/var/lib/kubelet/)
changed: [192.168.47.133] => (item=/var/lib/kube-proxy/)
changed: [192.168.47.133] => (item=/etc/systemd/system/kube-lb.service)
changed: [192.168.47.133] => (item=/etc/systemd/system/kubelet.service)
changed: [192.168.47.133] => (item=/etc/systemd/system/kube-proxy.service)
changed: [192.168.47.133] => (item=/etc/kube-lb/)
changed: [192.168.47.133] => (item=/etc/kubernetes/kubelet.kubeconfig)
changed: [192.168.47.133] => (item=/etc/kubernetes/kube-proxy.kubeconfig)
ok: [192.168.47.133] => (item=/opt/kubeauto_prepare_tasks)
changed: [192.168.47.133] => (item=/root/.kube/config)

TASK [clean : to check if container 'kubeauto' is running] *********************
skipping: [192.168.47.133]

TASK [clean : stop and disable docker service] *********************************
skipping: [192.168.47.133]

TASK [clean : umount docker filesystem-1] **************************************
skipping: [192.168.47.133]

TASK [clean : umount docker filesystem-2] **************************************
skipping: [192.168.47.133]

TASK [clean : umount docker filesystem-3] **************************************
skipping: [192.168.47.133]

TASK [clean : umount docker filesystem-4] **************************************
skipping: [192.168.47.133]

TASK [clean : umount docker filesystem-5] **************************************
skipping: [192.168.47.133]

TASK [clean : remove files and dirs] *******************************************
skipping: [192.168.47.133] => (item=/var/lib/docker/) 
skipping: [192.168.47.133] => (item=/var/lib/dockershim/) 
skipping: [192.168.47.133] => (item=/var/run/docker/) 
skipping: [192.168.47.133] => (item=/etc/docker/) 
skipping: [192.168.47.133] => (item=/etc/systemd/system/docker.service) 
skipping: [192.168.47.133] => (item=/etc/systemd/system/docker.service.requires/) 
skipping: [192.168.47.133] => (item=/etc/systemd/system/docker.service.d/) 
skipping: [192.168.47.133] => (item=/etc/bash_completion.d/docker) 
skipping: [192.168.47.133] => (item=/usr/bin/docker) 
skipping: [192.168.47.133]

TASK [clean : stop and disable containerd service] *****************************
changed: [192.168.47.133]

TASK [clean : umount containerd filesystems] ***********************************
changed: [192.168.47.133]

TASK [clean : remove files and dirs] *******************************************
changed: [192.168.47.133] => (item=/etc/containerd/)
changed: [192.168.47.133] => (item=/etc/crictl.yaml)
changed: [192.168.47.133] => (item=/etc/systemd/system/containerd.service)
changed: [192.168.47.133] => (item=/opt/containerd/)
changed: [192.168.47.133] => (item=/var/lib/containerd/)
changed: [192.168.47.133] => (item=/var/run/containerd/)

TASK [clean : remove files and dirs2] ******************************************
failed: [192.168.47.133] (item=/etc/cni/) => {"ansible_loop_var": "item", "changed": false, "item": "/etc/cni/", "msg": "rmtree failed: [Errno 39] Directory not empty: 'net.d'"}
ok: [192.168.47.133] => (item=/run/flannel/)
ok: [192.168.47.133] => (item=/etc/calico/)
ok: [192.168.47.133] => (item=/var/lib/calico/)
ok: [192.168.47.133] => (item=/var/log/calico/)
ok: [192.168.47.133] => (item=/etc/cilium/)
changed: [192.168.47.133] => (item=/sys/fs/bpf/tc/)
changed: [192.168.47.133] => (item=/var/lib/cni/)
ok: [192.168.47.133] => (item=/var/lib/kube-router/)
ok: [192.168.47.133] => (item=/var/run/openvswitch/)
ok: [192.168.47.133] => (item=/var/run/ovn/)
ok: [192.168.47.133] => (item=/etc/origin/openvswitch/)
ok: [192.168.47.133] => (item=/etc/origin/ovn/)
ok: [192.168.47.133] => (item=/var/log/openvswitch/)
ok: [192.168.47.133] => (item=/var/log/ovn/)
ok: [192.168.47.133] => (item=/var/log/kube-ovn/)
...ignoring

TASK [clean : get service info] ************************************************
skipping: [192.168.47.133]

TASK [clean : remove service l4lb] *********************************************
skipping: [192.168.47.133]

TASK [clean : remove service keepalived] ***************************************
skipping: [192.168.47.133]

TASK [clean : remove files and dirs] *******************************************
skipping: [192.168.47.133] => (item=/etc/l4lb) 
skipping: [192.168.47.133] => (item=/etc/keepalived) 
skipping: [192.168.47.133] => (item=/etc/systemd/system/l4lb.service) 
skipping: [192.168.47.133] => (item=/etc/systemd/system/keepalived.service) 
skipping: [192.168.47.133] => (item=/usr/local/sbin/keepalived) 
skipping: [192.168.47.133]

TASK [clean : stop and disable chronyd] ****************************************
skipping: [192.168.47.133]

TASK [clean : remove chrony-role files and dirs] *******************************
skipping: [192.168.47.133] => (item=/etc/chrony) 
skipping: [192.168.47.133] => (item=/var/lib/chrony) 
skipping: [192.168.47.133] => (item=/var/log/chrony) 
skipping: [192.168.47.133] => (item=/var/run/chrony) 
skipping: [192.168.47.133] => (item=/etc/systemd/system/chronyd.service) 
skipping: [192.168.47.133]

TASK [clean : remove ssl dir (full teardown only)] *****************************
changed: [192.168.47.133]

TASK [clean : remove prepare tasks marker (full teardown only)] ****************
ok: [192.168.47.133]

TASK [clean : remove /etc/kubernetes dir (full teardown only)] *****************
changed: [192.168.47.133]

TASK [clean : flush ipvs rules (full teardown only)] ***************************
changed: [192.168.47.133]

TASK [clean : clean 'ENV PATH'] ************************************************
changed: [192.168.47.133] => (item=kubeauto)
ok: [192.168.47.133] => (item=helm completion)
ok: [192.168.47.133] => (item=kubectl completion)
ok: [192.168.47.133] => (item=crictl completion)
ok: [192.168.47.133] => (item=HELM_TLS_ENABLE)

TASK [clean : delete k8s node hosts block on this host] ************************
changed: [192.168.47.133]

TASK [clean : important indicates WARNNING] ************************************
ok: [192.168.47.133] => {
    "msg": "[IMPORTANT]: please reboot nodes, makesure to clean out net interfaces, routes and iptables/ipvs rules."
}

PLAY RECAP *********************************************************************
192.168.47.133             : ok=19   changed=16   unreachable=0    failed=0    skipped=14   rescued=0    ignored=1   
[2026-07-17 00:18:38] [INFO] [service.cluster.manager] Cluster deliver-hubble: destroy completed.
[2026-07-17 00:18:38] [INFO] [service.cluster.manager] Cluster directory deliver-hubble removed.
[2026-07-17 00:18:38] [INFO] [service.cluster.manager] Current kubeconfig set to cluster test-ha.
Adding workers 133 and 141 to test-ha (have 2)
[2026-07-17 00:18:40] [INFO] [service.cluster.manager] Ansible Python policy (ansible-core 2.17): control node Python >=3.10, target module runtime Python >=3.9
[2026-07-17 00:18:40] [INFO] [service.cluster.manager] Adding worker node 192.168.47.133 to cluster test-ha.
[WARNING]: Collection ansible.posix does not support Ansible version 2.17.14

PLAY [192.168.47.133] **********************************************************

TASK [Gathering Facts] *********************************************************
ok: [192.168.47.133]

TASK [chrony : check if chronyd running, break the role] ***********************
skipping: [192.168.47.133]

TASK [chrony : terminate the play if chronyd running] **************************
skipping: [192.168.47.133]

TASK [chrony : uninstall residual ntp chrony] **********************************
skipping: [192.168.47.133] => (item=ntp) 
skipping: [192.168.47.133] => (item=chrony) 
skipping: [192.168.47.133]

TASK [chrony : prepare some dirs] **********************************************
skipping: [192.168.47.133] => (item=/etc/chrony) 
skipping: [192.168.47.133] => (item=/var/lib/chrony) 
skipping: [192.168.47.133] => (item=/var/log/chrony) 
skipping: [192.168.47.133]

TASK [chrony : distribute chronyd binary] **************************************
skipping: [192.168.47.133]

TASK [chrony : create chronyd systemd unit file] *******************************
skipping: [192.168.47.133]

TASK [chrony : configure chrony server] ****************************************
skipping: [192.168.47.133]

TASK [chrony : configure chrony client] ****************************************
skipping: [192.168.47.133]

TASK [chrony : enable chronyd service on startup] ******************************
skipping: [192.168.47.133]

TASK [chrony : start chronyd service] ******************************************
skipping: [192.168.47.133]

TASK [chrony : wait for chronyd running] ***************************************
skipping: [192.168.47.133]

TASK [prepare : read the prepare tasks file] ***********************************
ok: [192.168.47.133]

TASK [prepare : indicates the prepare tasks finished already] ******************
skipping: [192.168.47.133]

TASK [prepare : copy huawei cloud apt mirror script] ***************************
skipping: [192.168.47.133]

TASK [prepare : apply huawei cloud apt mirror] *********************************
skipping: [192.168.47.133]

TASK [prepare : update apt cache] **********************************************
skipping: [192.168.47.133]

TASK [prepare : delete ubuntu default software] ********************************
skipping: [192.168.47.133]

TASK [prepare : install ubuntu/debian basic software] **************************
skipping: [192.168.47.133]

TASK [prepare : create journal relative directory] *****************************
skipping: [192.168.47.133] => (item=/etc/systemd/journald.conf.d) 
skipping: [192.168.47.133] => (item=/var/log/journal) 
skipping: [192.168.47.133]

TASK [prepare : optimize journal params] ***************************************
skipping: [192.168.47.133]

TASK [prepare : restart journald service] **************************************
skipping: [192.168.47.133]

TASK [prepare : copy huawei cloud yum/dnf mirror script] ***********************
ok: [192.168.47.133]

TASK [prepare : apply huawei cloud yum/dnf mirror] *****************************
ok: [192.168.47.133]

TASK [prepare : detect ansible-compatible python on target] ********************
ok: [192.168.47.133]

TASK [prepare : install python39 for ansible (RHEL8 family, only when no compatible python)] ***
skipping: [192.168.47.133]

TASK [prepare : delete centos/redhat default software] *************************
ok: [192.168.47.133]

TASK [prepare : install basic system software] *********************************
ok: [192.168.47.133]

TASK [prepare : disable selinux right now] *************************************
changed: [192.168.47.133]

TASK [prepare : check if /etc/selinux/config exists] ***************************
ok: [192.168.47.133]

TASK [prepare : disable selinux forever] ***************************************
ok: [192.168.47.133]

TASK [prepare : disable selinux forever] ***************************************
skipping: [192.168.47.133]

TASK [prepare : forbidden rsyslog fetch journald 1, avoid double handling logs and wasting disk space] ***
ok: [192.168.47.133]

TASK [prepare : forbidden rsyslog fetch journald 2, avoid double handling logs and wasting disk space] ***
ok: [192.168.47.133]

TASK [prepare : restart rsyslog service] ***************************************
changed: [192.168.47.133]

TASK [prepare : copy huawei cloud zypper mirror script] ************************
skipping: [192.168.47.133]

TASK [prepare : apply huawei cloud zypper mirror] ******************************
skipping: [192.168.47.133]

TASK [prepare : install basic system software] *********************************
skipping: [192.168.47.133]

TASK [prepare : copy huawei cloud yum/dnf mirror script] ***********************
skipping: [192.168.47.133]

TASK [prepare : apply huawei cloud yum/dnf mirror] *****************************
skipping: [192.168.47.133]

TASK [prepare : detect ansible-compatible python on target] ********************
skipping: [192.168.47.133]

TASK [prepare : install python39 for ansible (RHEL8 family, only when no compatible python)] ***
skipping: [192.168.47.133]

TASK [prepare : delete centos/redhat default software] *************************
skipping: [192.168.47.133]

TASK [prepare : install basic system software] *********************************
skipping: [192.168.47.133]

TASK [prepare : disable selinux right now] *************************************
skipping: [192.168.47.133]

TASK [prepare : check if /etc/selinux/config exists] ***************************
skipping: [192.168.47.133]

TASK [prepare : disable selinux forever] ***************************************
skipping: [192.168.47.133]

TASK [prepare : disable selinux forever] ***************************************
skipping: [192.168.47.133]

TASK [prepare : forbidden rsyslog fetch journald 1, avoid double handling logs and wasting disk space] ***
skipping: [192.168.47.133]

TASK [prepare : forbidden rsyslog fetch journald 2, avoid double handling logs and wasting disk space] ***
skipping: [192.168.47.133]

TASK [prepare : restart rsyslog service] ***************************************
skipping: [192.168.47.133]

TASK [prepare : disable swap] **************************************************
changed: [192.168.47.133]

TASK [prepare : delete fstab swap configuration] *******************************
ok: [192.168.47.133]

TASK [prepare : load kernel module] ********************************************
ok: [192.168.47.133] => (item=br_netfilter)
ok: [192.168.47.133] => (item=dm_snapshot)
ok: [192.168.47.133] => (item=dm_thin_pool)
ok: [192.168.47.133] => (item=ip_vs)
ok: [192.168.47.133] => (item=ip_vs_rr)
ok: [192.168.47.133] => (item=ip_vs_wrr)
ok: [192.168.47.133] => (item=ip_vs_sh)
ok: [192.168.47.133] => (item=nf_conntrack)

TASK [prepare : try to load nf_conntrack_ipv4] *********************************
changed: [192.168.47.133]

TASK [prepare : enable systemd loading module automatically] *******************
ok: [192.168.47.133]

TASK [prepare : load kernel module on startup] *********************************
ok: [192.168.47.133]

TASK [prepare : set system params] *********************************************
ok: [192.168.47.133]

TASK [prepare : check if fs.may_detach_mounts needs to be set] *****************
ok: [192.168.47.133]

TASK [prepare : if needed, set fs.may_detach_mounts as 1] **********************
skipping: [192.168.47.133]

TASK [prepare : check if net.ipv4.tcp_tw_recycle needs to be set] **************
ok: [192.168.47.133]

TASK [prepare : if needed, set tcp_tw_recycle] *********************************
skipping: [192.168.47.133]

TASK [prepare : take effect on system] *****************************************
changed: [192.168.47.133]

TASK [prepare : create systemd configuration directory] ************************
ok: [192.168.47.133]

TASK [prepare : set system param ulimits] **************************************
ok: [192.168.47.133]

TASK [prepare : take SCTP to kernel module blacklist] **************************
ok: [192.168.47.133]

TASK [prepare : prepare some dirs] *********************************************
ok: [192.168.47.133] => (item=/usr/local/bin)
changed: [192.168.47.133] => (item=/etc/kubernetes/ssl)
ok: [192.168.47.133] => (item=/root/.kube)

TASK [prepare : copy kubectl kubeconfig to home dir] ***************************
changed: [192.168.47.133]

TASK [prepare : add hosts entry to resolve local registry] *********************
ok: [192.168.47.133]

TASK [prepare : set node hostname] *********************************************
changed: [192.168.47.133]

TASK [prepare : the master[0] resolves all hosts worker-133 in /etc/hosts] *****
changed: [192.168.47.133 -> 192.168.47.132]

TASK [prepare : get /etc/hosts from the master[0]] *****************************
changed: [192.168.47.133 -> 192.168.47.132]

TASK [prepare : delete /etc/hosts in the master[0]] ****************************
changed: [192.168.47.133 -> 192.168.47.132]

TASK [prepare : sync /etc/hosts to all hosts] **********************************
changed: [192.168.47.133 -> 192.168.47.132] => (item=192.168.47.132)
changed: [192.168.47.133 -> 192.168.47.140] => (item=192.168.47.140)
ok: [192.168.47.133 -> 192.168.47.132] => (item=192.168.47.132)
ok: [192.168.47.133 -> 192.168.47.140] => (item=192.168.47.140)
changed: [192.168.47.133] => (item=192.168.47.133)

TASK [prepare : set prepare tasks label file] **********************************
changed: [192.168.47.133]

TASK [docker : check if docker was installed] **********************************
skipping: [192.168.47.133]

TASK [docker : get docker version information] *********************************
skipping: [192.168.47.133]

TASK [docker : debug info] *****************************************************
skipping: [192.168.47.133]

TASK [docker : revise docker version with float type] **************************
skipping: [192.168.47.133]

TASK [docker : infer docker installed] *****************************************
skipping: [192.168.47.133]

TASK [docker : prepare docker-related directories] *****************************
skipping: [192.168.47.133] => (item=/usr/local/bin) 
skipping: [192.168.47.133] => (item=/etc/docker) 
skipping: [192.168.47.133]

TASK [docker : download docker binary] *****************************************
skipping: [192.168.47.133] => (item=/usr/local/kubeauto/docker-bin/docker-compose) 
skipping: [192.168.47.133] => (item=/usr/local/kubeauto/docker-bin/runc) 
skipping: [192.168.47.133] => (item=/usr/local/kubeauto/docker-bin/dockerd) 
skipping: [192.168.47.133] => (item=/usr/local/kubeauto/docker-bin/docker) 
skipping: [192.168.47.133] => (item=/usr/local/kubeauto/docker-bin/docker-proxy) 
skipping: [192.168.47.133] => (item=/usr/local/kubeauto/docker-bin/docker-init) 
skipping: [192.168.47.133] => (item=/usr/local/kubeauto/docker-bin/docker-buildx) 
skipping: [192.168.47.133] => (item=/usr/local/kubeauto/docker-bin/ctr) 
skipping: [192.168.47.133] => (item=/usr/local/kubeauto/docker-bin/containerd) 
skipping: [192.168.47.133] => (item=/usr/local/kubeauto/docker-bin/containerd-shim-runc-v2) 
skipping: [192.168.47.133]

TASK [docker : configure docker daemon] ****************************************
skipping: [192.168.47.133]

TASK [docker : create docker systemd unit file] ********************************
skipping: [192.168.47.133]

TASK [docker : enable docker service on startup] *******************************
skipping: [192.168.47.133]

TASK [docker : start docker service] *******************************************
skipping: [192.168.47.133]

TASK [docker : wait for docker running] ****************************************
skipping: [192.168.47.133]

TASK [docker : configure docker symlink] ***************************************
skipping: [192.168.47.133]

TASK [containerd : prepare containerd-related directories] *********************
changed: [192.168.47.133] => (item=/etc/containerd)
changed: [192.168.47.133] => (item=/etc/containerd/certs.d/docker.io)
changed: [192.168.47.133] => (item=/etc/containerd/certs.d/registry.talkschool.cn:5000)
changed: [192.168.47.133] => (item=/etc/containerd/certs.d/harbor.brinnatt.io.local:8443)

TASK [containerd : prepare INSECURE REGISTRY dirs] *****************************
skipping: [192.168.47.133] => (item=http://registry.talkschool.cn:5000) 
changed: [192.168.47.133] => (item=https://reg.yourcompany.com)

TASK [containerd : load kernel module overlay] *********************************
ok: [192.168.47.133]

TASK [containerd : download containerd binary] *********************************
ok: [192.168.47.133] => (item=/usr/local/kubeauto/extra-bin/containerd-bin/runc)
ok: [192.168.47.133] => (item=/usr/local/kubeauto/extra-bin/containerd-bin/containerd-stress)
ok: [192.168.47.133] => (item=/usr/local/kubeauto/extra-bin/containerd-bin/ctr)
ok: [192.168.47.133] => (item=/usr/local/kubeauto/extra-bin/containerd-bin/containerd)
ok: [192.168.47.133] => (item=/usr/local/kubeauto/extra-bin/containerd-bin/containerd-shim-runc-v2)

TASK [containerd : download crictl] ********************************************
ok: [192.168.47.133]

TASK [containerd : crictl bash completion] *************************************
changed: [192.168.47.133]

TASK [containerd : create containerd configuration file] ***********************
changed: [192.168.47.133]

TASK [containerd : configure docker.io accelerator] ****************************
changed: [192.168.47.133]

TASK [containerd : configure local_registry] ***********************************
changed: [192.168.47.133]

TASK [containerd : configure trusted INSECURE REGISTRY registry] ***************
skipping: [192.168.47.133] => (item=http://registry.talkschool.cn:5000) 
changed: [192.168.47.133] => (item=https://reg.yourcompany.com)

TASK [containerd : configure harbor registry] **********************************
changed: [192.168.47.133]

TASK [containerd : create systemd unit file] ***********************************
changed: [192.168.47.133]

TASK [containerd : create crictl configuration] ********************************
changed: [192.168.47.133]

TASK [containerd : enable containerd service on startup] ***********************
changed: [192.168.47.133]

TASK [containerd : start containerd service] ***********************************
changed: [192.168.47.133]

TASK [containerd : wait for containerd service running] ************************
changed: [192.168.47.133]

TASK [kube-lb : prepare some dirs] *********************************************
changed: [192.168.47.133] => (item=/etc/kube-lb/sbin)
changed: [192.168.47.133] => (item=/etc/kube-lb/logs)
changed: [192.168.47.133] => (item=/etc/kube-lb/conf)

TASK [kube-lb : download kube-lb(nginx)] ***************************************
changed: [192.168.47.133]

TASK [kube-lb : create kube-lb configuration file] *****************************
changed: [192.168.47.133]

TASK [kube-lb : create kube-lb systemd unit file] ******************************
changed: [192.168.47.133]

TASK [kube-lb : enable kube-lb service on startup] *****************************
changed: [192.168.47.133]

TASK [kube-lb : start kube-lb service] *****************************************
changed: [192.168.47.133]

TASK [kube-lb : wait for kube-lb service running] ******************************
changed: [192.168.47.133]

TASK [kube-node : create kube_node related directories] ************************
changed: [192.168.47.133] => (item=/var/lib/kubelet)
changed: [192.168.47.133] => (item=/var/lib/kube-proxy)
ok: [192.168.47.133] => (item=/etc/cni/net.d)
ok: [192.168.47.133] => (item=/opt/cni/bin)

TASK [kube-node : download kubelet,kube-proxy binaries] ************************
ok: [192.168.47.133] => (item=kubectl)
ok: [192.168.47.133] => (item=kubelet)
ok: [192.168.47.133] => (item=kube-proxy)

TASK [kube-node : download cni plugins binaries] *******************************
ok: [192.168.47.133] => (item=/usr/local/kubeauto/extra-bin/cni-bin/portmap)
ok: [192.168.47.133] => (item=/usr/local/kubeauto/extra-bin/cni-bin/README.md)
ok: [192.168.47.133] => (item=/usr/local/kubeauto/extra-bin/cni-bin/static)
ok: [192.168.47.133] => (item=/usr/local/kubeauto/extra-bin/cni-bin/sbr)
ok: [192.168.47.133] => (item=/usr/local/kubeauto/extra-bin/cni-bin/host-local)
ok: [192.168.47.133] => (item=/usr/local/kubeauto/extra-bin/cni-bin/vrf)
ok: [192.168.47.133] => (item=/usr/local/kubeauto/extra-bin/cni-bin/macvlan)
ok: [192.168.47.133] => (item=/usr/local/kubeauto/extra-bin/cni-bin/bandwidth)
ok: [192.168.47.133] => (item=/usr/local/kubeauto/extra-bin/cni-bin/bridge)
ok: [192.168.47.133] => (item=/usr/local/kubeauto/extra-bin/cni-bin/tap)
ok: [192.168.47.133] => (item=/usr/local/kubeauto/extra-bin/cni-bin/ipvlan)
ok: [192.168.47.133] => (item=/usr/local/kubeauto/extra-bin/cni-bin/host-device)
ok: [192.168.47.133] => (item=/usr/local/kubeauto/extra-bin/cni-bin/tuning)
ok: [192.168.47.133] => (item=/usr/local/kubeauto/extra-bin/cni-bin/vlan)
ok: [192.168.47.133] => (item=/usr/local/kubeauto/extra-bin/cni-bin/firewall)
ok: [192.168.47.133] => (item=/usr/local/kubeauto/extra-bin/cni-bin/loopback)
ok: [192.168.47.133] => (item=/usr/local/kubeauto/extra-bin/cni-bin/ptp)
ok: [192.168.47.133] => (item=/usr/local/kubeauto/extra-bin/cni-bin/dummy)
ok: [192.168.47.133] => (item=/usr/local/kubeauto/extra-bin/cni-bin/LICENSE)
ok: [192.168.47.133] => (item=/usr/local/kubeauto/extra-bin/cni-bin/dhcp)

TASK [kube-node : kubectl bash completion] *************************************
changed: [192.168.47.133]

TASK [kube-node : prepare kubelet CSR] *****************************************
changed: [192.168.47.133 -> localhost]

TASK [kube-node : create kubelet cert and private key] *************************
changed: [192.168.47.133 -> localhost]

TASK [kube-node : set cluster params] ******************************************
changed: [192.168.47.133 -> localhost]

TASK [kube-node : set client credential params] ********************************
changed: [192.168.47.133 -> localhost]

TASK [kube-node : set context params] ******************************************
changed: [192.168.47.133 -> localhost]

TASK [kube-node : choose default context] **************************************
changed: [192.168.47.133 -> localhost]

TASK [kube-node : distribute ca cert] ******************************************
changed: [192.168.47.133]

TASK [kube-node : distribute kubelet cert] *************************************
changed: [192.168.47.133] => (item=kubelet.pem)
changed: [192.168.47.133] => (item=kubelet-key.pem)

TASK [kube-node : distribute kubeconfig] ***************************************
changed: [192.168.47.133]

TASK [kube-node : prepare cni configuration file] ******************************
changed: [192.168.47.133]

TASK [kube-node : create kubelet configuration file] ***************************
changed: [192.168.47.133]

TASK [kube-node : check if /run/systemd/resolve/resolv.conf exists] ************
ok: [192.168.47.133]

TASK [kube-node : replace resolvConf param] ************************************
skipping: [192.168.47.133]

TASK [kube-node : create kubelet systemd unit file] ****************************
changed: [192.168.47.133]

TASK [kube-node : enable kubelet service on startup] ***************************
changed: [192.168.47.133]

TASK [kube-node : start kubelet service] ***************************************
changed: [192.168.47.133]

TASK [kube-node : distribute kube-proxy.kubeconfig configuration file] *********
changed: [192.168.47.133]

TASK [kube-node : correct apiserver socket in kube-proxy.kubeconfig] ***********
changed: [192.168.47.133]

TASK [kube-node : create kube-proxy configuration] *****************************
changed: [192.168.47.133]

TASK [kube-node : create kube-proxy service file] ******************************
changed: [192.168.47.133]

TASK [kube-node : enable kube-proxy service on startup] ************************
changed: [192.168.47.133]

TASK [kube-node : start kube-proxy service] ************************************
changed: [192.168.47.133]

TASK [kube-node : wait for kube-proxy running] *********************************
changed: [192.168.47.133]

TASK [kube-node : wait for kubelet running] ************************************
changed: [192.168.47.133]

TASK [kube-node : wait for node Ready] *****************************************
changed: [192.168.47.133 -> localhost]

TASK [kube-node : Setting worker role name] ************************************
changed: [192.168.47.133 -> localhost]

TASK [kube-node : Setting master role name] ************************************
skipping: [192.168.47.133]

TASK [kube-node : Making master nodes SchedulingDisabled] **********************
skipping: [192.168.47.133]

TASK [calico : create calico CSR] **********************************************
ok: [192.168.47.133 -> localhost]

TASK [calico : create calico cert and private key] *****************************
changed: [192.168.47.133 -> localhost]

TASK [calico : delete old calico-etcd-secrets] *********************************
skipping: [192.168.47.133]

TASK [calico : create calico-etcd-secrets] *************************************
changed: [192.168.47.133 -> localhost]

TASK [calico : configure calico DaemonSet yaml file] ***************************
ok: [192.168.47.133 -> localhost]

TASK [calico : delete calico network] ******************************************
skipping: [192.168.47.133]

TASK [calico : apply calico network] *******************************************
changed: [192.168.47.133 -> localhost]

TASK [calico : prepare some dirs] **********************************************
changed: [192.168.47.133] => (item=/etc/calico/ssl)

TASK [calico : distribute calico cert-related files] ***************************
changed: [192.168.47.133] => (item=ca.pem)
changed: [192.168.47.133] => (item=calico.pem)
changed: [192.168.47.133] => (item=calico-key.pem)

TASK [calico : delete default cni configuration] *******************************
ok: [192.168.47.133]

TASK [calico : download calicoctl client command] ******************************
ok: [192.168.47.133] => (item=calicoctl)

TASK [calico : prepare calicoctl configuration file] ***************************
changed: [192.168.47.133]

TASK [calico : wait for calico-node running in a polling manner] ***************
changed: [192.168.47.133 -> localhost]

TASK [calico : choose default rr nodes(master nodes by default)] ***************
skipping: [192.168.47.133]

TASK [calico : choose user-defined rr nodes] ***********************************
skipping: [192.168.47.133]

TASK [calico : show rr nodes] **************************************************
skipping: [192.168.47.133]

TASK [calico : configure routeReflectorClusterID] ******************************
skipping: [192.168.47.133]

TASK [calico : node label] *****************************************************
skipping: [192.168.47.133]

TASK [calico : configure calico bgp yaml file] *********************************
skipping: [192.168.47.133] => (item=bgp-default.yaml) 
skipping: [192.168.47.133] => (item=bgp-rr.yaml) 
skipping: [192.168.47.133]

TASK [calico : apply calico bgp configuration] *********************************
skipping: [192.168.47.133]

TASK [calico : check bgp connection] *******************************************
skipping: [192.168.47.133]

TASK [calico : debug] **********************************************************
skipping: [192.168.47.133]

TASK [cilium : revise kernel version with float type] **************************
skipping: [192.168.47.133]

TASK [cilium : check if kernel version > 4.9] **********************************
skipping: [192.168.47.133]

TASK [cilium : create cilium chart setting] ************************************
skipping: [192.168.47.133]

TASK [cilium : helm delete cilium v1.19.5] *************************************
skipping: [192.168.47.133]

TASK [cilium : helm create cilium v1.19.5] *************************************
skipping: [192.168.47.133]

TASK [cilium : download client tools] ******************************************
skipping: [192.168.47.133] => (item=cilium) 
skipping: [192.168.47.133] => (item=hubble) 
skipping: [192.168.47.133]

TASK [cilium : delete default cni configurations] ******************************
skipping: [192.168.47.133]

TASK [cilium : wait for cilium-node running in a polling manner] ***************
skipping: [192.168.47.133]

TASK [cilium : restart hubble-ui after CNI is up (avoids frontend probe failure during bootstrap)] ***
skipping: [192.168.47.133]

TASK [cilium : restart hubble-relay pod] ***************************************
skipping: [192.168.47.133]

TASK [flannel : configure flannel DaemonSet yaml file] *************************
skipping: [192.168.47.133]

TASK [flannel : delete flannel network before applying] ************************
skipping: [192.168.47.133]

TASK [flannel : apply flannel network] *****************************************
skipping: [192.168.47.133]

TASK [flannel : delete default cni configuration] ******************************
skipping: [192.168.47.133]

TASK [flannel : wait for flannel running in a polling manner] ******************
skipping: [192.168.47.133]

TASK [kube-router : prepare to configure kube-router DaemonSet] ****************
skipping: [192.168.47.133]

TASK [kube-router : delete kube-router DaemonSet] ******************************
skipping: [192.168.47.133]

TASK [kube-router : apply kube-router DaemonSet] *******************************
skipping: [192.168.47.133]

TASK [kube-router : delete default cni configurations] *************************
skipping: [192.168.47.133]

TASK [kube-router : wait for kube-router running in a polling manner] **********
skipping: [192.168.47.133]

TASK [kube-ovn : delete default cni configurations] ****************************
skipping: [192.168.47.133]

TASK [kube-ovn : prepare kube-ovn-related files] *******************************
skipping: [192.168.47.133] => (item=install.sh) 
skipping: [192.168.47.133] => (item=coredns.yaml) 
skipping: [192.168.47.133]

TASK [kube-ovn : prepare dnscache deployment file with ipvs] *******************
skipping: [192.168.47.133]

TASK [kube-ovn : prepare dnscache deployment file with iptables] ***************
skipping: [192.168.47.133]

TASK [kube-ovn : apply coredns, dnscache yaml] *********************************
skipping: [192.168.47.133]

TASK [kube-ovn : install kube-ovn network] *************************************
skipping: [192.168.47.133]

TASK [kube-ovn : wait for kube-ovn running in a polling manner] ****************
skipping: [192.168.47.133]

PLAY [192.168.47.133] **********************************************************

TASK [Gathering Facts] *********************************************************
ok: [192.168.47.133]

TASK [wait for node Ready] *****************************************************
changed: [192.168.47.133 -> localhost]

TASK [Setting worker role name] ************************************************
changed: [192.168.47.133 -> localhost]

TASK [Setting master role name] ************************************************
skipping: [192.168.47.133]

TASK [Making master nodes SchedulingDisabled] **********************************
skipping: [192.168.47.133]

PLAY RECAP *********************************************************************
192.168.47.133             : ok=101  changed=68   unreachable=0    failed=0    skipped=95   rescued=0    ignored=0   
[2026-07-17 00:19:58] [INFO] [service.cluster.manager] Added worker node 192.168.47.133 to cluster test-ha.
[2026-07-17 00:19:59] [INFO] [service.cluster.manager] Ansible Python policy (ansible-core 2.17): control node Python >=3.10, target module runtime Python >=3.9
[2026-07-17 00:19:59] [INFO] [service.cluster.manager] Adding worker node 192.168.47.141 to cluster test-ha.
[WARNING]: Collection ansible.posix does not support Ansible version 2.17.14

PLAY [192.168.47.141] **********************************************************

TASK [Gathering Facts] *********************************************************
ok: [192.168.47.141]

TASK [chrony : check if chronyd running, break the role] ***********************
skipping: [192.168.47.141]

TASK [chrony : terminate the play if chronyd running] **************************
skipping: [192.168.47.141]

TASK [chrony : uninstall residual ntp chrony] **********************************
skipping: [192.168.47.141] => (item=ntp) 
skipping: [192.168.47.141] => (item=chrony) 
skipping: [192.168.47.141]

TASK [chrony : prepare some dirs] **********************************************
skipping: [192.168.47.141] => (item=/etc/chrony) 
skipping: [192.168.47.141] => (item=/var/lib/chrony) 
skipping: [192.168.47.141] => (item=/var/log/chrony) 
skipping: [192.168.47.141]

TASK [chrony : distribute chronyd binary] **************************************
skipping: [192.168.47.141]

TASK [chrony : create chronyd systemd unit file] *******************************
skipping: [192.168.47.141]

TASK [chrony : configure chrony server] ****************************************
skipping: [192.168.47.141]

TASK [chrony : configure chrony client] ****************************************
skipping: [192.168.47.141]

TASK [chrony : enable chronyd service on startup] ******************************
skipping: [192.168.47.141]

TASK [chrony : start chronyd service] ******************************************
skipping: [192.168.47.141]

TASK [chrony : wait for chronyd running] ***************************************
skipping: [192.168.47.141]

TASK [prepare : read the prepare tasks file] ***********************************
ok: [192.168.47.141]

TASK [prepare : indicates the prepare tasks finished already] ******************
ok: [192.168.47.141] => {
    "msg": "The node has finished the prepare tasks, skipping!"
}

TASK [prepare : copy huawei cloud apt mirror script] ***************************
skipping: [192.168.47.141]

TASK [prepare : apply huawei cloud apt mirror] *********************************
skipping: [192.168.47.141]

TASK [prepare : update apt cache] **********************************************
skipping: [192.168.47.141]

TASK [prepare : delete ubuntu default software] ********************************
skipping: [192.168.47.141]

TASK [prepare : install ubuntu/debian basic software] **************************
skipping: [192.168.47.141]

TASK [prepare : create journal relative directory] *****************************
skipping: [192.168.47.141] => (item=/etc/systemd/journald.conf.d) 
skipping: [192.168.47.141] => (item=/var/log/journal) 
skipping: [192.168.47.141]

TASK [prepare : optimize journal params] ***************************************
skipping: [192.168.47.141]

TASK [prepare : restart journald service] **************************************
skipping: [192.168.47.141]

TASK [prepare : copy huawei cloud yum/dnf mirror script] ***********************
skipping: [192.168.47.141]

TASK [prepare : apply huawei cloud yum/dnf mirror] *****************************
skipping: [192.168.47.141]

TASK [prepare : detect ansible-compatible python on target] ********************
skipping: [192.168.47.141]

TASK [prepare : install python39 for ansible (RHEL8 family, only when no compatible python)] ***
skipping: [192.168.47.141]

TASK [prepare : delete centos/redhat default software] *************************
skipping: [192.168.47.141]

TASK [prepare : install basic system software] *********************************
skipping: [192.168.47.141]

TASK [prepare : disable selinux right now] *************************************
skipping: [192.168.47.141]

TASK [prepare : check if /etc/selinux/config exists] ***************************
skipping: [192.168.47.141]

TASK [prepare : disable selinux forever] ***************************************
skipping: [192.168.47.141]

TASK [prepare : disable selinux forever] ***************************************
skipping: [192.168.47.141]

TASK [prepare : forbidden rsyslog fetch journald 1, avoid double handling logs and wasting disk space] ***
skipping: [192.168.47.141]

TASK [prepare : forbidden rsyslog fetch journald 2, avoid double handling logs and wasting disk space] ***
skipping: [192.168.47.141]

TASK [prepare : restart rsyslog service] ***************************************
skipping: [192.168.47.141]

TASK [prepare : copy huawei cloud zypper mirror script] ************************
skipping: [192.168.47.141]

TASK [prepare : apply huawei cloud zypper mirror] ******************************
skipping: [192.168.47.141]

TASK [prepare : install basic system software] *********************************
skipping: [192.168.47.141]

TASK [prepare : copy huawei cloud yum/dnf mirror script] ***********************
skipping: [192.168.47.141]

TASK [prepare : apply huawei cloud yum/dnf mirror] *****************************
skipping: [192.168.47.141]

TASK [prepare : detect ansible-compatible python on target] ********************
skipping: [192.168.47.141]

TASK [prepare : install python39 for ansible (RHEL8 family, only when no compatible python)] ***
skipping: [192.168.47.141]

TASK [prepare : delete centos/redhat default software] *************************
skipping: [192.168.47.141]

TASK [prepare : install basic system software] *********************************
skipping: [192.168.47.141]

TASK [prepare : disable selinux right now] *************************************
skipping: [192.168.47.141]

TASK [prepare : check if /etc/selinux/config exists] ***************************
skipping: [192.168.47.141]

TASK [prepare : disable selinux forever] ***************************************
skipping: [192.168.47.141]

TASK [prepare : disable selinux forever] ***************************************
skipping: [192.168.47.141]

TASK [prepare : forbidden rsyslog fetch journald 1, avoid double handling logs and wasting disk space] ***
skipping: [192.168.47.141]

TASK [prepare : forbidden rsyslog fetch journald 2, avoid double handling logs and wasting disk space] ***
skipping: [192.168.47.141]

TASK [prepare : restart rsyslog service] ***************************************
skipping: [192.168.47.141]

TASK [prepare : disable swap] **************************************************
skipping: [192.168.47.141]

TASK [prepare : delete fstab swap configuration] *******************************
skipping: [192.168.47.141]

TASK [prepare : load kernel module] ********************************************
skipping: [192.168.47.141] => (item=br_netfilter) 
skipping: [192.168.47.141] => (item=dm_snapshot) 
skipping: [192.168.47.141] => (item=dm_thin_pool) 
skipping: [192.168.47.141] => (item=ip_vs) 
skipping: [192.168.47.141] => (item=ip_vs_rr) 
skipping: [192.168.47.141] => (item=ip_vs_wrr) 
skipping: [192.168.47.141] => (item=ip_vs_sh) 
skipping: [192.168.47.141] => (item=nf_conntrack) 
skipping: [192.168.47.141]

TASK [prepare : try to load nf_conntrack_ipv4] *********************************
skipping: [192.168.47.141]

TASK [prepare : enable systemd loading module automatically] *******************
skipping: [192.168.47.141]

TASK [prepare : load kernel module on startup] *********************************
skipping: [192.168.47.141]

TASK [prepare : set system params] *********************************************
skipping: [192.168.47.141]

TASK [prepare : check if fs.may_detach_mounts needs to be set] *****************
skipping: [192.168.47.141]

TASK [prepare : if needed, set fs.may_detach_mounts as 1] **********************
skipping: [192.168.47.141]

TASK [prepare : check if net.ipv4.tcp_tw_recycle needs to be set] **************
skipping: [192.168.47.141]

TASK [prepare : if needed, set tcp_tw_recycle] *********************************
skipping: [192.168.47.141]

TASK [prepare : take effect on system] *****************************************
skipping: [192.168.47.141]

TASK [prepare : create systemd configuration directory] ************************
skipping: [192.168.47.141]

TASK [prepare : set system param ulimits] **************************************
skipping: [192.168.47.141]

TASK [prepare : take SCTP to kernel module blacklist] **************************
skipping: [192.168.47.141]

TASK [prepare : prepare some dirs] *********************************************
skipping: [192.168.47.141] => (item=/usr/local/bin) 
skipping: [192.168.47.141] => (item=/etc/kubernetes/ssl) 
skipping: [192.168.47.141] => (item=/root/.kube) 
skipping: [192.168.47.141]

TASK [prepare : copy kubectl kubeconfig to home dir] ***************************
skipping: [192.168.47.141]

TASK [prepare : add hosts entry to resolve local registry] *********************
skipping: [192.168.47.141]

TASK [prepare : set node hostname] *********************************************
skipping: [192.168.47.141]

TASK [prepare : the master[0] resolves all hosts worker-141 in /etc/hosts] *****
skipping: [192.168.47.141]

TASK [prepare : get /etc/hosts from the master[0]] *****************************
skipping: [192.168.47.141]

TASK [prepare : delete /etc/hosts in the master[0]] ****************************
skipping: [192.168.47.141]

TASK [prepare : sync /etc/hosts to all hosts] **********************************
skipping: [192.168.47.141] => (item=192.168.47.132) 
skipping: [192.168.47.141] => (item=192.168.47.140) 
skipping: [192.168.47.141] => (item=192.168.47.132) 
skipping: [192.168.47.141] => (item=192.168.47.140) 
skipping: [192.168.47.141] => (item=192.168.47.133) 
skipping: [192.168.47.141] => (item=192.168.47.141) 
skipping: [192.168.47.141]

TASK [prepare : set prepare tasks label file] **********************************
skipping: [192.168.47.141]

TASK [docker : check if docker was installed] **********************************
skipping: [192.168.47.141]

TASK [docker : get docker version information] *********************************
skipping: [192.168.47.141]

TASK [docker : debug info] *****************************************************
skipping: [192.168.47.141]

TASK [docker : revise docker version with float type] **************************
skipping: [192.168.47.141]

TASK [docker : infer docker installed] *****************************************
skipping: [192.168.47.141]

TASK [docker : prepare docker-related directories] *****************************
skipping: [192.168.47.141] => (item=/usr/local/bin) 
skipping: [192.168.47.141] => (item=/etc/docker) 
skipping: [192.168.47.141]

TASK [docker : download docker binary] *****************************************
skipping: [192.168.47.141] => (item=/usr/local/kubeauto/docker-bin/docker-compose) 
skipping: [192.168.47.141] => (item=/usr/local/kubeauto/docker-bin/runc) 
skipping: [192.168.47.141] => (item=/usr/local/kubeauto/docker-bin/dockerd) 
skipping: [192.168.47.141] => (item=/usr/local/kubeauto/docker-bin/docker) 
skipping: [192.168.47.141] => (item=/usr/local/kubeauto/docker-bin/docker-proxy) 
skipping: [192.168.47.141] => (item=/usr/local/kubeauto/docker-bin/docker-init) 
skipping: [192.168.47.141] => (item=/usr/local/kubeauto/docker-bin/docker-buildx) 
skipping: [192.168.47.141] => (item=/usr/local/kubeauto/docker-bin/ctr) 
skipping: [192.168.47.141] => (item=/usr/local/kubeauto/docker-bin/containerd) 
skipping: [192.168.47.141] => (item=/usr/local/kubeauto/docker-bin/containerd-shim-runc-v2) 
skipping: [192.168.47.141]

TASK [docker : configure docker daemon] ****************************************
skipping: [192.168.47.141]

TASK [docker : create docker systemd unit file] ********************************
skipping: [192.168.47.141]

TASK [docker : enable docker service on startup] *******************************
skipping: [192.168.47.141]

TASK [docker : start docker service] *******************************************
skipping: [192.168.47.141]

TASK [docker : wait for docker running] ****************************************
skipping: [192.168.47.141]

TASK [docker : configure docker symlink] ***************************************
skipping: [192.168.47.141]

TASK [containerd : prepare containerd-related directories] *********************
ok: [192.168.47.141] => (item=/etc/containerd)
ok: [192.168.47.141] => (item=/etc/containerd/certs.d/docker.io)
ok: [192.168.47.141] => (item=/etc/containerd/certs.d/registry.talkschool.cn:5000)
ok: [192.168.47.141] => (item=/etc/containerd/certs.d/harbor.brinnatt.io.local:8443)

TASK [containerd : prepare INSECURE REGISTRY dirs] *****************************
skipping: [192.168.47.141] => (item=http://registry.talkschool.cn:5000) 
ok: [192.168.47.141] => (item=https://reg.yourcompany.com)

TASK [containerd : load kernel module overlay] *********************************
ok: [192.168.47.141]

TASK [containerd : download containerd binary] *********************************
ok: [192.168.47.141] => (item=/usr/local/kubeauto/extra-bin/containerd-bin/runc)
ok: [192.168.47.141] => (item=/usr/local/kubeauto/extra-bin/containerd-bin/containerd-stress)
ok: [192.168.47.141] => (item=/usr/local/kubeauto/extra-bin/containerd-bin/ctr)
ok: [192.168.47.141] => (item=/usr/local/kubeauto/extra-bin/containerd-bin/containerd)
ok: [192.168.47.141] => (item=/usr/local/kubeauto/extra-bin/containerd-bin/containerd-shim-runc-v2)

TASK [containerd : download crictl] ********************************************
ok: [192.168.47.141]

TASK [containerd : crictl bash completion] *************************************
ok: [192.168.47.141]

TASK [containerd : create containerd configuration file] ***********************
ok: [192.168.47.141]

TASK [containerd : configure docker.io accelerator] ****************************
ok: [192.168.47.141]

TASK [containerd : configure local_registry] ***********************************
ok: [192.168.47.141]

TASK [containerd : configure trusted INSECURE REGISTRY registry] ***************
skipping: [192.168.47.141] => (item=http://registry.talkschool.cn:5000) 
ok: [192.168.47.141] => (item=https://reg.yourcompany.com)

TASK [containerd : configure harbor registry] **********************************
ok: [192.168.47.141]

TASK [containerd : create systemd unit file] ***********************************
ok: [192.168.47.141]

TASK [containerd : create crictl configuration] ********************************
ok: [192.168.47.141]

TASK [containerd : enable containerd service on startup] ***********************
changed: [192.168.47.141]

TASK [containerd : start containerd service] ***********************************
changed: [192.168.47.141]

TASK [containerd : wait for containerd service running] ************************
changed: [192.168.47.141]

TASK [kube-lb : prepare some dirs] *********************************************
ok: [192.168.47.141] => (item=/etc/kube-lb/sbin)
ok: [192.168.47.141] => (item=/etc/kube-lb/logs)
ok: [192.168.47.141] => (item=/etc/kube-lb/conf)

TASK [kube-lb : download kube-lb(nginx)] ***************************************
ok: [192.168.47.141]

TASK [kube-lb : create kube-lb configuration file] *****************************
changed: [192.168.47.141]

TASK [kube-lb : create kube-lb systemd unit file] ******************************
ok: [192.168.47.141]

TASK [kube-lb : enable kube-lb service on startup] *****************************
changed: [192.168.47.141]

TASK [kube-lb : start kube-lb service] *****************************************
changed: [192.168.47.141]

TASK [kube-lb : wait for kube-lb service running] ******************************
changed: [192.168.47.141]

TASK [kube-node : create kube_node related directories] ************************
ok: [192.168.47.141] => (item=/var/lib/kubelet)
ok: [192.168.47.141] => (item=/var/lib/kube-proxy)
ok: [192.168.47.141] => (item=/etc/cni/net.d)
ok: [192.168.47.141] => (item=/opt/cni/bin)

TASK [kube-node : download kubelet,kube-proxy binaries] ************************
ok: [192.168.47.141] => (item=kubectl)
ok: [192.168.47.141] => (item=kubelet)
ok: [192.168.47.141] => (item=kube-proxy)

TASK [kube-node : download cni plugins binaries] *******************************
changed: [192.168.47.141] => (item=/usr/local/kubeauto/extra-bin/cni-bin/portmap)
ok: [192.168.47.141] => (item=/usr/local/kubeauto/extra-bin/cni-bin/README.md)
ok: [192.168.47.141] => (item=/usr/local/kubeauto/extra-bin/cni-bin/static)
ok: [192.168.47.141] => (item=/usr/local/kubeauto/extra-bin/cni-bin/sbr)
changed: [192.168.47.141] => (item=/usr/local/kubeauto/extra-bin/cni-bin/host-local)
ok: [192.168.47.141] => (item=/usr/local/kubeauto/extra-bin/cni-bin/vrf)
ok: [192.168.47.141] => (item=/usr/local/kubeauto/extra-bin/cni-bin/macvlan)
changed: [192.168.47.141] => (item=/usr/local/kubeauto/extra-bin/cni-bin/bandwidth)
ok: [192.168.47.141] => (item=/usr/local/kubeauto/extra-bin/cni-bin/bridge)
ok: [192.168.47.141] => (item=/usr/local/kubeauto/extra-bin/cni-bin/tap)
ok: [192.168.47.141] => (item=/usr/local/kubeauto/extra-bin/cni-bin/ipvlan)
ok: [192.168.47.141] => (item=/usr/local/kubeauto/extra-bin/cni-bin/host-device)
changed: [192.168.47.141] => (item=/usr/local/kubeauto/extra-bin/cni-bin/tuning)
ok: [192.168.47.141] => (item=/usr/local/kubeauto/extra-bin/cni-bin/vlan)
ok: [192.168.47.141] => (item=/usr/local/kubeauto/extra-bin/cni-bin/firewall)
changed: [192.168.47.141] => (item=/usr/local/kubeauto/extra-bin/cni-bin/loopback)
ok: [192.168.47.141] => (item=/usr/local/kubeauto/extra-bin/cni-bin/ptp)
ok: [192.168.47.141] => (item=/usr/local/kubeauto/extra-bin/cni-bin/dummy)
ok: [192.168.47.141] => (item=/usr/local/kubeauto/extra-bin/cni-bin/LICENSE)
ok: [192.168.47.141] => (item=/usr/local/kubeauto/extra-bin/cni-bin/dhcp)

TASK [kube-node : kubectl bash completion] *************************************
ok: [192.168.47.141]

TASK [kube-node : prepare kubelet CSR] *****************************************
changed: [192.168.47.141 -> localhost]

TASK [kube-node : create kubelet cert and private key] *************************
changed: [192.168.47.141 -> localhost]

TASK [kube-node : set cluster params] ******************************************
changed: [192.168.47.141 -> localhost]

TASK [kube-node : set client credential params] ********************************
changed: [192.168.47.141 -> localhost]

TASK [kube-node : set context params] ******************************************
changed: [192.168.47.141 -> localhost]

TASK [kube-node : choose default context] **************************************
changed: [192.168.47.141 -> localhost]

TASK [kube-node : distribute ca cert] ******************************************
changed: [192.168.47.141]

TASK [kube-node : distribute kubelet cert] *************************************
changed: [192.168.47.141] => (item=kubelet.pem)
changed: [192.168.47.141] => (item=kubelet-key.pem)

TASK [kube-node : distribute kubeconfig] ***************************************
changed: [192.168.47.141]

TASK [kube-node : prepare cni configuration file] ******************************
changed: [192.168.47.141]

TASK [kube-node : create kubelet configuration file] ***************************
ok: [192.168.47.141]

TASK [kube-node : check if /run/systemd/resolve/resolv.conf exists] ************
ok: [192.168.47.141]

TASK [kube-node : replace resolvConf param] ************************************
skipping: [192.168.47.141]

TASK [kube-node : create kubelet systemd unit file] ****************************
changed: [192.168.47.141]

TASK [kube-node : enable kubelet service on startup] ***************************
changed: [192.168.47.141]

TASK [kube-node : start kubelet service] ***************************************
changed: [192.168.47.141]

TASK [kube-node : distribute kube-proxy.kubeconfig configuration file] *********
changed: [192.168.47.141]

TASK [kube-node : correct apiserver socket in kube-proxy.kubeconfig] ***********
changed: [192.168.47.141]

TASK [kube-node : create kube-proxy configuration] *****************************
changed: [192.168.47.141]

TASK [kube-node : create kube-proxy service file] ******************************
ok: [192.168.47.141]

TASK [kube-node : enable kube-proxy service on startup] ************************
changed: [192.168.47.141]

TASK [kube-node : start kube-proxy service] ************************************
changed: [192.168.47.141]

TASK [kube-node : wait for kube-proxy running] *********************************
changed: [192.168.47.141]

TASK [kube-node : wait for kubelet running] ************************************
changed: [192.168.47.141]

TASK [kube-node : wait for node Ready] *****************************************
changed: [192.168.47.141 -> localhost]

TASK [kube-node : Setting worker role name] ************************************
changed: [192.168.47.141 -> localhost]

TASK [kube-node : Setting master role name] ************************************
skipping: [192.168.47.141]

TASK [kube-node : Making master nodes SchedulingDisabled] **********************
skipping: [192.168.47.141]

TASK [calico : create calico CSR] **********************************************
ok: [192.168.47.141 -> localhost]

TASK [calico : create calico cert and private key] *****************************
changed: [192.168.47.141 -> localhost]

TASK [calico : delete old calico-etcd-secrets] *********************************
skipping: [192.168.47.141]

TASK [calico : create calico-etcd-secrets] *************************************
changed: [192.168.47.141 -> localhost]

TASK [calico : configure calico DaemonSet yaml file] ***************************
ok: [192.168.47.141 -> localhost]

TASK [calico : delete calico network] ******************************************
skipping: [192.168.47.141]

TASK [calico : apply calico network] *******************************************
changed: [192.168.47.141 -> localhost]

TASK [calico : prepare some dirs] **********************************************
ok: [192.168.47.141] => (item=/etc/calico/ssl)

TASK [calico : distribute calico cert-related files] ***************************
changed: [192.168.47.141] => (item=ca.pem)
changed: [192.168.47.141] => (item=calico.pem)
changed: [192.168.47.141] => (item=calico-key.pem)

TASK [calico : delete default cni configuration] *******************************
changed: [192.168.47.141]

TASK [calico : download calicoctl client command] ******************************
ok: [192.168.47.141] => (item=calicoctl)

TASK [calico : prepare calicoctl configuration file] ***************************
changed: [192.168.47.141]

TASK [calico : wait for calico-node running in a polling manner] ***************
changed: [192.168.47.141 -> localhost]

TASK [calico : choose default rr nodes(master nodes by default)] ***************
skipping: [192.168.47.141]

TASK [calico : choose user-defined rr nodes] ***********************************
skipping: [192.168.47.141]

TASK [calico : show rr nodes] **************************************************
skipping: [192.168.47.141]

TASK [calico : configure routeReflectorClusterID] ******************************
skipping: [192.168.47.141]

TASK [calico : node label] *****************************************************
skipping: [192.168.47.141]

TASK [calico : configure calico bgp yaml file] *********************************
skipping: [192.168.47.141] => (item=bgp-default.yaml) 
skipping: [192.168.47.141] => (item=bgp-rr.yaml) 
skipping: [192.168.47.141]

TASK [calico : apply calico bgp configuration] *********************************
skipping: [192.168.47.141]

TASK [calico : check bgp connection] *******************************************
skipping: [192.168.47.141]

TASK [calico : debug] **********************************************************
skipping: [192.168.47.141]

TASK [cilium : revise kernel version with float type] **************************
skipping: [192.168.47.141]

TASK [cilium : check if kernel version > 4.9] **********************************
skipping: [192.168.47.141]

TASK [cilium : create cilium chart setting] ************************************
skipping: [192.168.47.141]

TASK [cilium : helm delete cilium v1.19.5] *************************************
skipping: [192.168.47.141]

TASK [cilium : helm create cilium v1.19.5] *************************************
skipping: [192.168.47.141]

TASK [cilium : download client tools] ******************************************
skipping: [192.168.47.141] => (item=cilium) 
skipping: [192.168.47.141] => (item=hubble) 
skipping: [192.168.47.141]

TASK [cilium : delete default cni configurations] ******************************
skipping: [192.168.47.141]

TASK [cilium : wait for cilium-node running in a polling manner] ***************
skipping: [192.168.47.141]

TASK [cilium : restart hubble-ui after CNI is up (avoids frontend probe failure during bootstrap)] ***
skipping: [192.168.47.141]

TASK [cilium : restart hubble-relay pod] ***************************************
skipping: [192.168.47.141]

TASK [flannel : configure flannel DaemonSet yaml file] *************************
skipping: [192.168.47.141]

TASK [flannel : delete flannel network before applying] ************************
skipping: [192.168.47.141]

TASK [flannel : apply flannel network] *****************************************
skipping: [192.168.47.141]

TASK [flannel : delete default cni configuration] ******************************
skipping: [192.168.47.141]

TASK [flannel : wait for flannel running in a polling manner] ******************
skipping: [192.168.47.141]

TASK [kube-router : prepare to configure kube-router DaemonSet] ****************
skipping: [192.168.47.141]

TASK [kube-router : delete kube-router DaemonSet] ******************************
skipping: [192.168.47.141]

TASK [kube-router : apply kube-router DaemonSet] *******************************
skipping: [192.168.47.141]

TASK [kube-router : delete default cni configurations] *************************
skipping: [192.168.47.141]

TASK [kube-router : wait for kube-router running in a polling manner] **********
skipping: [192.168.47.141]

TASK [kube-ovn : delete default cni configurations] ****************************
skipping: [192.168.47.141]

TASK [kube-ovn : prepare kube-ovn-related files] *******************************
skipping: [192.168.47.141] => (item=install.sh) 
skipping: [192.168.47.141] => (item=coredns.yaml) 
skipping: [192.168.47.141]

TASK [kube-ovn : prepare dnscache deployment file with ipvs] *******************
skipping: [192.168.47.141]

TASK [kube-ovn : prepare dnscache deployment file with iptables] ***************
skipping: [192.168.47.141]

TASK [kube-ovn : apply coredns, dnscache yaml] *********************************
skipping: [192.168.47.141]

TASK [kube-ovn : install kube-ovn network] *************************************
skipping: [192.168.47.141]

TASK [kube-ovn : wait for kube-ovn running in a polling manner] ****************
skipping: [192.168.47.141]

PLAY [192.168.47.141] **********************************************************

TASK [Gathering Facts] *********************************************************
ok: [192.168.47.141]

TASK [wait for node Ready] *****************************************************
changed: [192.168.47.141 -> localhost]

TASK [Setting worker role name] ************************************************
changed: [192.168.47.141 -> localhost]

TASK [Setting master role name] ************************************************
skipping: [192.168.47.141]

TASK [Making master nodes SchedulingDisabled] **********************************
skipping: [192.168.47.141]

PLAY RECAP *********************************************************************
192.168.47.141             : ok=69   changed=39   unreachable=0    failed=0    skipped=127  rescued=0    ignored=0   
[2026-07-17 00:21:08] [INFO] [service.cluster.manager] Added worker node 192.168.47.141 to cluster test-ha.
[info] no spare disk; creating 15G loop-backed VG vg_k8s at /var/lib/kubeauto-lvm/vg_k8s.img
Last metadata expiration check: 3:21:19 ago on Thu 16 Jul 2026 09:00:51 PM CST.
Package lvm2-8:2.03.14-15.el8_10.3.x86_64 is already installed.
Dependencies resolved.
Nothing to do.
Complete!
  Physical volume "/dev/loop0" successfully created.
  Volume group "vg_k8s" successfully created
  VG     #PV #LV #SN Attr   VSize   VFree  
  vg_k8s   1   0   0 wz--n- <15.00g <15.00g
[ok] loop VG ready on /dev/loop0
[info] no spare disk; creating 15G loop-backed VG vg_k8s at /var/lib/kubeauto-lvm/vg_k8s.img
Last metadata expiration check: 3:06:21 ago on Thu 16 Jul 2026 09:15:51 PM CST.
Package lvm2-8:2.03.14-15.el8_10.3.x86_64 is already installed.
Dependencies resolved.
Nothing to do.
Complete!
  Physical volume "/dev/loop0" successfully created.
  Volume group "vg_k8s" successfully created
  VG     #PV #LV #SN Attr   VSize   VFree  
  vg_k8s   1   0   0 wz--n- <15.00g <15.00g
[ok] loop VG ready on /dev/loop0
[ok] VG vg_k8s already exists
  VG     #PV #LV #SN Attr   VSize   VFree  
  vg_k8s   1   0   0 wz--n- <20.00g <20.00g
[ok] VG vg_k8s already exists
  VG     #PV #LV #SN Attr   VSize   VFree  
  vg_k8s   1   0   0 wz--n- <15.00g <15.00g
NAME         STATUS     ROLES    AGE     VERSION   INTERNAL-IP      EXTERNAL-IP   OS-IMAGE                            KERNEL-VERSION             CONTAINER-RUNTIME
master-132   Ready      master   6h47m   v1.33.6   192.168.47.132   <none>        Rocky Linux 8.10 (Green Obsidian)   4.18.0-553.el8_10.x86_64   containerd://2.1.4
master-140   Ready      master   6h46m   v1.33.6   192.168.47.140   <none>        Rocky Linux 8.10 (Green Obsidian)   4.18.0-553.el8_10.x86_64   containerd://2.1.4
worker-133   Ready      node     2m32s   v1.33.6   192.168.47.133   <none>        Rocky Linux 8.10 (Green Obsidian)   4.18.0-553.el8_10.x86_64   containerd://2.1.4
worker-141   NotReady   node     81s     v1.33.6   192.168.47.141   <none>        Rocky Linux 8.10 (Green Obsidian)   4.18.0-553.el8_10.x86_64   containerd://2.1.4
Ready nodes=4
namespace/nacos created
8.0.36: Pulling from library/mysql
cf55ff1c80af: Pulling fs layer
bd37f6d99203: Pulling fs layer
d2433cba0951: Pulling fs layer
13702d9fe3c3: Pulling fs layer
4eaae1e844ac: Pulling fs layer
bddd54b9c549: Pulling fs layer
83bcc87284a1: Pulling fs layer
5196e1e87d8f: Pulling fs layer
6586d096303c: Pulling fs layer
c38d8660e1fa: Pulling fs layer
7e1bc321f421: Pulling fs layer
3fb5bbaea6ae: Download complete
c38d8660e1fa: Download complete
cf55ff1c80af: Download complete
d2433cba0951: Download complete
4eaae1e844ac: Download complete
6586d096303c: Download complete
13702d9fe3c3: Download complete
7e1bc321f421: Download complete
2c945633a533: Download complete
8.0: Pulling from library/mysql
96d30d9fbee8: Pulling fs layer
4c8a3e0d4e4b: Pulling fs layer
6ef6c7b50a93: Pulling fs layer
e3e5d1ac74c1: Pulling fs layer
0d74d296605b: Pulling fs layer
7534d1db9f8d: Pulling fs layer
297d04cfe470: Pulling fs layer
49ec2dab01d9: Pulling fs layer
a63160a5eda1: Pulling fs layer
ab24264a27e9: Pulling fs layer
edf85873f64e: Pulling fs layer
96d30d9fbee8: Download complete
6ef6c7b50a93: Download complete
7534d1db9f8d: Download complete
ab24264a27e9: Download complete
796812c73292: Download complete
4c8a3e0d4e4b: Download complete
297d04cfe470: Download complete
e3e5d1ac74c1: Download complete
af166387641d: Download complete
0d74d296605b: Download complete
#0 building with "default" instance using docker driver

#1 [internal] load build definition from Dockerfile.mysql
#1 transferring dockerfile: 61B 0.0s done
#1 DONE 0.0s

#2 [internal] load metadata for docker.io/library/mysql:8.0.36
#2 DONE 10.8s

#3 [internal] load .dockerignore
#3 transferring context: 2B done
#3 DONE 0.0s

#4 exporting to image
#4 exporting layers done
#4 exporting manifest sha256:c59dec7e9b0bb144816e4bb32586910777886bf5ec3f2623b546e2cf242ef8db done
#4 exporting config sha256:f5f171121fa3e572eb30770e3c9a6ca240e822fdaea4e2f44882de402c8ce9d4 done
#4 naming to registry.talkschool.cn:5000/brinnatt/mysql:8.0.36 done
#4 unpacking to registry.talkschool.cn:5000/brinnatt/mysql:8.0.36
#4 ...

#5 [1/1] FROM docker.io/library/mysql:8.0.36@sha256:a532724022429812ec797c285c1b540a644c15e248579c6bfdf12a8fbaab4964
#5 resolve docker.io/library/mysql:8.0.36@sha256:a532724022429812ec797c285c1b540a644c15e248579c6bfdf12a8fbaab4964 0.0s done
#5 sha256:bddd54b9c54941036b01188f0ffda84f03bb0804655111c31437d64fb6eb6942 14.68MB / 58.51MB 5.4s
#5 sha256:bd37f6d992035c9959b83f8f96b15cac9d66542a608f378e6e97c17830b72d80 7.34MB / 51.32MB 5.3s
#5 sha256:83bcc87284a1da178d692381d8e66cd94663aba8402e75d63a41496dc6554924 1.05MB / 4.60MB 5.3s
#5 sha256:5196e1e87d8faf6bd8f3f1345cf3c351d6257786a1544e5df427b38196cbf906 15.73MB / 59.32MB 5.3s
#5 sha256:bddd54b9c54941036b01188f0ffda84f03bb0804655111c31437d64fb6eb6942 14.68MB / 58.51MB 10.5s
#5 sha256:bd37f6d992035c9959b83f8f96b15cac9d66542a608f378e6e97c17830b72d80 7.34MB / 51.32MB 10.4s
#5 sha256:83bcc87284a1da178d692381d8e66cd94663aba8402e75d63a41496dc6554924 1.05MB / 4.60MB 10.4s
#5 sha256:5196e1e87d8faf6bd8f3f1345cf3c351d6257786a1544e5df427b38196cbf906 15.73MB / 59.32MB 10.4s
#5 sha256:bddd54b9c54941036b01188f0ffda84f03bb0804655111c31437d64fb6eb6942 14.68MB / 58.51MB 15.6s
#5 sha256:bd37f6d992035c9959b83f8f96b15cac9d66542a608f378e6e97c17830b72d80 8.39MB / 51.32MB 15.5s
#5 sha256:83bcc87284a1da178d692381d8e66cd94663aba8402e75d63a41496dc6554924 1.05MB / 4.60MB 15.5s
#5 sha256:5196e1e87d8faf6bd8f3f1345cf3c351d6257786a1544e5df427b38196cbf906 15.73MB / 59.32MB 15.5s
#5 sha256:bddd54b9c54941036b01188f0ffda84f03bb0804655111c31437d64fb6eb6942 14.68MB / 58.51MB 20.7s
#5 sha256:bd37f6d992035c9959b83f8f96b15cac9d66542a608f378e6e97c17830b72d80 8.39MB / 51.32MB 20.6s
#5 sha256:83bcc87284a1da178d692381d8e66cd94663aba8402e75d63a41496dc6554924 1.05MB / 4.60MB 20.6s
#5 sha256:5196e1e87d8faf6bd8f3f1345cf3c351d6257786a1544e5df427b38196cbf906 16.78MB / 59.32MB 20.6s
#5 sha256:bddd54b9c54941036b01188f0ffda84f03bb0804655111c31437d64fb6eb6942 14.68MB / 58.51MB 25.8s
#5 sha256:bd37f6d992035c9959b83f8f96b15cac9d66542a608f378e6e97c17830b72d80 9.44MB / 51.32MB 25.7s
#5 sha256:83bcc87284a1da178d692381d8e66cd94663aba8402e75d63a41496dc6554924 1.05MB / 4.60MB 25.7s
#5 sha256:5196e1e87d8faf6bd8f3f1345cf3c351d6257786a1544e5df427b38196cbf906 16.78MB / 59.32MB 25.7s
#5 sha256:bddd54b9c54941036b01188f0ffda84f03bb0804655111c31437d64fb6eb6942 14.68MB / 58.51MB 30.9s
#5 sha256:bd37f6d992035c9959b83f8f96b15cac9d66542a608f378e6e97c17830b72d80 9.44MB / 51.32MB 30.8s
#5 sha256:83bcc87284a1da178d692381d8e66cd94663aba8402e75d63a41496dc6554924 1.05MB / 4.60MB 30.8s
#5 sha256:5196e1e87d8faf6bd8f3f1345cf3c351d6257786a1544e5df427b38196cbf906 16.78MB / 59.32MB 30.8s
#5 sha256:bddd54b9c54941036b01188f0ffda84f03bb0804655111c31437d64fb6eb6942 14.68MB / 58.51MB 36.0s
#5 sha256:bd37f6d992035c9959b83f8f96b15cac9d66542a608f378e6e97c17830b72d80 10.49MB / 51.32MB 35.9s
#5 sha256:83bcc87284a1da178d692381d8e66cd94663aba8402e75d63a41496dc6554924 1.05MB / 4.60MB 35.9s
#5 sha256:5196e1e87d8faf6bd8f3f1345cf3c351d6257786a1544e5df427b38196cbf906 17.83MB / 59.32MB 35.9s
#5 sha256:bddd54b9c54941036b01188f0ffda84f03bb0804655111c31437d64fb6eb6942 14.68MB / 58.51MB 41.1s
#5 sha256:bd37f6d992035c9959b83f8f96b15cac9d66542a608f378e6e97c17830b72d80 10.49MB / 51.32MB 41.0s
#5 sha256:83bcc87284a1da178d692381d8e66cd94663aba8402e75d63a41496dc6554924 1.05MB / 4.60MB 41.0s
#5 sha256:5196e1e87d8faf6bd8f3f1345cf3c351d6257786a1544e5df427b38196cbf906 17.83MB / 59.32MB 41.0s
#5 sha256:bddd54b9c54941036b01188f0ffda84f03bb0804655111c31437d64fb6eb6942 14.68MB / 58.51MB 46.2s
#5 sha256:bd37f6d992035c9959b83f8f96b15cac9d66542a608f378e6e97c17830b72d80 11.53MB / 51.32MB 46.1s
#5 sha256:83bcc87284a1da178d692381d8e66cd94663aba8402e75d63a41496dc6554924 1.05MB / 4.60MB 46.1s
#5 sha256:5196e1e87d8faf6bd8f3f1345cf3c351d6257786a1544e5df427b38196cbf906 18.87MB / 59.32MB 46.1s
#5 sha256:83bcc87284a1da178d692381d8e66cd94663aba8402e75d63a41496dc6554924 2.10MB / 4.60MB 47.7s
#5 sha256:bddd54b9c54941036b01188f0ffda84f03bb0804655111c31437d64fb6eb6942 15.73MB / 58.51MB 51.3s
#5 sha256:bd37f6d992035c9959b83f8f96b15cac9d66542a608f378e6e97c17830b72d80 12.58MB / 51.32MB 51.2s
#5 sha256:5196e1e87d8faf6bd8f3f1345cf3c351d6257786a1544e5df427b38196cbf906 18.87MB / 59.32MB 51.2s
#5 sha256:83bcc87284a1da178d692381d8e66cd94663aba8402e75d63a41496dc6554924 2.10MB / 4.60MB 52.8s
#5 sha256:bddd54b9c54941036b01188f0ffda84f03bb0804655111c31437d64fb6eb6942 15.73MB / 58.51MB 56.4s
#5 sha256:bd37f6d992035c9959b83f8f96b15cac9d66542a608f378e6e97c17830b72d80 12.58MB / 51.32MB 56.3s
#5 sha256:5196e1e87d8faf6bd8f3f1345cf3c351d6257786a1544e5df427b38196cbf906 19.92MB / 59.32MB 56.3s
#5 sha256:83bcc87284a1da178d692381d8e66cd94663aba8402e75d63a41496dc6554924 2.10MB / 4.60MB 57.9s
#5 sha256:bddd54b9c54941036b01188f0ffda84f03bb0804655111c31437d64fb6eb6942 15.73MB / 58.51MB 61.5s
#5 sha256:bd37f6d992035c9959b83f8f96b15cac9d66542a608f378e6e97c17830b72d80 13.63MB / 51.32MB 61.4s
#5 sha256:5196e1e87d8faf6bd8f3f1345cf3c351d6257786a1544e5df427b38196cbf906 19.92MB / 59.32MB 61.4s
#5 sha256:83bcc87284a1da178d692381d8e66cd94663aba8402e75d63a41496dc6554924 2.10MB / 4.60MB 63.0s
#5 sha256:bddd54b9c54941036b01188f0ffda84f03bb0804655111c31437d64fb6eb6942 15.73MB / 58.51MB 66.6s
#5 sha256:bd37f6d992035c9959b83f8f96b15cac9d66542a608f378e6e97c17830b72d80 13.63MB / 51.32MB 66.5s
#5 sha256:5196e1e87d8faf6bd8f3f1345cf3c351d6257786a1544e5df427b38196cbf906 20.97MB / 59.32MB 66.5s
#5 sha256:83bcc87284a1da178d692381d8e66cd94663aba8402e75d63a41496dc6554924 2.10MB / 4.60MB 68.1s
#5 sha256:bddd54b9c54941036b01188f0ffda84f03bb0804655111c31437d64fb6eb6942 15.73MB / 58.51MB 71.7s
#5 sha256:bd37f6d992035c9959b83f8f96b15cac9d66542a608f378e6e97c17830b72d80 14.68MB / 51.32MB 71.6s
#5 sha256:5196e1e87d8faf6bd8f3f1345cf3c351d6257786a1544e5df427b38196cbf906 22.02MB / 59.32MB 71.6s
#5 sha256:83bcc87284a1da178d692381d8e66cd94663aba8402e75d63a41496dc6554924 2.10MB / 4.60MB 73.2s
#5 sha256:bddd54b9c54941036b01188f0ffda84f03bb0804655111c31437d64fb6eb6942 15.73MB / 58.51MB 76.8s
#5 sha256:bd37f6d992035c9959b83f8f96b15cac9d66542a608f378e6e97c17830b72d80 14.68MB / 51.32MB 76.7s
#5 sha256:5196e1e87d8faf6bd8f3f1345cf3c351d6257786a1544e5df427b38196cbf906 23.07MB / 59.32MB 76.7s
#5 sha256:83bcc87284a1da178d692381d8e66cd94663aba8402e75d63a41496dc6554924 2.10MB / 4.60MB 78.3s
#5 sha256:bddd54b9c54941036b01188f0ffda84f03bb0804655111c31437d64fb6eb6942 15.73MB / 58.51MB 81.9s
#5 sha256:bd37f6d992035c9959b83f8f96b15cac9d66542a608f378e6e97c17830b72d80 15.73MB / 51.32MB 81.8s
#5 sha256:5196e1e87d8faf6bd8f3f1345cf3c351d6257786a1544e5df427b38196cbf906 23.07MB / 59.32MB 81.8s
#5 sha256:83bcc87284a1da178d692381d8e66cd94663aba8402e75d63a41496dc6554924 2.10MB / 4.60MB 83.4s
#5 sha256:bddd54b9c54941036b01188f0ffda84f03bb0804655111c31437d64fb6eb6942 15.73MB / 58.51MB 87.0s
#5 sha256:bd37f6d992035c9959b83f8f96b15cac9d66542a608f378e6e97c17830b72d80 15.73MB / 51.32MB 86.9s
#5 sha256:5196e1e87d8faf6bd8f3f1345cf3c351d6257786a1544e5df427b38196cbf906 24.12MB / 59.32MB 86.9s
#5 sha256:83bcc87284a1da178d692381d8e66cd94663aba8402e75d63a41496dc6554924 2.10MB / 4.60MB 88.5s
#5 sha256:bddd54b9c54941036b01188f0ffda84f03bb0804655111c31437d64fb6eb6942 16.78MB / 58.51MB 92.1s
#5 sha256:bd37f6d992035c9959b83f8f96b15cac9d66542a608f378e6e97c17830b72d80 16.78MB / 51.32MB 92.0s
#5 sha256:5196e1e87d8faf6bd8f3f1345cf3c351d6257786a1544e5df427b38196cbf906 24.12MB / 59.32MB 92.0s
#5 sha256:83bcc87284a1da178d692381d8e66cd94663aba8402e75d63a41496dc6554924 2.10MB / 4.60MB 93.6s
#5 sha256:bddd54b9c54941036b01188f0ffda84f03bb0804655111c31437d64fb6eb6942 16.78MB / 58.51MB 97.2s
#5 sha256:bd37f6d992035c9959b83f8f96b15cac9d66542a608f378e6e97c17830b72d80 16.78MB / 51.32MB 97.1s
#5 sha256:5196e1e87d8faf6bd8f3f1345cf3c351d6257786a1544e5df427b38196cbf906 24.12MB / 59.32MB 97.1s
#5 sha256:83bcc87284a1da178d692381d8e66cd94663aba8402e75d63a41496dc6554924 2.10MB / 4.60MB 98.7s
#5 sha256:bddd54b9c54941036b01188f0ffda84f03bb0804655111c31437d64fb6eb6942 16.78MB / 58.51MB 102.3s
#5 sha256:bd37f6d992035c9959b83f8f96b15cac9d66542a608f378e6e97c17830b72d80 17.83MB / 51.32MB 102.2s
#5 sha256:5196e1e87d8faf6bd8f3f1345cf3c351d6257786a1544e5df427b38196cbf906 25.17MB / 59.32MB 102.2s
#5 sha256:83bcc87284a1da178d692381d8e66cd94663aba8402e75d63a41496dc6554924 2.10MB / 4.60MB 103.8s
#5 sha256:83bcc87284a1da178d692381d8e66cd94663aba8402e75d63a41496dc6554924 3.15MB / 4.60MB 104.6s
#5 sha256:bddd54b9c54941036b01188f0ffda84f03bb0804655111c31437d64fb6eb6942 16.78MB / 58.51MB 107.4s
#5 sha256:bd37f6d992035c9959b83f8f96b15cac9d66542a608f378e6e97c17830b72d80 17.83MB / 51.32MB 107.3s
#5 sha256:5196e1e87d8faf6bd8f3f1345cf3c351d6257786a1544e5df427b38196cbf906 25.17MB / 59.32MB 107.3s
#5 sha256:83bcc87284a1da178d692381d8e66cd94663aba8402e75d63a41496dc6554924 3.15MB / 4.60MB 109.7s
#5 sha256:bddd54b9c54941036b01188f0ffda84f03bb0804655111c31437d64fb6eb6942 16.78MB / 58.51MB 112.5s
#5 sha256:bd37f6d992035c9959b83f8f96b15cac9d66542a608f378e6e97c17830b72d80 17.83MB / 51.32MB 112.4s
#5 sha256:5196e1e87d8faf6bd8f3f1345cf3c351d6257786a1544e5df427b38196cbf906 26.21MB / 59.32MB 112.4s
#5 sha256:83bcc87284a1da178d692381d8e66cd94663aba8402e75d63a41496dc6554924 3.15MB / 4.60MB 114.8s
#5 sha256:bddd54b9c54941036b01188f0ffda84f03bb0804655111c31437d64fb6eb6942 16.78MB / 58.51MB 117.6s
#5 sha256:bd37f6d992035c9959b83f8f96b15cac9d66542a608f378e6e97c17830b72d80 18.87MB / 51.32MB 117.5s
#5 sha256:5196e1e87d8faf6bd8f3f1345cf3c351d6257786a1544e5df427b38196cbf906 26.21MB / 59.32MB 117.5s
#5 sha256:83bcc87284a1da178d692381d8e66cd94663aba8402e75d63a41496dc6554924 3.15MB / 4.60MB 119.9s
#5 sha256:bddd54b9c54941036b01188f0ffda84f03bb0804655111c31437d64fb6eb6942 16.78MB / 58.51MB 122.7s
#5 sha256:bd37f6d992035c9959b83f8f96b15cac9d66542a608f378e6e97c17830b72d80 18.87MB / 51.32MB 122.6s
#5 sha256:5196e1e87d8faf6bd8f3f1345cf3c351d6257786a1544e5df427b38196cbf906 26.21MB / 59.32MB 122.6s
#5 sha256:83bcc87284a1da178d692381d8e66cd94663aba8402e75d63a41496dc6554924 3.15MB / 4.60MB 125.0s
#5 sha256:bddd54b9c54941036b01188f0ffda84f03bb0804655111c31437d64fb6eb6942 16.78MB / 58.51MB 127.8s
#5 sha256:bd37f6d992035c9959b83f8f96b15cac9d66542a608f378e6e97c17830b72d80 19.92MB / 51.32MB 127.7s
#5 sha256:5196e1e87d8faf6bd8f3f1345cf3c351d6257786a1544e5df427b38196cbf906 27.26MB / 59.32MB 127.7s
#5 sha256:83bcc87284a1da178d692381d8e66cd94663aba8402e75d63a41496dc6554924 3.15MB / 4.60MB 130.1s
#5 sha256:bddd54b9c54941036b01188f0ffda84f03bb0804655111c31437d64fb6eb6942 16.78MB / 58.51MB 132.9s
#5 sha256:bd37f6d992035c9959b83f8f96b15cac9d66542a608f378e6e97c17830b72d80 19.92MB / 51.32MB 132.8s
#5 sha256:5196e1e87d8faf6bd8f3f1345cf3c351d6257786a1544e5df427b38196cbf906 28.31MB / 59.32MB 132.8s
#5 sha256:83bcc87284a1da178d692381d8e66cd94663aba8402e75d63a41496dc6554924 3.15MB / 4.60MB 135.2s
#5 sha256:bddd54b9c54941036b01188f0ffda84f03bb0804655111c31437d64fb6eb6942 16.78MB / 58.51MB 138.0s
#5 sha256:bd37f6d992035c9959b83f8f96b15cac9d66542a608f378e6e97c17830b72d80 19.92MB / 51.32MB 137.9s
#5 sha256:5196e1e87d8faf6bd8f3f1345cf3c351d6257786a1544e5df427b38196cbf906 28.31MB / 59.32MB 137.9s
#5 sha256:83bcc87284a1da178d692381d8e66cd94663aba8402e75d63a41496dc6554924 3.15MB / 4.60MB 140.3s
#5 sha256:bddd54b9c54941036b01188f0ffda84f03bb0804655111c31437d64fb6eb6942 17.83MB / 58.51MB 143.1s
#5 sha256:bd37f6d992035c9959b83f8f96b15cac9d66542a608f378e6e97c17830b72d80 20.97MB / 51.32MB 143.0s
#5 sha256:5196e1e87d8faf6bd8f3f1345cf3c351d6257786a1544e5df427b38196cbf906 28.31MB / 59.32MB 143.0s
#5 sha256:83bcc87284a1da178d692381d8e66cd94663aba8402e75d63a41496dc6554924 3.15MB / 4.60MB 145.4s
#5 sha256:83bcc87284a1da178d692381d8e66cd94663aba8402e75d63a41496dc6554924 4.19MB / 4.60MB 145.7s
#5 sha256:bddd54b9c54941036b01188f0ffda84f03bb0804655111c31437d64fb6eb6942 17.83MB / 58.51MB 148.2s
#5 sha256:bd37f6d992035c9959b83f8f96b15cac9d66542a608f378e6e97c17830b72d80 20.97MB / 51.32MB 148.1s
#5 sha256:5196e1e87d8faf6bd8f3f1345cf3c351d6257786a1544e5df427b38196cbf906 29.36MB / 59.32MB 148.1s
#5 sha256:83bcc87284a1da178d692381d8e66cd94663aba8402e75d63a41496dc6554924 4.19MB / 4.60MB 150.8s
#5 sha256:bddd54b9c54941036b01188f0ffda84f03bb0804655111c31437d64fb6eb6942 17.83MB / 58.51MB 153.3s
#5 sha256:bd37f6d992035c9959b83f8f96b15cac9d66542a608f378e6e97c17830b72d80 22.02MB / 51.32MB 153.2s
#5 sha256:5196e1e87d8faf6bd8f3f1345cf3c351d6257786a1544e5df427b38196cbf906 30.41MB / 59.32MB 153.2s
#5 sha256:83bcc87284a1da178d692381d8e66cd94663aba8402e75d63a41496dc6554924 4.19MB / 4.60MB 155.9s
#5 sha256:bddd54b9c54941036b01188f0ffda84f03bb0804655111c31437d64fb6eb6942 17.83MB / 58.51MB 158.4s
#5 sha256:bd37f6d992035c9959b83f8f96b15cac9d66542a608f378e6e97c17830b72d80 22.02MB / 51.32MB 158.3s
#5 sha256:5196e1e87d8faf6bd8f3f1345cf3c351d6257786a1544e5df427b38196cbf906 30.41MB / 59.32MB 158.3s
#5 sha256:83bcc87284a1da178d692381d8e66cd94663aba8402e75d63a41496dc6554924 4.19MB / 4.60MB 161.0s
#5 sha256:bddd54b9c54941036b01188f0ffda84f03bb0804655111c31437d64fb6eb6942 17.83MB / 58.51MB 163.5s
#5 sha256:bd37f6d992035c9959b83f8f96b15cac9d66542a608f378e6e97c17830b72d80 22.02MB / 51.32MB 163.4s
#5 sha256:5196e1e87d8faf6bd8f3f1345cf3c351d6257786a1544e5df427b38196cbf906 31.46MB / 59.32MB 163.4s
#5 sha256:83bcc87284a1da178d692381d8e66cd94663aba8402e75d63a41496dc6554924 4.19MB / 4.60MB 166.1s
#5 sha256:bddd54b9c54941036b01188f0ffda84f03bb0804655111c31437d64fb6eb6942 17.83MB / 58.51MB 168.6s
#5 sha256:bd37f6d992035c9959b83f8f96b15cac9d66542a608f378e6e97c17830b72d80 23.07MB / 51.32MB 168.5s
#5 sha256:5196e1e87d8faf6bd8f3f1345cf3c351d6257786a1544e5df427b38196cbf906 31.46MB / 59.32MB 168.5s
#5 sha256:83bcc87284a1da178d692381d8e66cd94663aba8402e75d63a41496dc6554924 4.19MB / 4.60MB 171.2s
#5 sha256:83bcc87284a1da178d692381d8e66cd94663aba8402e75d63a41496dc6554924 4.60MB / 4.60MB 172.0s done
#5 sha256:bddd54b9c54941036b01188f0ffda84f03bb0804655111c31437d64fb6eb6942 17.83MB / 58.51MB 173.7s
#5 sha256:bd37f6d992035c9959b83f8f96b15cac9d66542a608f378e6e97c17830b72d80 23.07MB / 51.32MB 173.6s
#5 sha256:5196e1e87d8faf6bd8f3f1345cf3c351d6257786a1544e5df427b38196cbf906 32.51MB / 59.32MB 173.6s
#5 sha256:bddd54b9c54941036b01188f0ffda84f03bb0804655111c31437d64fb6eb6942 17.83MB / 58.51MB 178.8s
#5 sha256:bd37f6d992035c9959b83f8f96b15cac9d66542a608f378e6e97c17830b72d80 24.12MB / 51.32MB 178.7s
#5 sha256:5196e1e87d8faf6bd8f3f1345cf3c351d6257786a1544e5df427b38196cbf906 32.51MB / 59.32MB 178.7s
#5 sha256:bddd54b9c54941036b01188f0ffda84f03bb0804655111c31437d64fb6eb6942 17.83MB / 58.51MB 183.9s
#5 sha256:bd37f6d992035c9959b83f8f96b15cac9d66542a608f378e6e97c17830b72d80 24.12MB / 51.32MB 183.8s
#5 sha256:5196e1e87d8faf6bd8f3f1345cf3c351d6257786a1544e5df427b38196cbf906 33.55MB / 59.32MB 183.8s
#5 sha256:bddd54b9c54941036b01188f0ffda84f03bb0804655111c31437d64fb6eb6942 18.87MB / 58.51MB 189.0s
#5 sha256:bd37f6d992035c9959b83f8f96b15cac9d66542a608f378e6e97c17830b72d80 24.12MB / 51.32MB 188.9s
#5 sha256:5196e1e87d8faf6bd8f3f1345cf3c351d6257786a1544e5df427b38196cbf906 34.60MB / 59.32MB 188.9s
#5 sha256:bddd54b9c54941036b01188f0ffda84f03bb0804655111c31437d64fb6eb6942 18.87MB / 58.51MB 194.1s
#5 sha256:bd37f6d992035c9959b83f8f96b15cac9d66542a608f378e6e97c17830b72d80 25.17MB / 51.32MB 194.0s
#5 sha256:5196e1e87d8faf6bd8f3f1345cf3c351d6257786a1544e5df427b38196cbf906 34.60MB / 59.32MB 194.0s
#5 sha256:bddd54b9c54941036b01188f0ffda84f03bb0804655111c31437d64fb6eb6942 18.87MB / 58.51MB 199.2s
#5 sha256:bd37f6d992035c9959b83f8f96b15cac9d66542a608f378e6e97c17830b72d80 25.17MB / 51.32MB 199.1s
#5 sha256:5196e1e87d8faf6bd8f3f1345cf3c351d6257786a1544e5df427b38196cbf906 35.65MB / 59.32MB 199.1s
#5 sha256:bddd54b9c54941036b01188f0ffda84f03bb0804655111c31437d64fb6eb6942 18.87MB / 58.51MB 204.3s
#5 sha256:bd37f6d992035c9959b83f8f96b15cac9d66542a608f378e6e97c17830b72d80 26.21MB / 51.32MB 204.2s
#5 sha256:5196e1e87d8faf6bd8f3f1345cf3c351d6257786a1544e5df427b38196cbf906 36.70MB / 59.32MB 204.2s
#5 sha256:bddd54b9c54941036b01188f0ffda84f03bb0804655111c31437d64fb6eb6942 18.87MB / 58.51MB 209.4s
#5 sha256:bd37f6d992035c9959b83f8f96b15cac9d66542a608f378e6e97c17830b72d80 26.21MB / 51.32MB 209.3s
#5 sha256:5196e1e87d8faf6bd8f3f1345cf3c351d6257786a1544e5df427b38196cbf906 36.70MB / 59.32MB 209.3s
#5 sha256:bddd54b9c54941036b01188f0ffda84f03bb0804655111c31437d64fb6eb6942 19.92MB / 58.51MB 214.5s
#5 sha256:bd37f6d992035c9959b83f8f96b15cac9d66542a608f378e6e97c17830b72d80 27.26MB / 51.32MB 214.4s
#5 sha256:5196e1e87d8faf6bd8f3f1345cf3c351d6257786a1544e5df427b38196cbf906 37.75MB / 59.32MB 214.4s
#5 sha256:bddd54b9c54941036b01188f0ffda84f03bb0804655111c31437d64fb6eb6942 19.92MB / 58.51MB 219.6s
#5 sha256:bd37f6d992035c9959b83f8f96b15cac9d66542a608f378e6e97c17830b72d80 27.26MB / 51.32MB 219.5s
#5 sha256:5196e1e87d8faf6bd8f3f1345cf3c351d6257786a1544e5df427b38196cbf906 37.75MB / 59.32MB 219.5s
#5 sha256:bddd54b9c54941036b01188f0ffda84f03bb0804655111c31437d64fb6eb6942 19.92MB / 58.51MB 224.7s
#5 sha256:bd37f6d992035c9959b83f8f96b15cac9d66542a608f378e6e97c17830b72d80 27.26MB / 51.32MB 224.6s
#5 sha256:5196e1e87d8faf6bd8f3f1345cf3c351d6257786a1544e5df427b38196cbf906 38.80MB / 59.32MB 224.6s
#5 sha256:bddd54b9c54941036b01188f0ffda84f03bb0804655111c31437d64fb6eb6942 19.92MB / 58.51MB 229.8s
#5 sha256:bd37f6d992035c9959b83f8f96b15cac9d66542a608f378e6e97c17830b72d80 28.31MB / 51.32MB 229.7s
#5 sha256:5196e1e87d8faf6bd8f3f1345cf3c351d6257786a1544e5df427b38196cbf906 38.80MB / 59.32MB 229.7s
#5 sha256:bddd54b9c54941036b01188f0ffda84f03bb0804655111c31437d64fb6eb6942 19.92MB / 58.51MB 234.9s
#5 sha256:bd37f6d992035c9959b83f8f96b15cac9d66542a608f378e6e97c17830b72d80 28.31MB / 51.32MB 234.8s
#5 sha256:5196e1e87d8faf6bd8f3f1345cf3c351d6257786a1544e5df427b38196cbf906 38.80MB / 59.32MB 234.8s
#5 sha256:bddd54b9c54941036b01188f0ffda84f03bb0804655111c31437d64fb6eb6942 19.92MB / 58.51MB 240.0s
#5 sha256:bd37f6d992035c9959b83f8f96b15cac9d66542a608f378e6e97c17830b72d80 29.36MB / 51.32MB 239.9s
#5 sha256:5196e1e87d8faf6bd8f3f1345cf3c351d6257786a1544e5df427b38196cbf906 39.85MB / 59.32MB 239.9s
#5 sha256:bddd54b9c54941036b01188f0ffda84f03bb0804655111c31437d64fb6eb6942 20.97MB / 58.51MB 245.1s
#5 sha256:bd37f6d992035c9959b83f8f96b15cac9d66542a608f378e6e97c17830b72d80 29.36MB / 51.32MB 245.0s
#5 sha256:5196e1e87d8faf6bd8f3f1345cf3c351d6257786a1544e5df427b38196cbf906 40.89MB / 59.32MB 245.0s
#5 sha256:bddd54b9c54941036b01188f0ffda84f03bb0804655111c31437d64fb6eb6942 20.97MB / 58.51MB 250.2s
#5 sha256:bd37f6d992035c9959b83f8f96b15cac9d66542a608f378e6e97c17830b72d80 30.41MB / 51.32MB 250.1s
#5 sha256:5196e1e87d8faf6bd8f3f1345cf3c351d6257786a1544e5df427b38196cbf906 40.89MB / 59.32MB 250.1s
#5 sha256:bddd54b9c54941036b01188f0ffda84f03bb0804655111c31437d64fb6eb6942 20.97MB / 58.51MB 255.3s
#5 sha256:bd37f6d992035c9959b83f8f96b15cac9d66542a608f378e6e97c17830b72d80 30.41MB / 51.32MB 255.2s
#5 sha256:5196e1e87d8faf6bd8f3f1345cf3c351d6257786a1544e5df427b38196cbf906 41.94MB / 59.32MB 255.2s
#5 sha256:bddd54b9c54941036b01188f0ffda84f03bb0804655111c31437d64fb6eb6942 20.97MB / 58.51MB 260.4s
#5 sha256:bd37f6d992035c9959b83f8f96b15cac9d66542a608f378e6e97c17830b72d80 31.46MB / 51.32MB 260.3s
#5 sha256:5196e1e87d8faf6bd8f3f1345cf3c351d6257786a1544e5df427b38196cbf906 42.99MB / 59.32MB 260.3s
#5 sha256:bddd54b9c54941036b01188f0ffda84f03bb0804655111c31437d64fb6eb6942 20.97MB / 58.51MB 265.5s
#5 sha256:bd37f6d992035c9959b83f8f96b15cac9d66542a608f378e6e97c17830b72d80 31.46MB / 51.32MB 265.4s
#5 sha256:5196e1e87d8faf6bd8f3f1345cf3c351d6257786a1544e5df427b38196cbf906 44.04MB / 59.32MB 265.4s
#5 sha256:bddd54b9c54941036b01188f0ffda84f03bb0804655111c31437d64fb6eb6942 20.97MB / 58.51MB 270.6s
#5 sha256:bd37f6d992035c9959b83f8f96b15cac9d66542a608f378e6e97c17830b72d80 32.51MB / 51.32MB 270.5s
#5 sha256:5196e1e87d8faf6bd8f3f1345cf3c351d6257786a1544e5df427b38196cbf906 44.04MB / 59.32MB 270.5s
#5 sha256:bddd54b9c54941036b01188f0ffda84f03bb0804655111c31437d64fb6eb6942 20.97MB / 58.51MB 275.7s
#5 sha256:bd37f6d992035c9959b83f8f96b15cac9d66542a608f378e6e97c17830b72d80 32.51MB / 51.32MB 275.6s
#5 sha256:5196e1e87d8faf6bd8f3f1345cf3c351d6257786a1544e5df427b38196cbf906 44.04MB / 59.32MB 275.6s
#5 sha256:bddd54b9c54941036b01188f0ffda84f03bb0804655111c31437d64fb6eb6942 20.97MB / 58.51MB 280.8s
#5 sha256:bd37f6d992035c9959b83f8f96b15cac9d66542a608f378e6e97c17830b72d80 33.55MB / 51.32MB 280.7s
#5 sha256:5196e1e87d8faf6bd8f3f1345cf3c351d6257786a1544e5df427b38196cbf906 45.09MB / 59.32MB 280.7s
#5 sha256:bddd54b9c54941036b01188f0ffda84f03bb0804655111c31437d64fb6eb6942 20.97MB / 58.51MB 285.9s
#5 sha256:bd37f6d992035c9959b83f8f96b15cac9d66542a608f378e6e97c17830b72d80 33.55MB / 51.32MB 285.8s
#5 sha256:5196e1e87d8faf6bd8f3f1345cf3c351d6257786a1544e5df427b38196cbf906 45.09MB / 59.32MB 285.8s
#5 sha256:bddd54b9c54941036b01188f0ffda84f03bb0804655111c31437d64fb6eb6942 20.97MB / 58.51MB 291.0s
#5 sha256:bd37f6d992035c9959b83f8f96b15cac9d66542a608f378e6e97c17830b72d80 34.60MB / 51.32MB 290.9s
#5 sha256:5196e1e87d8faf6bd8f3f1345cf3c351d6257786a1544e5df427b38196cbf906 46.14MB / 59.32MB 290.9s
#5 sha256:bddd54b9c54941036b01188f0ffda84f03bb0804655111c31437d64fb6eb6942 22.02MB / 58.51MB 296.1s
#5 sha256:bd37f6d992035c9959b83f8f96b15cac9d66542a608f378e6e97c17830b72d80 34.60MB / 51.32MB 296.0s
#5 sha256:5196e1e87d8faf6bd8f3f1345cf3c351d6257786a1544e5df427b38196cbf906 46.14MB / 59.32MB 296.0s
#5 sha256:bddd54b9c54941036b01188f0ffda84f03bb0804655111c31437d64fb6eb6942 22.02MB / 58.51MB 301.2s
#5 sha256:bd37f6d992035c9959b83f8f96b15cac9d66542a608f378e6e97c17830b72d80 35.65MB / 51.32MB 301.1s
#5 sha256:5196e1e87d8faf6bd8f3f1345cf3c351d6257786a1544e5df427b38196cbf906 47.19MB / 59.32MB 301.1s
#5 sha256:bddd54b9c54941036b01188f0ffda84f03bb0804655111c31437d64fb6eb6942 22.02MB / 58.51MB 306.3s
#5 sha256:bd37f6d992035c9959b83f8f96b15cac9d66542a608f378e6e97c17830b72d80 35.65MB / 51.32MB 306.2s
#5 sha256:5196e1e87d8faf6bd8f3f1345cf3c351d6257786a1544e5df427b38196cbf906 47.19MB / 59.32MB 306.2s
#5 sha256:bddd54b9c54941036b01188f0ffda84f03bb0804655111c31437d64fb6eb6942 22.02MB / 58.51MB 311.4s
#5 sha256:bd37f6d992035c9959b83f8f96b15cac9d66542a608f378e6e97c17830b72d80 36.70MB / 51.32MB 311.3s
#5 sha256:5196e1e87d8faf6bd8f3f1345cf3c351d6257786a1544e5df427b38196cbf906 48.23MB / 59.32MB 311.3s
#5 sha256:bddd54b9c54941036b01188f0ffda84f03bb0804655111c31437d64fb6eb6942 22.02MB / 58.51MB 316.5s
#5 sha256:bd37f6d992035c9959b83f8f96b15cac9d66542a608f378e6e97c17830b72d80 36.70MB / 51.32MB 316.4s
#5 sha256:5196e1e87d8faf6bd8f3f1345cf3c351d6257786a1544e5df427b38196cbf906 48.23MB / 59.32MB 316.4s
#5 sha256:bddd54b9c54941036b01188f0ffda84f03bb0804655111c31437d64fb6eb6942 22.02MB / 58.51MB 321.6s
#5 sha256:bd37f6d992035c9959b83f8f96b15cac9d66542a608f378e6e97c17830b72d80 37.75MB / 51.32MB 321.5s
#5 sha256:5196e1e87d8faf6bd8f3f1345cf3c351d6257786a1544e5df427b38196cbf906 49.28MB / 59.32MB 321.5s
#5 sha256:bddd54b9c54941036b01188f0ffda84f03bb0804655111c31437d64fb6eb6942 22.02MB / 58.51MB 326.7s
#5 sha256:bd37f6d992035c9959b83f8f96b15cac9d66542a608f378e6e97c17830b72d80 37.75MB / 51.32MB 326.6s
#5 sha256:5196e1e87d8faf6bd8f3f1345cf3c351d6257786a1544e5df427b38196cbf906 49.28MB / 59.32MB 326.6s
#5 sha256:bddd54b9c54941036b01188f0ffda84f03bb0804655111c31437d64fb6eb6942 22.02MB / 58.51MB 331.8s
#5 sha256:bd37f6d992035c9959b83f8f96b15cac9d66542a608f378e6e97c17830b72d80 38.80MB / 51.32MB 331.7s
#5 sha256:5196e1e87d8faf6bd8f3f1345cf3c351d6257786a1544e5df427b38196cbf906 50.33MB / 59.32MB 331.7s
#5 sha256:bddd54b9c54941036b01188f0ffda84f03bb0804655111c31437d64fb6eb6942 22.02MB / 58.51MB 336.9s
#5 sha256:bd37f6d992035c9959b83f8f96b15cac9d66542a608f378e6e97c17830b72d80 38.80MB / 51.32MB 336.8s
#5 sha256:5196e1e87d8faf6bd8f3f1345cf3c351d6257786a1544e5df427b38196cbf906 52.43MB / 59.32MB 336.8s
#5 sha256:bddd54b9c54941036b01188f0ffda84f03bb0804655111c31437d64fb6eb6942 23.07MB / 58.51MB 342.0s
#5 sha256:bd37f6d992035c9959b83f8f96b15cac9d66542a608f378e6e97c17830b72d80 39.85MB / 51.32MB 341.9s
#5 sha256:5196e1e87d8faf6bd8f3f1345cf3c351d6257786a1544e5df427b38196cbf906 54.53MB / 59.32MB 341.9s
#5 sha256:bddd54b9c54941036b01188f0ffda84f03bb0804655111c31437d64fb6eb6942 23.07MB / 58.51MB 347.1s
#5 sha256:bd37f6d992035c9959b83f8f96b15cac9d66542a608f378e6e97c17830b72d80 39.85MB / 51.32MB 347.0s
#5 sha256:5196e1e87d8faf6bd8f3f1345cf3c351d6257786a1544e5df427b38196cbf906 56.62MB / 59.32MB 347.0s
#5 sha256:bddd54b9c54941036b01188f0ffda84f03bb0804655111c31437d64fb6eb6942 23.07MB / 58.51MB 352.2s
#5 sha256:bd37f6d992035c9959b83f8f96b15cac9d66542a608f378e6e97c17830b72d80 40.89MB / 51.32MB 352.1s
#5 sha256:5196e1e87d8faf6bd8f3f1345cf3c351d6257786a1544e5df427b38196cbf906 58.72MB / 59.32MB 352.1s
#5 sha256:5196e1e87d8faf6bd8f3f1345cf3c351d6257786a1544e5df427b38196cbf906 59.32MB / 59.32MB 353.8s done
#5 sha256:bddd54b9c54941036b01188f0ffda84f03bb0804655111c31437d64fb6eb6942 23.07MB / 58.51MB 357.3s
#5 sha256:bd37f6d992035c9959b83f8f96b15cac9d66542a608f378e6e97c17830b72d80 41.94MB / 51.32MB 357.2s
#5 sha256:bddd54b9c54941036b01188f0ffda84f03bb0804655111c31437d64fb6eb6942 23.07MB / 58.51MB 362.4s
#5 sha256:bd37f6d992035c9959b83f8f96b15cac9d66542a608f378e6e97c17830b72d80 42.99MB / 51.32MB 362.3s
#5 sha256:bddd54b9c54941036b01188f0ffda84f03bb0804655111c31437d64fb6eb6942 23.07MB / 58.51MB 367.5s
#5 sha256:bd37f6d992035c9959b83f8f96b15cac9d66542a608f378e6e97c17830b72d80 42.99MB / 51.32MB 367.4s
#5 sha256:bddd54b9c54941036b01188f0ffda84f03bb0804655111c31437d64fb6eb6942 24.12MB / 58.51MB 372.6s
#5 sha256:bd37f6d992035c9959b83f8f96b15cac9d66542a608f378e6e97c17830b72d80 44.04MB / 51.32MB 372.5s
#5 sha256:bddd54b9c54941036b01188f0ffda84f03bb0804655111c31437d64fb6eb6942 24.12MB / 58.51MB 377.7s
#5 sha256:bd37f6d992035c9959b83f8f96b15cac9d66542a608f378e6e97c17830b72d80 45.09MB / 51.32MB 377.6s
#5 sha256:bddd54b9c54941036b01188f0ffda84f03bb0804655111c31437d64fb6eb6942 24.12MB / 58.51MB 382.8s
#5 sha256:bd37f6d992035c9959b83f8f96b15cac9d66542a608f378e6e97c17830b72d80 45.09MB / 51.32MB 382.7s
#5 sha256:bddd54b9c54941036b01188f0ffda84f03bb0804655111c31437d64fb6eb6942 24.12MB / 58.51MB 387.9s
#5 sha256:bd37f6d992035c9959b83f8f96b15cac9d66542a608f378e6e97c17830b72d80 46.14MB / 51.32MB 387.8s
#5 sha256:bddd54b9c54941036b01188f0ffda84f03bb0804655111c31437d64fb6eb6942 25.17MB / 58.51MB 393.0s
#5 sha256:bd37f6d992035c9959b83f8f96b15cac9d66542a608f378e6e97c17830b72d80 47.19MB / 51.32MB 392.9s
#5 sha256:bddd54b9c54941036b01188f0ffda84f03bb0804655111c31437d64fb6eb6942 25.17MB / 58.51MB 398.1s
#5 sha256:bd37f6d992035c9959b83f8f96b15cac9d66542a608f378e6e97c17830b72d80 47.19MB / 51.32MB 398.0s
#5 sha256:bddd54b9c54941036b01188f0ffda84f03bb0804655111c31437d64fb6eb6942 25.17MB / 58.51MB 403.2s
#5 sha256:bd37f6d992035c9959b83f8f96b15cac9d66542a608f378e6e97c17830b72d80 48.23MB / 51.32MB 403.1s
#5 sha256:bddd54b9c54941036b01188f0ffda84f03bb0804655111c31437d64fb6eb6942 25.17MB / 58.51MB 408.3s
#5 sha256:bd37f6d992035c9959b83f8f96b15cac9d66542a608f378e6e97c17830b72d80 48.23MB / 51.32MB 408.2s
#5 sha256:bddd54b9c54941036b01188f0ffda84f03bb0804655111c31437d64fb6eb6942 25.17MB / 58.51MB 413.4s
#5 sha256:bd37f6d992035c9959b83f8f96b15cac9d66542a608f378e6e97c17830b72d80 49.28MB / 51.32MB 413.3s
#5 sha256:bddd54b9c54941036b01188f0ffda84f03bb0804655111c31437d64fb6eb6942 25.17MB / 58.51MB 418.5s
#5 sha256:bd37f6d992035c9959b83f8f96b15cac9d66542a608f378e6e97c17830b72d80 49.28MB / 51.32MB 418.4s
#5 sha256:bddd54b9c54941036b01188f0ffda84f03bb0804655111c31437d64fb6eb6942 26.21MB / 58.51MB 423.6s
#5 sha256:bd37f6d992035c9959b83f8f96b15cac9d66542a608f378e6e97c17830b72d80 50.33MB / 51.32MB 423.5s
#5 sha256:bd37f6d992035c9959b83f8f96b15cac9d66542a608f378e6e97c17830b72d80 51.32MB / 51.32MB 426.2s done
#5 sha256:bddd54b9c54941036b01188f0ffda84f03bb0804655111c31437d64fb6eb6942 26.21MB / 58.51MB 428.7s
#5 sha256:bddd54b9c54941036b01188f0ffda84f03bb0804655111c31437d64fb6eb6942 26.21MB / 58.51MB 433.8s
#5 sha256:bddd54b9c54941036b01188f0ffda84f03bb0804655111c31437d64fb6eb6942 26.21MB / 58.51MB 438.9s
#5 sha256:bddd54b9c54941036b01188f0ffda84f03bb0804655111c31437d64fb6eb6942 26.21MB / 58.51MB 444.0s
#5 sha256:bddd54b9c54941036b01188f0ffda84f03bb0804655111c31437d64fb6eb6942 26.21MB / 58.51MB 449.1s
#5 sha256:bddd54b9c54941036b01188f0ffda84f03bb0804655111c31437d64fb6eb6942 27.26MB / 58.51MB 454.2s
#5 sha256:bddd54b9c54941036b01188f0ffda84f03bb0804655111c31437d64fb6eb6942 27.26MB / 58.51MB 459.3s
#5 sha256:bddd54b9c54941036b01188f0ffda84f03bb0804655111c31437d64fb6eb6942 27.26MB / 58.51MB 464.4s
#5 sha256:bddd54b9c54941036b01188f0ffda84f03bb0804655111c31437d64fb6eb6942 27.26MB / 58.51MB 469.5s
#5 sha256:bddd54b9c54941036b01188f0ffda84f03bb0804655111c31437d64fb6eb6942 27.26MB / 58.51MB 474.6s
#5 sha256:bddd54b9c54941036b01188f0ffda84f03bb0804655111c31437d64fb6eb6942 27.26MB / 58.51MB 479.7s
#5 sha256:bddd54b9c54941036b01188f0ffda84f03bb0804655111c31437d64fb6eb6942 27.26MB / 58.51MB 484.8s
#5 sha256:bddd54b9c54941036b01188f0ffda84f03bb0804655111c31437d64fb6eb6942 28.31MB / 58.51MB 489.9s
#5 sha256:bddd54b9c54941036b01188f0ffda84f03bb0804655111c31437d64fb6eb6942 28.31MB / 58.51MB 495.0s
#5 sha256:bddd54b9c54941036b01188f0ffda84f03bb0804655111c31437d64fb6eb6942 28.31MB / 58.51MB 500.1s
#5 sha256:bddd54b9c54941036b01188f0ffda84f03bb0804655111c31437d64fb6eb6942 28.31MB / 58.51MB 505.2s
#5 sha256:bddd54b9c54941036b01188f0ffda84f03bb0804655111c31437d64fb6eb6942 28.31MB / 58.51MB 510.3s
#5 sha256:bddd54b9c54941036b01188f0ffda84f03bb0804655111c31437d64fb6eb6942 29.36MB / 58.51MB 515.4s
#5 sha256:bddd54b9c54941036b01188f0ffda84f03bb0804655111c31437d64fb6eb6942 29.36MB / 58.51MB 520.5s
#5 sha256:bddd54b9c54941036b01188f0ffda84f03bb0804655111c31437d64fb6eb6942 29.36MB / 58.51MB 525.6s
#5 sha256:bddd54b9c54941036b01188f0ffda84f03bb0804655111c31437d64fb6eb6942 29.36MB / 58.51MB 530.7s
#5 sha256:bddd54b9c54941036b01188f0ffda84f03bb0804655111c31437d64fb6eb6942 29.36MB / 58.51MB 535.8s
#5 sha256:bddd54b9c54941036b01188f0ffda84f03bb0804655111c31437d64fb6eb6942 29.36MB / 58.51MB 540.9s
#5 sha256:bddd54b9c54941036b01188f0ffda84f03bb0804655111c31437d64fb6eb6942 29.36MB / 58.51MB 546.0s
#5 sha256:bddd54b9c54941036b01188f0ffda84f03bb0804655111c31437d64fb6eb6942 29.36MB / 58.51MB 551.1s
#5 sha256:bddd54b9c54941036b01188f0ffda84f03bb0804655111c31437d64fb6eb6942 29.36MB / 58.51MB 556.2s
#5 sha256:bddd54b9c54941036b01188f0ffda84f03bb0804655111c31437d64fb6eb6942 29.36MB / 58.51MB 561.3s
#5 sha256:bddd54b9c54941036b01188f0ffda84f03bb0804655111c31437d64fb6eb6942 30.41MB / 58.51MB 566.4s
#5 sha256:bddd54b9c54941036b01188f0ffda84f03bb0804655111c31437d64fb6eb6942 30.41MB / 58.51MB 571.5s
#5 sha256:bddd54b9c54941036b01188f0ffda84f03bb0804655111c31437d64fb6eb6942 30.41MB / 58.51MB 576.6s
#5 sha256:bddd54b9c54941036b01188f0ffda84f03bb0804655111c31437d64fb6eb6942 30.41MB / 58.51MB 581.7s
#5 sha256:bddd54b9c54941036b01188f0ffda84f03bb0804655111c31437d64fb6eb6942 30.41MB / 58.51MB 586.8s
#5 sha256:bddd54b9c54941036b01188f0ffda84f03bb0804655111c31437d64fb6eb6942 31.46MB / 58.51MB 591.9s
#5 sha256:bddd54b9c54941036b01188f0ffda84f03bb0804655111c31437d64fb6eb6942 31.46MB / 58.51MB 597.0s
#5 sha256:bddd54b9c54941036b01188f0ffda84f03bb0804655111c31437d64fb6eb6942 31.46MB / 58.51MB 602.1s
#5 sha256:bddd54b9c54941036b01188f0ffda84f03bb0804655111c31437d64fb6eb6942 31.46MB / 58.51MB 607.2s
#5 sha256:bddd54b9c54941036b01188f0ffda84f03bb0804655111c31437d64fb6eb6942 31.46MB / 58.51MB 612.3s
#5 sha256:bddd54b9c54941036b01188f0ffda84f03bb0804655111c31437d64fb6eb6942 31.46MB / 58.51MB 617.4s
#5 sha256:bddd54b9c54941036b01188f0ffda84f03bb0804655111c31437d64fb6eb6942 32.51MB / 58.51MB 622.5s
#5 sha256:bddd54b9c54941036b01188f0ffda84f03bb0804655111c31437d64fb6eb6942 32.51MB / 58.51MB 627.6s
#5 sha256:bddd54b9c54941036b01188f0ffda84f03bb0804655111c31437d64fb6eb6942 32.51MB / 58.51MB 632.7s
#5 sha256:bddd54b9c54941036b01188f0ffda84f03bb0804655111c31437d64fb6eb6942 32.51MB / 58.51MB 637.8s
#5 sha256:bddd54b9c54941036b01188f0ffda84f03bb0804655111c31437d64fb6eb6942 32.51MB / 58.51MB 642.9s
#5 sha256:bddd54b9c54941036b01188f0ffda84f03bb0804655111c31437d64fb6eb6942 32.51MB / 58.51MB 648.0s
#5 sha256:bddd54b9c54941036b01188f0ffda84f03bb0804655111c31437d64fb6eb6942 32.51MB / 58.51MB 653.1s
#5 sha256:bddd54b9c54941036b01188f0ffda84f03bb0804655111c31437d64fb6eb6942 33.55MB / 58.51MB 658.2s
#5 sha256:bddd54b9c54941036b01188f0ffda84f03bb0804655111c31437d64fb6eb6942 33.55MB / 58.51MB 663.3s
#5 sha256:bddd54b9c54941036b01188f0ffda84f03bb0804655111c31437d64fb6eb6942 33.55MB / 58.51MB 668.4s
#5 sha256:bddd54b9c54941036b01188f0ffda84f03bb0804655111c31437d64fb6eb6942 33.55MB / 58.51MB 673.5s
#5 sha256:bddd54b9c54941036b01188f0ffda84f03bb0804655111c31437d64fb6eb6942 33.55MB / 58.51MB 678.6s
#5 sha256:bddd54b9c54941036b01188f0ffda84f03bb0804655111c31437d64fb6eb6942 33.55MB / 58.51MB 683.7s
#5 sha256:bddd54b9c54941036b01188f0ffda84f03bb0804655111c31437d64fb6eb6942 34.60MB / 58.51MB 688.8s
#5 sha256:bddd54b9c54941036b01188f0ffda84f03bb0804655111c31437d64fb6eb6942 34.60MB / 58.51MB 693.9s
#5 sha256:bddd54b9c54941036b01188f0ffda84f03bb0804655111c31437d64fb6eb6942 34.60MB / 58.51MB 699.0s
#5 sha256:bddd54b9c54941036b01188f0ffda84f03bb0804655111c31437d64fb6eb6942 35.65MB / 58.51MB 704.1s
#5 sha256:bddd54b9c54941036b01188f0ffda84f03bb0804655111c31437d64fb6eb6942 35.65MB / 58.51MB 709.2s
#5 sha256:bddd54b9c54941036b01188f0ffda84f03bb0804655111c31437d64fb6eb6942 35.65MB / 58.51MB 714.3s
#5 sha256:bddd54b9c54941036b01188f0ffda84f03bb0804655111c31437d64fb6eb6942 35.65MB / 58.51MB 719.4s
#5 sha256:bddd54b9c54941036b01188f0ffda84f03bb0804655111c31437d64fb6eb6942 35.65MB / 58.51MB 724.5s
#5 sha256:bddd54b9c54941036b01188f0ffda84f03bb0804655111c31437d64fb6eb6942 35.65MB / 58.51MB 729.6s
#5 sha256:bddd54b9c54941036b01188f0ffda84f03bb0804655111c31437d64fb6eb6942 35.65MB / 58.51MB 734.7s
#5 sha256:bddd54b9c54941036b01188f0ffda84f03bb0804655111c31437d64fb6eb6942 35.65MB / 58.51MB 739.8s
#5 sha256:bddd54b9c54941036b01188f0ffda84f03bb0804655111c31437d64fb6eb6942 36.70MB / 58.51MB 744.9s
#5 sha256:bddd54b9c54941036b01188f0ffda84f03bb0804655111c31437d64fb6eb6942 36.70MB / 58.51MB 750.0s
#5 sha256:bddd54b9c54941036b01188f0ffda84f03bb0804655111c31437d64fb6eb6942 36.70MB / 58.51MB 755.1s
#5 sha256:bddd54b9c54941036b01188f0ffda84f03bb0804655111c31437d64fb6eb6942 36.70MB / 58.51MB 760.2s
#5 sha256:bddd54b9c54941036b01188f0ffda84f03bb0804655111c31437d64fb6eb6942 36.70MB / 58.51MB 765.3s
#5 sha256:bddd54b9c54941036b01188f0ffda84f03bb0804655111c31437d64fb6eb6942 36.70MB / 58.51MB 770.4s
#5 sha256:bddd54b9c54941036b01188f0ffda84f03bb0804655111c31437d64fb6eb6942 36.70MB / 58.51MB 775.5s
#5 sha256:bddd54b9c54941036b01188f0ffda84f03bb0804655111c31437d64fb6eb6942 37.75MB / 58.51MB 780.6s
#5 sha256:bddd54b9c54941036b01188f0ffda84f03bb0804655111c31437d64fb6eb6942 37.75MB / 58.51MB 785.7s
#5 sha256:bddd54b9c54941036b01188f0ffda84f03bb0804655111c31437d64fb6eb6942 37.75MB / 58.51MB 790.8s
#5 sha256:bddd54b9c54941036b01188f0ffda84f03bb0804655111c31437d64fb6eb6942 38.80MB / 58.51MB 795.9s
#5 sha256:bddd54b9c54941036b01188f0ffda84f03bb0804655111c31437d64fb6eb6942 38.80MB / 58.51MB 801.0s
#5 sha256:bddd54b9c54941036b01188f0ffda84f03bb0804655111c31437d64fb6eb6942 38.80MB / 58.51MB 806.1s
#5 sha256:bddd54b9c54941036b01188f0ffda84f03bb0804655111c31437d64fb6eb6942 38.80MB / 58.51MB 811.2s
#5 sha256:bddd54b9c54941036b01188f0ffda84f03bb0804655111c31437d64fb6eb6942 38.80MB / 58.51MB 816.3s
#5 sha256:bddd54b9c54941036b01188f0ffda84f03bb0804655111c31437d64fb6eb6942 38.80MB / 58.51MB 821.4s
#5 sha256:bddd54b9c54941036b01188f0ffda84f03bb0804655111c31437d64fb6eb6942 38.80MB / 58.51MB 826.5s
#5 sha256:bddd54b9c54941036b01188f0ffda84f03bb0804655111c31437d64fb6eb6942 39.85MB / 58.51MB 831.6s
#5 sha256:bddd54b9c54941036b01188f0ffda84f03bb0804655111c31437d64fb6eb6942 39.85MB / 58.51MB 836.7s
#5 sha256:bddd54b9c54941036b01188f0ffda84f03bb0804655111c31437d64fb6eb6942 39.85MB / 58.51MB 841.8s
#5 sha256:bddd54b9c54941036b01188f0ffda84f03bb0804655111c31437d64fb6eb6942 39.85MB / 58.51MB 846.9s
#5 sha256:bddd54b9c54941036b01188f0ffda84f03bb0804655111c31437d64fb6eb6942 40.89MB / 58.51MB 852.0s
#5 sha256:bddd54b9c54941036b01188f0ffda84f03bb0804655111c31437d64fb6eb6942 40.89MB / 58.51MB 857.1s
#5 sha256:bddd54b9c54941036b01188f0ffda84f03bb0804655111c31437d64fb6eb6942 40.89MB / 58.51MB 862.2s
#5 sha256:bddd54b9c54941036b01188f0ffda84f03bb0804655111c31437d64fb6eb6942 40.89MB / 58.51MB 867.3s
#5 sha256:bddd54b9c54941036b01188f0ffda84f03bb0804655111c31437d64fb6eb6942 40.89MB / 58.51MB 872.4s
#5 sha256:bddd54b9c54941036b01188f0ffda84f03bb0804655111c31437d64fb6eb6942 41.94MB / 58.51MB 877.5s
#5 sha256:bddd54b9c54941036b01188f0ffda84f03bb0804655111c31437d64fb6eb6942 41.94MB / 58.51MB 882.6s
#5 sha256:bddd54b9c54941036b01188f0ffda84f03bb0804655111c31437d64fb6eb6942 41.94MB / 58.51MB 887.7s
#5 sha256:bddd54b9c54941036b01188f0ffda84f03bb0804655111c31437d64fb6eb6942 41.94MB / 58.51MB 892.8s
#5 sha256:bddd54b9c54941036b01188f0ffda84f03bb0804655111c31437d64fb6eb6942 41.94MB / 58.51MB 897.9s
#5 sha256:bddd54b9c54941036b01188f0ffda84f03bb0804655111c31437d64fb6eb6942 41.94MB / 58.51MB 903.0s
#5 sha256:bddd54b9c54941036b01188f0ffda84f03bb0804655111c31437d64fb6eb6942 42.99MB / 58.51MB 908.1s
#5 sha256:bddd54b9c54941036b01188f0ffda84f03bb0804655111c31437d64fb6eb6942 42.99MB / 58.51MB 913.2s
#5 sha256:bddd54b9c54941036b01188f0ffda84f03bb0804655111c31437d64fb6eb6942 42.99MB / 58.51MB 918.3s
#5 sha256:bddd54b9c54941036b01188f0ffda84f03bb0804655111c31437d64fb6eb6942 42.99MB / 58.51MB 923.4s
#5 sha256:bddd54b9c54941036b01188f0ffda84f03bb0804655111c31437d64fb6eb6942 42.99MB / 58.51MB 928.5s
#5 sha256:bddd54b9c54941036b01188f0ffda84f03bb0804655111c31437d64fb6eb6942 42.99MB / 58.51MB 933.6s
#5 sha256:bddd54b9c54941036b01188f0ffda84f03bb0804655111c31437d64fb6eb6942 44.04MB / 58.51MB 938.7s
#5 sha256:bddd54b9c54941036b01188f0ffda84f03bb0804655111c31437d64fb6eb6942 44.04MB / 58.51MB 943.8s
#5 sha256:bddd54b9c54941036b01188f0ffda84f03bb0804655111c31437d64fb6eb6942 44.04MB / 58.51MB 948.9s
#5 sha256:bddd54b9c54941036b01188f0ffda84f03bb0804655111c31437d64fb6eb6942 44.04MB / 58.51MB 954.0s
#5 sha256:bddd54b9c54941036b01188f0ffda84f03bb0804655111c31437d64fb6eb6942 44.04MB / 58.51MB 959.1s
#5 sha256:bddd54b9c54941036b01188f0ffda84f03bb0804655111c31437d64fb6eb6942 44.04MB / 58.51MB 964.2s
#5 sha256:bddd54b9c54941036b01188f0ffda84f03bb0804655111c31437d64fb6eb6942 45.09MB / 58.51MB 969.3s
#5 sha256:bddd54b9c54941036b01188f0ffda84f03bb0804655111c31437d64fb6eb6942 45.09MB / 58.51MB 974.4s
#5 sha256:bddd54b9c54941036b01188f0ffda84f03bb0804655111c31437d64fb6eb6942 45.09MB / 58.51MB 979.5s
#5 sha256:bddd54b9c54941036b01188f0ffda84f03bb0804655111c31437d64fb6eb6942 45.09MB / 58.51MB 984.6s
#5 sha256:bddd54b9c54941036b01188f0ffda84f03bb0804655111c31437d64fb6eb6942 45.09MB / 58.51MB 989.7s
#5 sha256:bddd54b9c54941036b01188f0ffda84f03bb0804655111c31437d64fb6eb6942 45.09MB / 58.51MB 994.8s
#5 sha256:bddd54b9c54941036b01188f0ffda84f03bb0804655111c31437d64fb6eb6942 46.14MB / 58.51MB 999.9s
#5 sha256:bddd54b9c54941036b01188f0ffda84f03bb0804655111c31437d64fb6eb6942 46.14MB / 58.51MB 1005.0s
#5 sha256:bddd54b9c54941036b01188f0ffda84f03bb0804655111c31437d64fb6eb6942 46.14MB / 58.51MB 1010.1s
#5 sha256:bddd54b9c54941036b01188f0ffda84f03bb0804655111c31437d64fb6eb6942 46.14MB / 58.51MB 1015.2s
#5 sha256:bddd54b9c54941036b01188f0ffda84f03bb0804655111c31437d64fb6eb6942 46.14MB / 58.51MB 1020.3s
#5 sha256:bddd54b9c54941036b01188f0ffda84f03bb0804655111c31437d64fb6eb6942 46.14MB / 58.51MB 1025.4s
#5 sha256:bddd54b9c54941036b01188f0ffda84f03bb0804655111c31437d64fb6eb6942 46.14MB / 58.51MB 1030.5s
#5 sha256:bddd54b9c54941036b01188f0ffda84f03bb0804655111c31437d64fb6eb6942 46.14MB / 58.51MB 1035.6s
#5 sha256:bddd54b9c54941036b01188f0ffda84f03bb0804655111c31437d64fb6eb6942 47.19MB / 58.51MB 1040.7s
#5 sha256:bddd54b9c54941036b01188f0ffda84f03bb0804655111c31437d64fb6eb6942 47.19MB / 58.51MB 1045.8s
#5 sha256:bddd54b9c54941036b01188f0ffda84f03bb0804655111c31437d64fb6eb6942 47.19MB / 58.51MB 1050.9s
#5 sha256:bddd54b9c54941036b01188f0ffda84f03bb0804655111c31437d64fb6eb6942 47.19MB / 58.51MB 1056.0s
#5 sha256:bddd54b9c54941036b01188f0ffda84f03bb0804655111c31437d64fb6eb6942 47.19MB / 58.51MB 1061.1s
#5 sha256:bddd54b9c54941036b01188f0ffda84f03bb0804655111c31437d64fb6eb6942 48.23MB / 58.51MB 1066.2s
#5 sha256:bddd54b9c54941036b01188f0ffda84f03bb0804655111c31437d64fb6eb6942 48.23MB / 58.51MB 1071.3s
#5 sha256:bddd54b9c54941036b01188f0ffda84f03bb0804655111c31437d64fb6eb6942 48.23MB / 58.51MB 1076.4s
#5 sha256:bddd54b9c54941036b01188f0ffda84f03bb0804655111c31437d64fb6eb6942 48.23MB / 58.51MB 1081.5s
#5 sha256:bddd54b9c54941036b01188f0ffda84f03bb0804655111c31437d64fb6eb6942 48.23MB / 58.51MB 1086.6s
#5 sha256:bddd54b9c54941036b01188f0ffda84f03bb0804655111c31437d64fb6eb6942 48.23MB / 58.51MB 1091.7s
#5 sha256:bddd54b9c54941036b01188f0ffda84f03bb0804655111c31437d64fb6eb6942 48.23MB / 58.51MB 1096.8s
#5 sha256:bddd54b9c54941036b01188f0ffda84f03bb0804655111c31437d64fb6eb6942 49.28MB / 58.51MB 1101.9s
#5 sha256:bddd54b9c54941036b01188f0ffda84f03bb0804655111c31437d64fb6eb6942 49.28MB / 58.51MB 1107.0s
#5 sha256:bddd54b9c54941036b01188f0ffda84f03bb0804655111c31437d64fb6eb6942 49.28MB / 58.51MB 1112.1s
#5 sha256:bddd54b9c54941036b01188f0ffda84f03bb0804655111c31437d64fb6eb6942 49.28MB / 58.51MB 1117.2s
#5 sha256:bddd54b9c54941036b01188f0ffda84f03bb0804655111c31437d64fb6eb6942 49.28MB / 58.51MB 1122.3s
#5 sha256:bddd54b9c54941036b01188f0ffda84f03bb0804655111c31437d64fb6eb6942 49.28MB / 58.51MB 1127.4s
#5 sha256:bddd54b9c54941036b01188f0ffda84f03bb0804655111c31437d64fb6eb6942 49.28MB / 58.51MB 1132.5s
#5 sha256:bddd54b9c54941036b01188f0ffda84f03bb0804655111c31437d64fb6eb6942 49.28MB / 58.51MB 1137.6s
#5 sha256:bddd54b9c54941036b01188f0ffda84f03bb0804655111c31437d64fb6eb6942 49.28MB / 58.51MB 1142.7s
#5 sha256:bddd54b9c54941036b01188f0ffda84f03bb0804655111c31437d64fb6eb6942 50.33MB / 58.51MB 1147.8s
#5 sha256:bddd54b9c54941036b01188f0ffda84f03bb0804655111c31437d64fb6eb6942 50.33MB / 58.51MB 1152.9s
#5 sha256:bddd54b9c54941036b01188f0ffda84f03bb0804655111c31437d64fb6eb6942 50.33MB / 58.51MB 1158.0s
#5 sha256:bddd54b9c54941036b01188f0ffda84f03bb0804655111c31437d64fb6eb6942 50.33MB / 58.51MB 1163.1s
#5 sha256:bddd54b9c54941036b01188f0ffda84f03bb0804655111c31437d64fb6eb6942 50.33MB / 58.51MB 1168.2s
#5 sha256:bddd54b9c54941036b01188f0ffda84f03bb0804655111c31437d64fb6eb6942 50.33MB / 58.51MB 1173.3s
#5 sha256:bddd54b9c54941036b01188f0ffda84f03bb0804655111c31437d64fb6eb6942 50.33MB / 58.51MB 1178.4s
#5 sha256:bddd54b9c54941036b01188f0ffda84f03bb0804655111c31437d64fb6eb6942 51.38MB / 58.51MB 1183.5s
#5 sha256:bddd54b9c54941036b01188f0ffda84f03bb0804655111c31437d64fb6eb6942 51.38MB / 58.51MB 1188.6s
#5 sha256:bddd54b9c54941036b01188f0ffda84f03bb0804655111c31437d64fb6eb6942 51.38MB / 58.51MB 1193.7s
#5 sha256:bddd54b9c54941036b01188f0ffda84f03bb0804655111c31437d64fb6eb6942 51.38MB / 58.51MB 1198.8s
#5 sha256:bddd54b9c54941036b01188f0ffda84f03bb0804655111c31437d64fb6eb6942 51.38MB / 58.51MB 1203.9s
#5 sha256:bddd54b9c54941036b01188f0ffda84f03bb0804655111c31437d64fb6eb6942 51.38MB / 58.51MB 1209.0s
#5 sha256:bddd54b9c54941036b01188f0ffda84f03bb0804655111c31437d64fb6eb6942 52.43MB / 58.51MB 1214.1s
#5 sha256:bddd54b9c54941036b01188f0ffda84f03bb0804655111c31437d64fb6eb6942 52.43MB / 58.51MB 1219.2s
#5 sha256:bddd54b9c54941036b01188f0ffda84f03bb0804655111c31437d64fb6eb6942 52.43MB / 58.51MB 1224.3s
#5 sha256:bddd54b9c54941036b01188f0ffda84f03bb0804655111c31437d64fb6eb6942 52.43MB / 58.51MB 1229.4s
#5 sha256:bddd54b9c54941036b01188f0ffda84f03bb0804655111c31437d64fb6eb6942 52.43MB / 58.51MB 1234.5s
#5 sha256:bddd54b9c54941036b01188f0ffda84f03bb0804655111c31437d64fb6eb6942 52.43MB / 58.51MB 1239.6s
#5 sha256:bddd54b9c54941036b01188f0ffda84f03bb0804655111c31437d64fb6eb6942 52.43MB / 58.51MB 1244.7s
#5 sha256:bddd54b9c54941036b01188f0ffda84f03bb0804655111c31437d64fb6eb6942 52.43MB / 58.51MB 1249.8s
#5 sha256:bddd54b9c54941036b01188f0ffda84f03bb0804655111c31437d64fb6eb6942 52.43MB / 58.51MB 1254.9s
#5 sha256:bddd54b9c54941036b01188f0ffda84f03bb0804655111c31437d64fb6eb6942 52.43MB / 58.51MB 1260.0s
#5 sha256:bddd54b9c54941036b01188f0ffda84f03bb0804655111c31437d64fb6eb6942 52.43MB / 58.51MB 1265.1s
#5 sha256:bddd54b9c54941036b01188f0ffda84f03bb0804655111c31437d64fb6eb6942 53.48MB / 58.51MB 1270.2s
#5 sha256:bddd54b9c54941036b01188f0ffda84f03bb0804655111c31437d64fb6eb6942 53.48MB / 58.51MB 1275.3s
#5 sha256:bddd54b9c54941036b01188f0ffda84f03bb0804655111c31437d64fb6eb6942 53.48MB / 58.51MB 1280.4s
#5 sha256:bddd54b9c54941036b01188f0ffda84f03bb0804655111c31437d64fb6eb6942 53.48MB / 58.51MB 1285.5s
#5 sha256:bddd54b9c54941036b01188f0ffda84f03bb0804655111c31437d64fb6eb6942 53.48MB / 58.51MB 1290.6s
#5 sha256:bddd54b9c54941036b01188f0ffda84f03bb0804655111c31437d64fb6eb6942 53.48MB / 58.51MB 1295.7s
#5 sha256:bddd54b9c54941036b01188f0ffda84f03bb0804655111c31437d64fb6eb6942 53.48MB / 58.51MB 1300.8s
#5 sha256:bddd54b9c54941036b01188f0ffda84f03bb0804655111c31437d64fb6eb6942 53.48MB / 58.51MB 1305.9s
#5 sha256:bddd54b9c54941036b01188f0ffda84f03bb0804655111c31437d64fb6eb6942 53.48MB / 58.51MB 1311.0s
#5 sha256:bddd54b9c54941036b01188f0ffda84f03bb0804655111c31437d64fb6eb6942 53.48MB / 58.51MB 1316.1s
#5 sha256:bddd54b9c54941036b01188f0ffda84f03bb0804655111c31437d64fb6eb6942 53.48MB / 58.51MB 1321.2s
#5 sha256:bddd54b9c54941036b01188f0ffda84f03bb0804655111c31437d64fb6eb6942 54.53MB / 58.51MB 1326.3s
#5 sha256:bddd54b9c54941036b01188f0ffda84f03bb0804655111c31437d64fb6eb6942 54.53MB / 58.51MB 1331.4s
#5 sha256:bddd54b9c54941036b01188f0ffda84f03bb0804655111c31437d64fb6eb6942 54.53MB / 58.51MB 1336.5s
#5 sha256:bddd54b9c54941036b01188f0ffda84f03bb0804655111c31437d64fb6eb6942 54.53MB / 58.51MB 1341.6s
#5 sha256:bddd54b9c54941036b01188f0ffda84f03bb0804655111c31437d64fb6eb6942 54.53MB / 58.51MB 1346.7s
#5 sha256:bddd54b9c54941036b01188f0ffda84f03bb0804655111c31437d64fb6eb6942 54.53MB / 58.51MB 1351.8s
#5 sha256:bddd54b9c54941036b01188f0ffda84f03bb0804655111c31437d64fb6eb6942 54.53MB / 58.51MB 1356.9s
#5 sha256:bddd54b9c54941036b01188f0ffda84f03bb0804655111c31437d64fb6eb6942 54.53MB / 58.51MB 1362.0s
#5 sha256:bddd54b9c54941036b01188f0ffda84f03bb0804655111c31437d64fb6eb6942 54.53MB / 58.51MB 1367.1s
#5 sha256:bddd54b9c54941036b01188f0ffda84f03bb0804655111c31437d64fb6eb6942 54.53MB / 58.51MB 1372.2s
#5 sha256:bddd54b9c54941036b01188f0ffda84f03bb0804655111c31437d64fb6eb6942 54.53MB / 58.51MB 1377.3s
#5 sha256:bddd54b9c54941036b01188f0ffda84f03bb0804655111c31437d64fb6eb6942 54.53MB / 58.51MB 1382.4s
#5 sha256:bddd54b9c54941036b01188f0ffda84f03bb0804655111c31437d64fb6eb6942 54.53MB / 58.51MB 1387.5s
#5 sha256:bddd54b9c54941036b01188f0ffda84f03bb0804655111c31437d64fb6eb6942 54.53MB / 58.51MB 1392.6s
#5 sha256:bddd54b9c54941036b01188f0ffda84f03bb0804655111c31437d64fb6eb6942 55.57MB / 58.51MB 1397.7s
#5 sha256:bddd54b9c54941036b01188f0ffda84f03bb0804655111c31437d64fb6eb6942 55.57MB / 58.51MB 1402.8s
#5 sha256:bddd54b9c54941036b01188f0ffda84f03bb0804655111c31437d64fb6eb6942 55.57MB / 58.51MB 1407.9s
#5 sha256:bddd54b9c54941036b01188f0ffda84f03bb0804655111c31437d64fb6eb6942 55.57MB / 58.51MB 1413.0s
#5 sha256:bddd54b9c54941036b01188f0ffda84f03bb0804655111c31437d64fb6eb6942 55.57MB / 58.51MB 1418.1s
#5 sha256:bddd54b9c54941036b01188f0ffda84f03bb0804655111c31437d64fb6eb6942 55.57MB / 58.51MB 1423.2s
#5 sha256:bddd54b9c54941036b01188f0ffda84f03bb0804655111c31437d64fb6eb6942 55.57MB / 58.51MB 1428.3s
#5 sha256:bddd54b9c54941036b01188f0ffda84f03bb0804655111c31437d64fb6eb6942 56.62MB / 58.51MB 1433.4s
#5 sha256:bddd54b9c54941036b01188f0ffda84f03bb0804655111c31437d64fb6eb6942 56.62MB / 58.51MB 1438.5s
#5 sha256:bddd54b9c54941036b01188f0ffda84f03bb0804655111c31437d64fb6eb6942 56.62MB / 58.51MB 1443.6s
#5 sha256:bddd54b9c54941036b01188f0ffda84f03bb0804655111c31437d64fb6eb6942 56.62MB / 58.51MB 1448.7s
#5 sha256:bddd54b9c54941036b01188f0ffda84f03bb0804655111c31437d64fb6eb6942 56.62MB / 58.51MB 1453.8s
#5 sha256:bddd54b9c54941036b01188f0ffda84f03bb0804655111c31437d64fb6eb6942 56.62MB / 58.51MB 1458.9s
#5 sha256:bddd54b9c54941036b01188f0ffda84f03bb0804655111c31437d64fb6eb6942 56.62MB / 58.51MB 1464.0s
#5 sha256:bddd54b9c54941036b01188f0ffda84f03bb0804655111c31437d64fb6eb6942 57.67MB / 58.51MB 1469.1s
#5 sha256:bddd54b9c54941036b01188f0ffda84f03bb0804655111c31437d64fb6eb6942 57.67MB / 58.51MB 1474.2s
#5 sha256:bddd54b9c54941036b01188f0ffda84f03bb0804655111c31437d64fb6eb6942 57.67MB / 58.51MB 1479.3s
#5 sha256:bddd54b9c54941036b01188f0ffda84f03bb0804655111c31437d64fb6eb6942 57.67MB / 58.51MB 1484.4s
#5 sha256:bddd54b9c54941036b01188f0ffda84f03bb0804655111c31437d64fb6eb6942 57.67MB / 58.51MB 1489.5s
#5 sha256:bddd54b9c54941036b01188f0ffda84f03bb0804655111c31437d64fb6eb6942 57.67MB / 58.51MB 1494.6s
#5 sha256:bddd54b9c54941036b01188f0ffda84f03bb0804655111c31437d64fb6eb6942 58.51MB / 58.51MB 1495.7s done
#5 DONE 1495.8s

#4 exporting to image
#4 unpacking to registry.talkschool.cn:5000/brinnatt/mysql:8.0.36 1498.8s done
#4 DONE 1498.9s
The push refers to repository [registry.talkschool.cn:5000/brinnatt/mysql]
13702d9fe3c3: Pushed
7e1bc321f421: Pushed
cf55ff1c80af: Pushed
c38d8660e1fa: Pushed
83bcc87284a1: Pushed
4eaae1e844ac: Pushed
d2433cba0951: Pushed
6586d096303c: Pushed
5196e1e87d8f: Pushed
bd37f6d99203: Pushed
bddd54b9c549: Pushed
8.0.36: digest: sha256:c59dec7e9b0bb144816e4bb32586910777886bf5ec3f2623b546e2cf242ef8db size: 2463
secret/nacos-mysql created
deployment.apps/nacos-mysql created
service/nacos-mysql created
NAME                          READY   STATUS              RESTARTS   AGE    IP       NODE         NOMINATED NODE   READINESS GATES
nacos-mysql-b6bbd7dcb-xbwdk   0/1     ContainerCreating   0          8m3s   <none>   worker-133   <none>           <none>
[WARN] mysql wait
[2026-07-17 01:05:29] [INFO] [service.cluster.manager] Ansible Python policy (ansible-core 2.17): control node Python >=3.10, target module runtime Python >=3.9
[2026-07-17 01:05:29] [INFO] [service.cluster.manager] Setting up cluster with playbook 07.cluster-addon.yml.
[2026-07-17 01:05:29] [INFO] [service.cluster.manager] Component versions (kubernetes / etcd / network):
[2026-07-17 01:05:29] [INFO] [service.cluster.manager]   kubernetes: v1.33.6, etcd: v3.6.4, calico: v3.28.4

PLAY [localhost] ***************************************************************

TASK [Gathering Facts] *********************************************************
ok: [localhost]

TASK [cluster-addon : 获取所有已经创建的POD信息] *******************************
changed: [localhost]

TASK [cluster-addon : 准备 DNS的部署文件] **************************************
skipping: [localhost]

TASK [cluster-addon : 删除coredns部署] *****************************************
skipping: [localhost]

TASK [cluster-addon : 创建coredns部署] *****************************************
skipping: [localhost]

TASK [cluster-addon : 准备dnscache的部署文件] **********************************
skipping: [localhost]

TASK [cluster-addon : 准备dnscache的部署文件] **********************************
skipping: [localhost]

TASK [cluster-addon : 删除dnscache部署] ****************************************
skipping: [localhost]

TASK [cluster-addon : 创建dnscache部署] ****************************************
skipping: [localhost]

TASK [cluster-addon : 准备 metrics-server的部署文件] ***************************
skipping: [localhost]

TASK [cluster-addon : 删除 metrics-server部署] *********************************
skipping: [localhost]

TASK [cluster-addon : 创建 metrics-server部署] *********************************
skipping: [localhost]

TASK [cluster-addon : prepare some dirs] ***************************************
changed: [localhost]

TASK [cluster-addon : 准备 dashboard的部署文件] ********************************
changed: [localhost] => (item=dashboard-values.yaml)
changed: [localhost] => (item=admin-user-sa-rbac.yaml)
changed: [localhost] => (item=read-user-sa-rbac.yaml)

TASK [cluster-addon : 创建 dashboard部署] **************************************
changed: [localhost]

TASK [cluster-addon : 创建用户admin,read] **************************************
changed: [localhost]

TASK [cluster-addon : 准备 local-storage 配置目录] *****************************
changed: [localhost]

TASK [cluster-addon : 准备 local-storage部署文件] ******************************
changed: [localhost] => (item=local-path-storage.yaml)
changed: [localhost] => (item=test-pod.yaml)

TASK [cluster-addon : 创建 local-storage部署] **********************************
changed: [localhost]

TASK [cluster-addon : 准备 nfs-provisioner 配置目录] ***************************
skipping: [localhost]

TASK [cluster-addon : 准备 nfs-provisioner部署文件] ****************************
skipping: [localhost] => (item=nfs-provisioner.yaml) 
skipping: [localhost] => (item=test-pod.yaml) 
skipping: [localhost]

TASK [cluster-addon : 创建 nfs-provisioner部署] ********************************
skipping: [localhost]

TASK [cluster-addon : 清理 snapshot-controller crd] ****************************
changed: [localhost]

TASK [cluster-addon : prepare some dirs] ***************************************
changed: [localhost]

TASK [cluster-addon : 创建命名空间openebs] *************************************
changed: [localhost]

TASK [cluster-addon : 创建chart 个性化设置] ************************************
changed: [localhost] => (item=values.yaml)
changed: [localhost] => (item=sc.yaml)

TASK [cluster-addon : helm 部署 openebs operator] ******************************
changed: [localhost]

TASK [cluster-addon : 轮询等待部署 openebs] ************************************
changed: [localhost]

TASK [cluster-addon : 轮询等待lvm-localpv-controller 运行] *********************
skipping: [localhost]

TASK [cluster-addon : 创建lvm storageclass] ************************************
skipping: [localhost]

TASK [cluster-addon : 获取是否已创建命名空间monitor] ***************************
changed: [localhost]

TASK [cluster-addon : 创建命名空间monitor] *************************************
changed: [localhost]

TASK [cluster-addon : get etcd-client-cert info] *******************************
changed: [localhost]

TASK [cluster-addon : 创建etcd-client 证书请求] ********************************
changed: [localhost]

TASK [cluster-addon : 创建 etcd-client证书和私钥] ******************************
changed: [localhost]

TASK [cluster-addon : 删除 etcd-client-cert] ***********************************
skipping: [localhost]

TASK [cluster-addon : 创建 etcd-client-cert] ***********************************
changed: [localhost]

TASK [cluster-addon : debug] ***************************************************
ok: [localhost] => {
    "K8S_VER": "1.33.6"
}

TASK [cluster-addon : 创建 prom chart 个性化设置] ******************************
changed: [localhost]

TASK [cluster-addon : helm 删除 kube-prometheus-stack 75.7.0] ******************
skipping: [localhost]

TASK [cluster-addon : helm 创建 kube-prometheus-stack 75.7.0] ******************
fatal: [localhost]: FAILED! => {"changed": true, "cmd": "/usr/local/kubeauto/extra-bin/helm upgrade prometheus --install -n monitor --create-namespace -f /usr/local/kubeauto/clusters/test-ha/yml/prom-values.yaml /usr/local/kubeauto/roles/cluster-addon/files/kube-prometheus-stack-75.7.0.tgz", "delta": "0:05:07.937183", "end": "2026-07-17 01:10:49.380093", "msg": "non-zero return code", "rc": 1, "start": "2026-07-17 01:05:41.442910", "stderr": "I0717 01:05:44.439163 1054656 warnings.go:110] \"Warning: v1 Endpoints is deprecated in v1.33+; use discovery.k8s.io/v1 EndpointSlice\"\nI0717 01:05:44.441853 1054656 warnings.go:110] \"Warning: v1 Endpoints is deprecated in v1.33+; use discovery.k8s.io/v1 EndpointSlice\"\nI0717 01:05:44.446933 1054656 warnings.go:110] \"Warning: v1 Endpoints is deprecated in v1.33+; use discovery.k8s.io/v1 EndpointSlice\"\nI0717 01:05:44.448549 1054656 warnings.go:110] \"Warning: v1 Endpoints is deprecated in v1.33+; use discovery.k8s.io/v1 EndpointSlice\"\nI0717 01:05:48.285832 1054656 warnings.go:110] \"Warning: v1 Endpoints is deprecated in v1.33+; use discovery.k8s.io/v1 EndpointSlice\"\nI0717 01:05:48.291467 1054656 warnings.go:110] \"Warning: v1 Endpoints is deprecated in v1.33+; use discovery.k8s.io/v1 EndpointSlice\"\nI0717 01:05:48.291934 1054656 warnings.go:110] \"Warning: v1 Endpoints is deprecated in v1.33+; use discovery.k8s.io/v1 EndpointSlice\"\nI0717 01:05:48.292038 1054656 warnings.go:110] \"Warning: v1 Endpoints is deprecated in v1.33+; use discovery.k8s.io/v1 EndpointSlice\"\nError: failed post-install: 1 error occurred:\n\t* timed out waiting for the condition", "stderr_lines": ["I0717 01:05:44.439163 1054656 warnings.go:110] \"Warning: v1 Endpoints is deprecated in v1.33+; use discovery.k8s.io/v1 EndpointSlice\"", "I0717 01:05:44.441853 1054656 warnings.go:110] \"Warning: v1 Endpoints is deprecated in v1.33+; use discovery.k8s.io/v1 EndpointSlice\"", "I0717 01:05:44.446933 1054656 warnings.go:110] \"Warning: v1 Endpoints is deprecated in v1.33+; use discovery.k8s.io/v1 EndpointSlice\"", "I0717 01:05:44.448549 1054656 warnings.go:110] \"Warning: v1 Endpoints is deprecated in v1.33+; use discovery.k8s.io/v1 EndpointSlice\"", "I0717 01:05:48.285832 1054656 warnings.go:110] \"Warning: v1 Endpoints is deprecated in v1.33+; use discovery.k8s.io/v1 EndpointSlice\"", "I0717 01:05:48.291467 1054656 warnings.go:110] \"Warning: v1 Endpoints is deprecated in v1.33+; use discovery.k8s.io/v1 EndpointSlice\"", "I0717 01:05:48.291934 1054656 warnings.go:110] \"Warning: v1 Endpoints is deprecated in v1.33+; use discovery.k8s.io/v1 EndpointSlice\"", "I0717 01:05:48.292038 1054656 warnings.go:110] \"Warning: v1 Endpoints is deprecated in v1.33+; use discovery.k8s.io/v1 EndpointSlice\"", "Error: failed post-install: 1 error occurred:", "\t* timed out waiting for the condition"], "stdout": "Release \"prometheus\" does not exist. Installing it now.", "stdout_lines": ["Release \"prometheus\" does not exist. Installing it now."]}

PLAY RECAP *********************************************************************
localhost                  : ok=23   changed=21   unreachable=0    failed=1    skipped=17   rescued=0    ignored=0   
[2026-07-17 01:10:49] [ERROR] [service.cluster.manager] Failed to set up the k8s cluster with playbook 07.cluster-addon.yml
[2026-07-17 01:10:49] [ERROR] [controller.cluster.cli] Failed to set up the k8s cluster with playbook 07.cluster-addon.yml
[FAIL] test-ha setup 07

========== P0 docker runtime + upgrade (133 must leave test-ha first) ==========
[2026-07-17 01:10:50] [INFO] [service.cluster.manager] Ansible Python policy (ansible-core 2.17): control node Python >=3.10, target module runtime Python >=3.9
[2026-07-17 01:10:50] [INFO] [service.cluster.manager] Removing worker node 192.168.47.133 from cluster test-ha.
[WARNING]: Collection ansible.posix does not support Ansible version 2.17.14

PLAY [localhost] ***************************************************************

TASK [Gathering Facts] *********************************************************
ok: [localhost]

TASK [fail] ********************************************************************
skipping: [localhost]

TASK [fail] ********************************************************************
skipping: [localhost]

TASK [register K8S main version variable] **************************************
changed: [localhost]

TASK [set kubectl drain params] ************************************************
ok: [localhost]

TASK [set kubectl drain params] ************************************************
skipping: [localhost]

TASK [debug info] **************************************************************
ok: [localhost] => {
    "DRAIN_OPT": "--delete-emptydir-data --ignore-daemonsets --force"
}

TASK [get the node name to delete] *********************************************
changed: [localhost]

TASK [debug] *******************************************************************
ok: [localhost] => {
    "NODE_NAME.stdout": "worker-133"
}

TASK [fail] ********************************************************************
skipping: [localhost]

TASK [run kubectl drain @worker-133] *******************************************
changed: [localhost]

PLAY [192.168.47.133] **********************************************************

TASK [Gathering Facts] *********************************************************
ok: [192.168.47.133]

TASK [clean : stop and disable etcd service] ***********************************
skipping: [192.168.47.133]

TASK [clean : remove etcd-role files and dirs] *********************************
skipping: [192.168.47.133] => (item=/var/lib/etcd) 
skipping: [192.168.47.133] => (item=) 
skipping: [192.168.47.133] => (item=/backup/k8s) 
skipping: [192.168.47.133] => (item=/etc/systemd/system/etcd.service) 
skipping: [192.168.47.133] => (item=/opt/kubeauto_prepare_tasks) 
skipping: [192.168.47.133] => (item=/etc/kubernetes/ssl/etcd.pem) 
skipping: [192.168.47.133] => (item=/etc/kubernetes/ssl/etcd-key.pem) 
skipping: [192.168.47.133]

TASK [clean : stop and disable kube_master service] ****************************
skipping: [192.168.47.133] => (item=kube-apiserver) 
skipping: [192.168.47.133] => (item=kube-controller-manager) 
skipping: [192.168.47.133] => (item=kube-scheduler) 
skipping: [192.168.47.133]

TASK [clean : remove files and dirs of 'kube_master' nodes (master-role only)] ***
skipping: [192.168.47.133] => (item=/var/run/kubernetes) 
skipping: [192.168.47.133] => (item=/etc/systemd/system/kube-apiserver.service) 
skipping: [192.168.47.133] => (item=/etc/systemd/system/kube-controller-manager.service) 
skipping: [192.168.47.133] => (item=/etc/systemd/system/kube-scheduler.service) 
skipping: [192.168.47.133] => (item=/etc/kubernetes/kube-controller-manager.kubeconfig) 
skipping: [192.168.47.133] => (item=/etc/kubernetes/kube-scheduler.kubeconfig) 
skipping: [192.168.47.133] => (item=/etc/kubernetes/audit) 
skipping: [192.168.47.133] => (item=/var/log/kubernetes/audit) 
skipping: [192.168.47.133]

TASK [clean : stop and disable kube_node service] ******************************
changed: [192.168.47.133] => (item=kube-lb)
changed: [192.168.47.133] => (item=kubelet)
changed: [192.168.47.133] => (item=kube-proxy)

TASK [clean : umount kubelet filesystems] **************************************
changed: [192.168.47.133]

TASK [clean : remove files and dirs of 'kube_node' nodes (node-role only)] *****
changed: [192.168.47.133] => (item=/var/lib/kubelet/)
changed: [192.168.47.133] => (item=/var/lib/kube-proxy/)
changed: [192.168.47.133] => (item=/etc/systemd/system/kube-lb.service)
changed: [192.168.47.133] => (item=/etc/systemd/system/kubelet.service)
changed: [192.168.47.133] => (item=/etc/systemd/system/kube-proxy.service)
changed: [192.168.47.133] => (item=/etc/kube-lb/)
changed: [192.168.47.133] => (item=/etc/kubernetes/kubelet.kubeconfig)
changed: [192.168.47.133] => (item=/etc/kubernetes/kube-proxy.kubeconfig)
changed: [192.168.47.133] => (item=/opt/kubeauto_prepare_tasks)
changed: [192.168.47.133] => (item=/root/.kube/config)

TASK [clean : to check if container 'kubeauto' is running] *********************
skipping: [192.168.47.133]

TASK [clean : stop and disable docker service] *********************************
skipping: [192.168.47.133]

TASK [clean : umount docker filesystem-1] **************************************
skipping: [192.168.47.133]

TASK [clean : umount docker filesystem-2] **************************************
skipping: [192.168.47.133]

TASK [clean : umount docker filesystem-3] **************************************
skipping: [192.168.47.133]

TASK [clean : umount docker filesystem-4] **************************************
skipping: [192.168.47.133]

TASK [clean : umount docker filesystem-5] **************************************
skipping: [192.168.47.133]

TASK [clean : remove files and dirs] *******************************************
skipping: [192.168.47.133] => (item=/var/lib/docker/) 
skipping: [192.168.47.133] => (item=/var/lib/dockershim/) 
skipping: [192.168.47.133] => (item=/var/run/docker/) 
skipping: [192.168.47.133] => (item=/etc/docker/) 
skipping: [192.168.47.133] => (item=/etc/systemd/system/docker.service) 
skipping: [192.168.47.133] => (item=/etc/systemd/system/docker.service.requires/) 
skipping: [192.168.47.133] => (item=/etc/systemd/system/docker.service.d/) 
skipping: [192.168.47.133] => (item=/etc/bash_completion.d/docker) 
skipping: [192.168.47.133] => (item=/usr/bin/docker) 
skipping: [192.168.47.133]

TASK [clean : stop and disable containerd service] *****************************
changed: [192.168.47.133]

TASK [clean : umount containerd filesystems] ***********************************
changed: [192.168.47.133]

TASK [clean : remove files and dirs] *******************************************
changed: [192.168.47.133] => (item=/etc/containerd/)
changed: [192.168.47.133] => (item=/etc/crictl.yaml)
changed: [192.168.47.133] => (item=/etc/systemd/system/containerd.service)
changed: [192.168.47.133] => (item=/opt/containerd/)
changed: [192.168.47.133] => (item=/var/lib/containerd/)
changed: [192.168.47.133] => (item=/var/run/containerd/)

TASK [clean : remove files and dirs2] ******************************************
changed: [192.168.47.133] => (item=/etc/cni/)
ok: [192.168.47.133] => (item=/run/flannel/)
changed: [192.168.47.133] => (item=/etc/calico/)
changed: [192.168.47.133] => (item=/var/lib/calico/)
changed: [192.168.47.133] => (item=/var/log/calico/)
ok: [192.168.47.133] => (item=/etc/cilium/)
changed: [192.168.47.133] => (item=/sys/fs/bpf/tc/)
changed: [192.168.47.133] => (item=/var/lib/cni/)
ok: [192.168.47.133] => (item=/var/lib/kube-router/)
ok: [192.168.47.133] => (item=/var/run/openvswitch/)
ok: [192.168.47.133] => (item=/var/run/ovn/)
ok: [192.168.47.133] => (item=/etc/origin/openvswitch/)
ok: [192.168.47.133] => (item=/etc/origin/ovn/)
ok: [192.168.47.133] => (item=/var/log/openvswitch/)
ok: [192.168.47.133] => (item=/var/log/ovn/)
ok: [192.168.47.133] => (item=/var/log/kube-ovn/)

TASK [clean : get service info] ************************************************
skipping: [192.168.47.133]

TASK [clean : remove service l4lb] *********************************************
skipping: [192.168.47.133]

TASK [clean : remove service keepalived] ***************************************
skipping: [192.168.47.133]

TASK [clean : remove files and dirs] *******************************************
skipping: [192.168.47.133] => (item=/etc/l4lb) 
skipping: [192.168.47.133] => (item=/etc/keepalived) 
skipping: [192.168.47.133] => (item=/etc/systemd/system/l4lb.service) 
skipping: [192.168.47.133] => (item=/etc/systemd/system/keepalived.service) 
skipping: [192.168.47.133] => (item=/usr/local/sbin/keepalived) 
skipping: [192.168.47.133]

TASK [clean : stop and disable chronyd] ****************************************
skipping: [192.168.47.133]

TASK [clean : remove chrony-role files and dirs] *******************************
skipping: [192.168.47.133] => (item=/etc/chrony) 
skipping: [192.168.47.133] => (item=/var/lib/chrony) 
skipping: [192.168.47.133] => (item=/var/log/chrony) 
skipping: [192.168.47.133] => (item=/var/run/chrony) 
skipping: [192.168.47.133] => (item=/etc/systemd/system/chronyd.service) 
skipping: [192.168.47.133]

TASK [clean : remove ssl dir (full teardown only)] *****************************
skipping: [192.168.47.133]

TASK [clean : remove prepare tasks marker (full teardown only)] ****************
skipping: [192.168.47.133]

TASK [clean : remove /etc/kubernetes dir (full teardown only)] *****************
skipping: [192.168.47.133]

TASK [clean : flush ipvs rules (full teardown only)] ***************************
skipping: [192.168.47.133]

TASK [clean : clean 'ENV PATH'] ************************************************
changed: [192.168.47.133] => (item=kubeauto)
ok: [192.168.47.133] => (item=helm completion)
ok: [192.168.47.133] => (item=kubectl completion)
ok: [192.168.47.133] => (item=crictl completion)
ok: [192.168.47.133] => (item=HELM_TLS_ENABLE)

TASK [clean : delete k8s node hosts block on this host] ************************
changed: [192.168.47.133]

TASK [clean : important indicates WARNNING] ************************************
skipping: [192.168.47.133]

PLAY [kube_master,kube_node] ***************************************************

TASK [Gathering Facts] *********************************************************
ok: [192.168.47.141]
ok: [192.168.47.132]
ok: [192.168.47.133]
ok: [192.168.47.140]

TASK [remove the 192.168.47.133 entry in all k8s hosts file] *******************
skipping: [192.168.47.133]
changed: [192.168.47.132]
changed: [192.168.47.140]
ok: [192.168.47.141]

PLAY RECAP *********************************************************************
192.168.47.132             : ok=2    changed=1    unreachable=0    failed=0    skipped=0    rescued=0    ignored=0   
192.168.47.133             : ok=11   changed=9    unreachable=0    failed=0    skipped=24   rescued=0    ignored=0   
192.168.47.140             : ok=2    changed=1    unreachable=0    failed=0    skipped=0    rescued=0    ignored=0   
192.168.47.141             : ok=2    changed=0    unreachable=0    failed=0    skipped=0    rescued=0    ignored=0   
localhost                  : ok=7    changed=3    unreachable=0    failed=0    skipped=4    rescued=0    ignored=0   
[2026-07-17 01:11:20] [INFO] [service.cluster.manager] Removed worker node 192.168.47.133 from cluster test-ha.
[2026-07-17 01:11:20] [INFO] [service.cluster.manager] Deleting worker node worker-133 from cluster.
[2026-07-17 01:11:20] [INFO] [service.cluster.manager] Node worker-133 removed from cluster.
[2026-07-17 01:11:40] [ERROR] [controller.cluster.cli] Cluster deliver-docker not found
[2026-07-17 01:11:40] [INFO] [service.cluster.manager] Cluster deliver-docker created. Next: edit /usr/local/kubeauto/clusters/deliver-docker/hosts and /usr/local/kubeauto/clusters/deliver-docker/config.yml, then run setup.
Created /usr/local/kubeauto/clusters/deliver-docker/hosts (calico/ipvs)
Note: run 'kubecli new deliver-docker' first so config.yml placeholders are resolved
[2026-07-17 01:11:41] [INFO] [service.cluster.downloader] [DOWNLOAD] Default images: uploading 7 image(s) to local registry.
[2026-07-17 01:11:41] [WARNING] [service.cluster.registry] [REGISTRY] Local registry already running; skipping.
[2026-07-17 01:11:41] [INFO] [service.cluster.registry] [REGISTRY] Uploading 7 image(s) to local registry.
[2026-07-17 01:11:41] [INFO] [service.cluster.registry] [REGISTRY] [1/7] Image: brinnatt/calico-cni:v3.28.4
[2026-07-17 01:11:41] [INFO] [service.cluster.registry] [REGISTRY]   -> Image exists locally; skipping pull.
[2026-07-17 01:11:41] [INFO] [service.cluster.registry] [REGISTRY]   -> Tagging and pushing to local registry.
[2026-07-17 01:11:41] [INFO] [service.cluster.docker] [UPLOAD] Pushing image: registry.talkschool.cn:5000/brinnatt/calico-cni:v3.28.4
The push refers to repository [registry.talkschool.cn:5000/brinnatt/calico-cni]
4f4fb700ef54: Layer already exists
2772ed331197: Layer already exists
b9043961d354: Layer already exists
v3.28.4: digest: sha256:55818ec0c4bdfc1467805659b04eeddefc7c8539e192944c4141d4363a8fab4e size: 946
[2026-07-17 01:11:41] [INFO] [service.cluster.docker] [UPLOAD] Pushed successfully: registry.talkschool.cn:5000/brinnatt/calico-cni:v3.28.4
[2026-07-17 01:11:41] [INFO] [service.cluster.registry] [REGISTRY]   -> Done: brinnatt/calico-cni:v3.28.4.
[2026-07-17 01:11:41] [INFO] [service.cluster.registry] [REGISTRY] [2/7] Image: brinnatt/calico-kube-controllers:v3.28.4
[2026-07-17 01:11:41] [INFO] [service.cluster.registry] [REGISTRY]   -> Image exists locally; skipping pull.
[2026-07-17 01:11:41] [INFO] [service.cluster.registry] [REGISTRY]   -> Tagging and pushing to local registry.
[2026-07-17 01:11:41] [INFO] [service.cluster.docker] [UPLOAD] Pushing image: registry.talkschool.cn:5000/brinnatt/calico-kube-controllers:v3.28.4
The push refers to repository [registry.talkschool.cn:5000/brinnatt/calico-kube-controllers]
914be66db056: Layer already exists
2772ed331197: Layer already exists
v3.28.4: digest: sha256:1c07cc091d70a525b305e84c3c83086046b71875fb07ffafb8154301cde1f2ee size: 740
[2026-07-17 01:11:41] [INFO] [service.cluster.docker] [UPLOAD] Pushed successfully: registry.talkschool.cn:5000/brinnatt/calico-kube-controllers:v3.28.4
[2026-07-17 01:11:41] [INFO] [service.cluster.registry] [REGISTRY]   -> Done: brinnatt/calico-kube-controllers:v3.28.4.
[2026-07-17 01:11:41] [INFO] [service.cluster.registry] [REGISTRY] [3/7] Image: brinnatt/calico-node:v3.28.4
[2026-07-17 01:11:41] [INFO] [service.cluster.registry] [REGISTRY]   -> Image exists locally; skipping pull.
[2026-07-17 01:11:41] [INFO] [service.cluster.registry] [REGISTRY]   -> Tagging and pushing to local registry.
[2026-07-17 01:11:41] [INFO] [service.cluster.docker] [UPLOAD] Pushing image: registry.talkschool.cn:5000/brinnatt/calico-node:v3.28.4
The push refers to repository [registry.talkschool.cn:5000/brinnatt/calico-node]
385e82df3dbc: Layer already exists
v3.28.4: digest: sha256:cec640f3131eb91fece8b7dc14f5241b5192fe7faa107f91e2497c09332b96c8 size: 530
[2026-07-17 01:11:41] [INFO] [service.cluster.docker] [UPLOAD] Pushed successfully: registry.talkschool.cn:5000/brinnatt/calico-node:v3.28.4
[2026-07-17 01:11:41] [INFO] [service.cluster.registry] [REGISTRY]   -> Done: brinnatt/calico-node:v3.28.4.
[2026-07-17 01:11:41] [INFO] [service.cluster.registry] [REGISTRY] [4/7] Image: brinnatt/coredns:1.12.4
[2026-07-17 01:11:41] [INFO] [service.cluster.registry] [REGISTRY]   -> Image exists locally; skipping pull.
[2026-07-17 01:11:41] [INFO] [service.cluster.registry] [REGISTRY]   -> Tagging and pushing to local registry.
[2026-07-17 01:11:41] [INFO] [service.cluster.docker] [UPLOAD] Pushing image: registry.talkschool.cn:5000/brinnatt/coredns:1.12.4
The push refers to repository [registry.talkschool.cn:5000/brinnatt/coredns]
b40161cd83fc: Layer already exists
d858cbc252ad: Layer already exists
e3872157bf65: Layer already exists
eb8f5749650b: Layer already exists
e1089d61b200: Layer already exists
0f8b424aa0b9: Layer already exists
2e4cf50eeb92: Layer already exists
d82bc7a76a83: Layer already exists
3f4e2c586348: Layer already exists
1069fc2daed1: Layer already exists
56ce5a7a0a8c: Layer already exists
259db2ee6b87: Layer already exists
06ef02220bb4: Layer already exists
d557676654e5: Layer already exists
1.12.4: digest: sha256:5fe4ce2f40fba78ebd7941f205d5ba21058e6aebff00878325f3f2645d9d465c size: 3233
[2026-07-17 01:11:41] [INFO] [service.cluster.docker] [UPLOAD] Pushed successfully: registry.talkschool.cn:5000/brinnatt/coredns:1.12.4
[2026-07-17 01:11:41] [INFO] [service.cluster.registry] [REGISTRY]   -> Done: brinnatt/coredns:1.12.4.
[2026-07-17 01:11:41] [INFO] [service.cluster.registry] [REGISTRY] [5/7] Image: brinnatt/k8s-dns-node-cache:1.26.4
[2026-07-17 01:11:41] [INFO] [service.cluster.registry] [REGISTRY]   -> Image exists locally; skipping pull.
[2026-07-17 01:11:41] [INFO] [service.cluster.registry] [REGISTRY]   -> Tagging and pushing to local registry.
[2026-07-17 01:11:41] [INFO] [service.cluster.docker] [UPLOAD] Pushing image: registry.talkschool.cn:5000/brinnatt/k8s-dns-node-cache:1.26.4
The push refers to repository [registry.talkschool.cn:5000/brinnatt/k8s-dns-node-cache]
d6accb83dc23: Layer already exists
b77b57d31f7f: Layer already exists
1.26.4: digest: sha256:29a75b15f8d75412ee2c46c7be362fb26e99e1b36c2558c38c12428a9e3dad49 size: 675
[2026-07-17 01:11:41] [INFO] [service.cluster.docker] [UPLOAD] Pushed successfully: registry.talkschool.cn:5000/brinnatt/k8s-dns-node-cache:1.26.4
[2026-07-17 01:11:41] [INFO] [service.cluster.registry] [REGISTRY]   -> Done: brinnatt/k8s-dns-node-cache:1.26.4.
[2026-07-17 01:11:41] [INFO] [service.cluster.registry] [REGISTRY] [6/7] Image: brinnatt/metrics-server:v0.8.0
[2026-07-17 01:11:41] [INFO] [service.cluster.registry] [REGISTRY]   -> Image exists locally; skipping pull.
[2026-07-17 01:11:41] [INFO] [service.cluster.registry] [REGISTRY]   -> Tagging and pushing to local registry.
[2026-07-17 01:11:41] [INFO] [service.cluster.docker] [UPLOAD] Pushing image: registry.talkschool.cn:5000/brinnatt/metrics-server:v0.8.0
The push refers to repository [registry.talkschool.cn:5000/brinnatt/metrics-server]
6b6c881bc207: Layer already exists
7c12895b777b: Layer already exists
3214acf345c0: Layer already exists
bfb59b82a9b6: Layer already exists
a62778643d56: Layer already exists
ddf74a63f7d8: Layer already exists
35d697fe2738: Layer already exists
4eff9a62d888: Layer already exists
5664b15f108b: Layer already exists
0bab15eea81d: Layer already exists
4aa0ea1413d3: Layer already exists
da7816fa955e: Layer already exists
v0.8.0: digest: sha256:e876bd6d18055664b0076fe754294a31fa90afe6ab166361ebafd4a29b7ddae1 size: 2559
[2026-07-17 01:11:41] [INFO] [service.cluster.docker] [UPLOAD] Pushed successfully: registry.talkschool.cn:5000/brinnatt/metrics-server:v0.8.0
[2026-07-17 01:11:41] [INFO] [service.cluster.registry] [REGISTRY]   -> Done: brinnatt/metrics-server:v0.8.0.
[2026-07-17 01:11:41] [INFO] [service.cluster.registry] [REGISTRY] [7/7] Image: brinnatt/pause:3.10
[2026-07-17 01:11:41] [INFO] [service.cluster.registry] [REGISTRY]   -> Image exists locally; skipping pull.
[2026-07-17 01:11:41] [INFO] [service.cluster.registry] [REGISTRY]   -> Tagging and pushing to local registry.
[2026-07-17 01:11:41] [INFO] [service.cluster.docker] [UPLOAD] Pushing image: registry.talkschool.cn:5000/brinnatt/pause:3.10
The push refers to repository [registry.talkschool.cn:5000/brinnatt/pause]
61d9e957431b: Layer already exists
3.10: digest: sha256:e1fbfcf0e3ceb6101235f94a6c04a4022b10517b2ef9e07732bcd0fe1ed85318 size: 480
[2026-07-17 01:11:41] [INFO] [service.cluster.docker] [UPLOAD] Pushed successfully: registry.talkschool.cn:5000/brinnatt/pause:3.10
[2026-07-17 01:11:41] [INFO] [service.cluster.registry] [REGISTRY]   -> Done: brinnatt/pause:3.10.
[2026-07-17 01:11:41] [INFO] [service.cluster.registry] [REGISTRY] All 7 image(s) uploaded to local registry.
[2026-07-17 01:11:41] [INFO] [service.cluster.downloader] [DOWNLOAD] Default images: 7 image(s) uploaded to local registry.
[2026-07-17 01:11:42] [INFO] [service.cluster.manager] Ansible Python policy (ansible-core 2.17): control node Python >=3.10, target module runtime Python >=3.9
[2026-07-17 01:11:42] [INFO] [service.cluster.manager] Setting up cluster with playbook 90.setup.yml.
[2026-07-17 01:11:42] [INFO] [service.cluster.manager] Component versions (kubernetes / etcd / network):
[2026-07-17 01:11:42] [INFO] [service.cluster.manager]   kubernetes: v1.33.6, etcd: v3.6.4, calico: v3.28.4
[WARNING]: Collection ansible.posix does not support Ansible version 2.17.14

PLAY [kube_master,kube_node,etcd,ex_lb,chrony] *********************************

TASK [Gathering Facts] *********************************************************
ok: [192.168.47.133]

TASK [chrony : check if chronyd running, break the role] ***********************
skipping: [192.168.47.133]

TASK [chrony : terminate the play if chronyd running] **************************
skipping: [192.168.47.133]

TASK [chrony : uninstall residual ntp chrony] **********************************
skipping: [192.168.47.133] => (item=ntp) 
skipping: [192.168.47.133] => (item=chrony) 
skipping: [192.168.47.133]

TASK [chrony : prepare some dirs] **********************************************
skipping: [192.168.47.133] => (item=/etc/chrony) 
skipping: [192.168.47.133] => (item=/var/lib/chrony) 
skipping: [192.168.47.133] => (item=/var/log/chrony) 
skipping: [192.168.47.133]

TASK [chrony : distribute chronyd binary] **************************************
skipping: [192.168.47.133]

TASK [chrony : create chronyd systemd unit file] *******************************
skipping: [192.168.47.133]

TASK [chrony : configure chrony server] ****************************************
skipping: [192.168.47.133]

TASK [chrony : configure chrony client] ****************************************
skipping: [192.168.47.133]

TASK [chrony : enable chronyd service on startup] ******************************
skipping: [192.168.47.133]

TASK [chrony : start chronyd service] ******************************************
skipping: [192.168.47.133]

TASK [chrony : wait for chronyd running] ***************************************
skipping: [192.168.47.133]

PLAY [localhost] ***************************************************************

TASK [Gathering Facts] *********************************************************
ok: [localhost]

TASK [deploy : prepare some dirs] **********************************************
changed: [localhost] => (item=/usr/local/kubeauto/clusters/deliver-docker/ssl)
changed: [localhost] => (item=/usr/local/kubeauto/clusters/deliver-docker/backup)
changed: [localhost] => (item=/usr/local/kubeauto/clusters/deliver-docker/yml)
ok: [localhost] => (item=~/.kube)

TASK [deploy : set extra-bin directory permission] *****************************
ok: [localhost]

TASK [deploy : read ca cert stat information into p] ***************************
ok: [localhost]

TASK [deploy : prepare ca configuration and cert request] **********************
changed: [localhost] => (item=ca-config.json)
changed: [localhost] => (item=ca-csr.json)

TASK [deploy : generate CA cert and private key] *******************************
changed: [localhost]

TASK [deploy : prepare admin csr for kubectl usage] ****************************
changed: [localhost]

TASK [deploy : create admin cert and private key] ******************************
changed: [localhost]

TASK [deploy : set cluster params] *********************************************
changed: [localhost]

TASK [deploy : set client credential params] ***********************************
changed: [localhost]

TASK [deploy : set context params] *********************************************
changed: [localhost]

TASK [deploy : choose default context] *****************************************
changed: [localhost]

TASK [deploy : install kubeconfig] *********************************************
changed: [localhost]

TASK [deploy : create self-defined user certs directory] ***********************
skipping: [localhost]

TASK [deploy : prepare CA configuration] ***************************************
skipping: [localhost]

TASK [deploy : prepare {{ USER_NAME }} cert request for kubectl] ***************
skipping: [localhost]

TASK [deploy : create {{ USER_NAME }} cert and private key] ********************
skipping: [localhost]

TASK [deploy : set cluster params] *********************************************
skipping: [localhost]

TASK [deploy : set client credential params] ***********************************
skipping: [localhost]

TASK [deploy : set context params] *********************************************
skipping: [localhost]

TASK [deploy : choose default context] *****************************************
skipping: [localhost]

TASK [deploy : generate clusterrolebind configuration] *************************
skipping: [localhost]

TASK [deploy : create clusterrolebind] *****************************************
skipping: [localhost]

TASK [deploy : debug] **********************************************************
skipping: [localhost]

TASK [deploy : prepare kube-proxy csr] *****************************************
changed: [localhost]

TASK [deploy : create kube-proxy cert and private key] *************************
changed: [localhost]

TASK [deploy : set cluster params] *********************************************
changed: [localhost]

TASK [deploy : set client credential params] ***********************************
changed: [localhost]

TASK [deploy : set context params] *********************************************
changed: [localhost]

TASK [deploy : choose default context] *****************************************
changed: [localhost]

TASK [deploy : prepare kube-controller-manager csr] ****************************
changed: [localhost]

TASK [deploy : create kube-controller-manager cert and private key] ************
changed: [localhost]

TASK [deploy : set cluster params] *********************************************
changed: [localhost]

TASK [deploy : set client credential params] ***********************************
changed: [localhost]

TASK [deploy : set context params] *********************************************
changed: [localhost]

TASK [deploy : choose default context] *****************************************
changed: [localhost]

TASK [deploy : prepare kube-scheduler csr] *************************************
changed: [localhost]

TASK [deploy : create kube-scheduler cert and private key] *********************
changed: [localhost]

TASK [deploy : set cluster params] *********************************************
changed: [localhost]

TASK [deploy : set client credential params] ***********************************
changed: [localhost]

TASK [deploy : set context params] *********************************************
changed: [localhost]

TASK [deploy : choose default context] *****************************************
changed: [localhost]

PLAY [kube_master,kube_node,etcd] **********************************************

TASK [Gathering Facts] *********************************************************
ok: [192.168.47.133]

TASK [prepare : read the prepare tasks file] ***********************************
ok: [192.168.47.133]

TASK [prepare : indicates the prepare tasks finished already] ******************
skipping: [192.168.47.133]

TASK [prepare : copy huawei cloud apt mirror script] ***************************
skipping: [192.168.47.133]

TASK [prepare : apply huawei cloud apt mirror] *********************************
skipping: [192.168.47.133]

TASK [prepare : update apt cache] **********************************************
skipping: [192.168.47.133]

TASK [prepare : delete ubuntu default software] ********************************
skipping: [192.168.47.133]

TASK [prepare : install ubuntu/debian basic software] **************************
skipping: [192.168.47.133]

TASK [prepare : create journal relative directory] *****************************
skipping: [192.168.47.133] => (item=/etc/systemd/journald.conf.d) 
skipping: [192.168.47.133] => (item=/var/log/journal) 
skipping: [192.168.47.133]

TASK [prepare : optimize journal params] ***************************************
skipping: [192.168.47.133]

TASK [prepare : restart journald service] **************************************
skipping: [192.168.47.133]

TASK [prepare : copy huawei cloud yum/dnf mirror script] ***********************
ok: [192.168.47.133]

TASK [prepare : apply huawei cloud yum/dnf mirror] *****************************
ok: [192.168.47.133]

TASK [prepare : detect ansible-compatible python on target] ********************
ok: [192.168.47.133]

TASK [prepare : install python39 for ansible (RHEL8 family, only when no compatible python)] ***
skipping: [192.168.47.133]

TASK [prepare : delete centos/redhat default software] *************************
ok: [192.168.47.133]

TASK [prepare : install basic system software] *********************************
ok: [192.168.47.133]

TASK [prepare : disable selinux right now] *************************************
changed: [192.168.47.133]

TASK [prepare : check if /etc/selinux/config exists] ***************************
ok: [192.168.47.133]

TASK [prepare : disable selinux forever] ***************************************
ok: [192.168.47.133]

TASK [prepare : disable selinux forever] ***************************************
skipping: [192.168.47.133]

TASK [prepare : forbidden rsyslog fetch journald 1, avoid double handling logs and wasting disk space] ***
ok: [192.168.47.133]

TASK [prepare : forbidden rsyslog fetch journald 2, avoid double handling logs and wasting disk space] ***
ok: [192.168.47.133]

TASK [prepare : restart rsyslog service] ***************************************
changed: [192.168.47.133]

TASK [prepare : copy huawei cloud zypper mirror script] ************************
skipping: [192.168.47.133]

TASK [prepare : apply huawei cloud zypper mirror] ******************************
skipping: [192.168.47.133]

TASK [prepare : install basic system software] *********************************
skipping: [192.168.47.133]

TASK [prepare : copy huawei cloud yum/dnf mirror script] ***********************
skipping: [192.168.47.133]

TASK [prepare : apply huawei cloud yum/dnf mirror] *****************************
skipping: [192.168.47.133]

TASK [prepare : detect ansible-compatible python on target] ********************
skipping: [192.168.47.133]

TASK [prepare : install python39 for ansible (RHEL8 family, only when no compatible python)] ***
skipping: [192.168.47.133]

TASK [prepare : delete centos/redhat default software] *************************
skipping: [192.168.47.133]

TASK [prepare : install basic system software] *********************************
skipping: [192.168.47.133]

TASK [prepare : disable selinux right now] *************************************
skipping: [192.168.47.133]

TASK [prepare : check if /etc/selinux/config exists] ***************************
skipping: [192.168.47.133]

TASK [prepare : disable selinux forever] ***************************************
skipping: [192.168.47.133]

TASK [prepare : disable selinux forever] ***************************************
skipping: [192.168.47.133]

TASK [prepare : forbidden rsyslog fetch journald 1, avoid double handling logs and wasting disk space] ***
skipping: [192.168.47.133]

TASK [prepare : forbidden rsyslog fetch journald 2, avoid double handling logs and wasting disk space] ***
skipping: [192.168.47.133]

TASK [prepare : restart rsyslog service] ***************************************
skipping: [192.168.47.133]

TASK [prepare : disable swap] **************************************************
changed: [192.168.47.133]

TASK [prepare : delete fstab swap configuration] *******************************
ok: [192.168.47.133]

TASK [prepare : load kernel module] ********************************************
ok: [192.168.47.133] => (item=br_netfilter)
ok: [192.168.47.133] => (item=dm_snapshot)
ok: [192.168.47.133] => (item=dm_thin_pool)
ok: [192.168.47.133] => (item=ip_vs)
ok: [192.168.47.133] => (item=ip_vs_rr)
ok: [192.168.47.133] => (item=ip_vs_wrr)
ok: [192.168.47.133] => (item=ip_vs_sh)
ok: [192.168.47.133] => (item=nf_conntrack)

TASK [prepare : try to load nf_conntrack_ipv4] *********************************
changed: [192.168.47.133]

TASK [prepare : enable systemd loading module automatically] *******************
ok: [192.168.47.133]

TASK [prepare : load kernel module on startup] *********************************
ok: [192.168.47.133]

TASK [prepare : set system params] *********************************************
ok: [192.168.47.133]

TASK [prepare : check if fs.may_detach_mounts needs to be set] *****************
ok: [192.168.47.133]

TASK [prepare : if needed, set fs.may_detach_mounts as 1] **********************
skipping: [192.168.47.133]

TASK [prepare : check if net.ipv4.tcp_tw_recycle needs to be set] **************
ok: [192.168.47.133]

TASK [prepare : if needed, set tcp_tw_recycle] *********************************
skipping: [192.168.47.133]

TASK [prepare : take effect on system] *****************************************
changed: [192.168.47.133]

TASK [prepare : create systemd configuration directory] ************************
ok: [192.168.47.133]

TASK [prepare : set system param ulimits] **************************************
ok: [192.168.47.133]

TASK [prepare : take SCTP to kernel module blacklist] **************************
ok: [192.168.47.133]

TASK [prepare : prepare some dirs] *********************************************
ok: [192.168.47.133] => (item=/usr/local/bin)
ok: [192.168.47.133] => (item=/etc/kubernetes/ssl)
ok: [192.168.47.133] => (item=/root/.kube)

TASK [prepare : copy kubectl kubeconfig to home dir] ***************************
changed: [192.168.47.133]

TASK [prepare : add hosts entry to resolve local registry] *********************
ok: [192.168.47.133]

TASK [prepare : set node hostname] *********************************************
changed: [192.168.47.133]

TASK [prepare : the master[0] resolves all hosts master-133 in /etc/hosts] *****
changed: [192.168.47.133]

TASK [prepare : get /etc/hosts from the master[0]] *****************************
changed: [192.168.47.133]

TASK [prepare : delete /etc/hosts in the master[0]] ****************************
changed: [192.168.47.133]

TASK [prepare : sync /etc/hosts to all hosts] **********************************
changed: [192.168.47.133] => (item=192.168.47.133)
ok: [192.168.47.133] => (item=192.168.47.133)

TASK [prepare : set prepare tasks label file] **********************************
changed: [192.168.47.133]

PLAY [etcd] ********************************************************************

TASK [Gathering Facts] *********************************************************
ok: [192.168.47.133]

TASK [etcd : prepare some dirs] ************************************************
changed: [192.168.47.133]

TASK [etcd : download etcd binary] *********************************************
ok: [192.168.47.133] => (item=etcd)
ok: [192.168.47.133] => (item=etcdctl)
ok: [192.168.47.133] => (item=etcdutl)

TASK [etcd : create etcd CSR] **************************************************
changed: [192.168.47.133 -> localhost]

TASK [etcd : create etcd certs and private key] ********************************
changed: [192.168.47.133 -> localhost]

TASK [etcd : distribute etcd cert-related files] *******************************
changed: [192.168.47.133] => (item=ca.pem)
changed: [192.168.47.133] => (item=etcd.pem)
changed: [192.168.47.133] => (item=etcd-key.pem)

TASK [etcd : create etcd systemd unit file] ************************************
changed: [192.168.47.133]

TASK [etcd : enable etcd service on startup] ***********************************
changed: [192.168.47.133]

TASK [etcd : start etcd service] ***********************************************
changed: [192.168.47.133]

TASK [etcd : wait for etcd service running] ************************************
changed: [192.168.47.133]

PLAY [kube_master,kube_node] ***************************************************

TASK [Gathering Facts] *********************************************************
ok: [192.168.47.133]

TASK [docker : check if docker was installed] **********************************
changed: [192.168.47.133]

TASK [docker : get docker version information] *********************************
changed: [192.168.47.133 -> localhost]

TASK [docker : debug info] *****************************************************
ok: [192.168.47.133 -> localhost] => {
    "docker_ver": {
        "changed": true,
        "cmd": "/usr/local/kubeauto/docker-bin/dockerd --version | awk '{print $3}' | tr -d ','",
        "delta": "0:00:00.167764",
        "end": "2026-07-17 01:12:26.738522",
        "failed": false,
        "msg": "",
        "rc": 0,
        "start": "2026-07-17 01:12:26.570758",
        "stderr": "",
        "stderr_lines": [],
        "stdout": "28.5.2",
        "stdout_lines": [
            "28.5.2"
        ]
    }
}

TASK [docker : revise docker version with float type] **************************
ok: [192.168.47.133 -> localhost]

TASK [docker : infer docker installed] *****************************************
skipping: [192.168.47.133]

TASK [docker : prepare docker-related directories] *****************************
ok: [192.168.47.133] => (item=/usr/local/bin)
changed: [192.168.47.133] => (item=/etc/docker)

TASK [docker : download docker binary] *****************************************
changed: [192.168.47.133] => (item=/usr/local/kubeauto/docker-bin/docker-compose)
changed: [192.168.47.133] => (item=/usr/local/kubeauto/docker-bin/runc)
changed: [192.168.47.133] => (item=/usr/local/kubeauto/docker-bin/dockerd)
changed: [192.168.47.133] => (item=/usr/local/kubeauto/docker-bin/docker)
changed: [192.168.47.133] => (item=/usr/local/kubeauto/docker-bin/docker-proxy)
changed: [192.168.47.133] => (item=/usr/local/kubeauto/docker-bin/docker-init)
changed: [192.168.47.133] => (item=/usr/local/kubeauto/docker-bin/docker-buildx)
changed: [192.168.47.133] => (item=/usr/local/kubeauto/docker-bin/ctr)
changed: [192.168.47.133] => (item=/usr/local/kubeauto/docker-bin/containerd)
changed: [192.168.47.133] => (item=/usr/local/kubeauto/docker-bin/containerd-shim-runc-v2)

TASK [docker : configure docker daemon] ****************************************
changed: [192.168.47.133]

TASK [docker : create docker systemd unit file] ********************************
changed: [192.168.47.133]

TASK [docker : enable docker service on startup] *******************************
changed: [192.168.47.133]

TASK [docker : start docker service] *******************************************
changed: [192.168.47.133]

TASK [docker : wait for docker running] ****************************************
changed: [192.168.47.133]

TASK [docker : configure docker symlink] ***************************************
changed: [192.168.47.133]

TASK [containerd : prepare containerd-related directories] *********************
skipping: [192.168.47.133] => (item=/etc/containerd) 
skipping: [192.168.47.133] => (item=/etc/containerd/certs.d/docker.io) 
skipping: [192.168.47.133] => (item=/etc/containerd/certs.d/registry.talkschool.cn:5000) 
skipping: [192.168.47.133] => (item=/etc/containerd/certs.d/harbor.brinnatt.io.local:8443) 
skipping: [192.168.47.133]

TASK [containerd : prepare INSECURE REGISTRY dirs] *****************************
skipping: [192.168.47.133] => (item=http://registry.talkschool.cn:5000) 
skipping: [192.168.47.133] => (item=https://reg.yourcompany.com) 
skipping: [192.168.47.133]

TASK [containerd : load kernel module overlay] *********************************
skipping: [192.168.47.133]

TASK [containerd : download containerd binary] *********************************
skipping: [192.168.47.133] => (item=/usr/local/kubeauto/extra-bin/containerd-bin/runc) 
skipping: [192.168.47.133] => (item=/usr/local/kubeauto/extra-bin/containerd-bin/containerd-stress) 
skipping: [192.168.47.133] => (item=/usr/local/kubeauto/extra-bin/containerd-bin/ctr) 
skipping: [192.168.47.133] => (item=/usr/local/kubeauto/extra-bin/containerd-bin/containerd) 
skipping: [192.168.47.133] => (item=/usr/local/kubeauto/extra-bin/containerd-bin/containerd-shim-runc-v2) 
skipping: [192.168.47.133]

TASK [containerd : download crictl] ********************************************
skipping: [192.168.47.133]

TASK [containerd : crictl bash completion] *************************************
skipping: [192.168.47.133]

TASK [containerd : create containerd configuration file] ***********************
skipping: [192.168.47.133]

TASK [containerd : configure docker.io accelerator] ****************************
skipping: [192.168.47.133]

TASK [containerd : configure local_registry] ***********************************
skipping: [192.168.47.133]

TASK [containerd : configure trusted INSECURE REGISTRY registry] ***************
skipping: [192.168.47.133] => (item=http://registry.talkschool.cn:5000) 
skipping: [192.168.47.133] => (item=https://reg.yourcompany.com) 
skipping: [192.168.47.133]

TASK [containerd : configure harbor registry] **********************************
skipping: [192.168.47.133]

TASK [containerd : create systemd unit file] ***********************************
skipping: [192.168.47.133]

TASK [containerd : create crictl configuration] ********************************
skipping: [192.168.47.133]

TASK [containerd : enable containerd service on startup] ***********************
skipping: [192.168.47.133]

TASK [containerd : start containerd service] ***********************************
skipping: [192.168.47.133]

TASK [containerd : wait for containerd service running] ************************
skipping: [192.168.47.133]

PLAY [kube_master] *************************************************************

TASK [Gathering Facts] *********************************************************
ok: [192.168.47.133]

TASK [kube-lb : prepare some dirs] *********************************************
changed: [192.168.47.133] => (item=/etc/kube-lb/sbin)
changed: [192.168.47.133] => (item=/etc/kube-lb/logs)
changed: [192.168.47.133] => (item=/etc/kube-lb/conf)

TASK [kube-lb : download kube-lb(nginx)] ***************************************
changed: [192.168.47.133]

TASK [kube-lb : create kube-lb configuration file] *****************************
changed: [192.168.47.133]

TASK [kube-lb : create kube-lb systemd unit file] ******************************
changed: [192.168.47.133]

TASK [kube-lb : enable kube-lb service on startup] *****************************
changed: [192.168.47.133]

TASK [kube-lb : start kube-lb service] *****************************************
changed: [192.168.47.133]

TASK [kube-lb : wait for kube-lb service running] ******************************
changed: [192.168.47.133]

TASK [kube-master : assure k8s bin can be executable] **************************
ok: [192.168.47.133] => (item=kube-apiserver)
ok: [192.168.47.133] => (item=kube-controller-manager)
ok: [192.168.47.133] => (item=kube-scheduler)
ok: [192.168.47.133] => (item=kubectl)

TASK [kube-master : distribute controller/scheduler kubeconfig] ****************
changed: [192.168.47.133] => (item=kube-controller-manager.kubeconfig)
changed: [192.168.47.133] => (item=kube-scheduler.kubeconfig)

TASK [kube-master : create cluster audit related directories] ******************
skipping: [192.168.47.133] => (item=/etc/kubernetes/audit) 
skipping: [192.168.47.133] => (item=/var/log/kubernetes/audit) 
skipping: [192.168.47.133]

TASK [kube-master : distribute cluster audit configuration file] ***************
skipping: [192.168.47.133]

TASK [kube-master : create kubernetes CSR] *************************************
changed: [192.168.47.133 -> localhost]

TASK [kube-master : create kubernetes cert and private key] ********************
changed: [192.168.47.133 -> localhost]

TASK [kube-master : create aggregator proxy CSR] *******************************
changed: [192.168.47.133 -> localhost]

TASK [kube-master : create aggregator-proxy cert and private key] **************
changed: [192.168.47.133 -> localhost]

TASK [kube-master : distribute kubernetes cert-related files] ******************
ok: [192.168.47.133] => (item=ca.pem)
changed: [192.168.47.133] => (item=ca-key.pem)
changed: [192.168.47.133] => (item=kubernetes.pem)
changed: [192.168.47.133] => (item=kubernetes-key.pem)
changed: [192.168.47.133] => (item=aggregator-proxy.pem)
changed: [192.168.47.133] => (item=aggregator-proxy-key.pem)

TASK [kube-master : correct apiserver socket in kubeconfig] ********************
changed: [192.168.47.133] => (item=/etc/kubernetes/kube-controller-manager.kubeconfig)
changed: [192.168.47.133] => (item=/etc/kubernetes/kube-scheduler.kubeconfig)

TASK [kube-master : create master systemd unit file] ***************************
changed: [192.168.47.133] => (item=kube-apiserver.service)
changed: [192.168.47.133] => (item=kube-controller-manager.service)
changed: [192.168.47.133] => (item=kube-scheduler.service)

TASK [kube-master : enable master service on startup] **************************
changed: [192.168.47.133]

TASK [kube-master : reload systemd and restart kube-apiserver] *****************
changed: [192.168.47.133]

TASK [kube-master : wait for kube-apiserver running] ***************************
changed: [192.168.47.133]

TASK [kube-master : restart kube-controller-manager and kube-scheduler] ********
changed: [192.168.47.133]

TASK [kube-master : wait for kube-controller-manager running] ******************
FAILED - RETRYING: [192.168.47.133]: wait for kube-controller-manager running (8 retries left).
FAILED - RETRYING: [192.168.47.133]: wait for kube-controller-manager running (7 retries left).
changed: [192.168.47.133]

TASK [kube-master : wait for kube-scheduler running] ***************************
changed: [192.168.47.133]

TASK [kube-master : copy kubectl.kubeconfig] ***********************************
changed: [192.168.47.133 -> localhost]

TASK [kube-master : correct apiserver socket in kubeconfig] ********************
ok: [192.168.47.133 -> localhost]

TASK [kube-master : wait for master service running] ***************************
changed: [192.168.47.133 -> localhost]

TASK [kube-master : check if user:kubernetes was bond to related role] *********
changed: [192.168.47.133 -> localhost]

TASK [kube-master : create user:kubernetes role binding] ***********************
changed: [192.168.47.133 -> localhost]

TASK [kube-node : create kube_node related directories] ************************
changed: [192.168.47.133] => (item=/var/lib/kubelet)
changed: [192.168.47.133] => (item=/var/lib/kube-proxy)
changed: [192.168.47.133] => (item=/etc/cni/net.d)
ok: [192.168.47.133] => (item=/opt/cni/bin)

TASK [kube-node : download kubelet,kube-proxy binaries] ************************
ok: [192.168.47.133] => (item=kubectl)
ok: [192.168.47.133] => (item=kubelet)
ok: [192.168.47.133] => (item=kube-proxy)

TASK [kube-node : download cni plugins binaries] *******************************
changed: [192.168.47.133] => (item=/usr/local/kubeauto/extra-bin/cni-bin/portmap)
ok: [192.168.47.133] => (item=/usr/local/kubeauto/extra-bin/cni-bin/README.md)
ok: [192.168.47.133] => (item=/usr/local/kubeauto/extra-bin/cni-bin/static)
ok: [192.168.47.133] => (item=/usr/local/kubeauto/extra-bin/cni-bin/sbr)
changed: [192.168.47.133] => (item=/usr/local/kubeauto/extra-bin/cni-bin/host-local)
ok: [192.168.47.133] => (item=/usr/local/kubeauto/extra-bin/cni-bin/vrf)
ok: [192.168.47.133] => (item=/usr/local/kubeauto/extra-bin/cni-bin/macvlan)
changed: [192.168.47.133] => (item=/usr/local/kubeauto/extra-bin/cni-bin/bandwidth)
ok: [192.168.47.133] => (item=/usr/local/kubeauto/extra-bin/cni-bin/bridge)
ok: [192.168.47.133] => (item=/usr/local/kubeauto/extra-bin/cni-bin/tap)
ok: [192.168.47.133] => (item=/usr/local/kubeauto/extra-bin/cni-bin/ipvlan)
ok: [192.168.47.133] => (item=/usr/local/kubeauto/extra-bin/cni-bin/host-device)
changed: [192.168.47.133] => (item=/usr/local/kubeauto/extra-bin/cni-bin/tuning)
ok: [192.168.47.133] => (item=/usr/local/kubeauto/extra-bin/cni-bin/vlan)
ok: [192.168.47.133] => (item=/usr/local/kubeauto/extra-bin/cni-bin/firewall)
changed: [192.168.47.133] => (item=/usr/local/kubeauto/extra-bin/cni-bin/loopback)
ok: [192.168.47.133] => (item=/usr/local/kubeauto/extra-bin/cni-bin/ptp)
ok: [192.168.47.133] => (item=/usr/local/kubeauto/extra-bin/cni-bin/dummy)
ok: [192.168.47.133] => (item=/usr/local/kubeauto/extra-bin/cni-bin/LICENSE)
ok: [192.168.47.133] => (item=/usr/local/kubeauto/extra-bin/cni-bin/dhcp)

TASK [kube-node : kubectl bash completion] *************************************
changed: [192.168.47.133]

TASK [kube-node : prepare kubelet CSR] *****************************************
changed: [192.168.47.133 -> localhost]

TASK [kube-node : create kubelet cert and private key] *************************
changed: [192.168.47.133 -> localhost]

TASK [kube-node : set cluster params] ******************************************
changed: [192.168.47.133 -> localhost]

TASK [kube-node : set client credential params] ********************************
changed: [192.168.47.133 -> localhost]

TASK [kube-node : set context params] ******************************************
changed: [192.168.47.133 -> localhost]

TASK [kube-node : choose default context] **************************************
changed: [192.168.47.133 -> localhost]

TASK [kube-node : distribute ca cert] ******************************************
ok: [192.168.47.133]

TASK [kube-node : distribute kubelet cert] *************************************
changed: [192.168.47.133] => (item=kubelet.pem)
changed: [192.168.47.133] => (item=kubelet-key.pem)

TASK [kube-node : distribute kubeconfig] ***************************************
changed: [192.168.47.133]

TASK [kube-node : prepare cni configuration file] ******************************
changed: [192.168.47.133]

TASK [kube-node : create kubelet configuration file] ***************************
changed: [192.168.47.133]

TASK [kube-node : check if /run/systemd/resolve/resolv.conf exists] ************
ok: [192.168.47.133]

TASK [kube-node : replace resolvConf param] ************************************
skipping: [192.168.47.133]

TASK [kube-node : create kubelet systemd unit file] ****************************
changed: [192.168.47.133]

TASK [kube-node : enable kubelet service on startup] ***************************
changed: [192.168.47.133]

TASK [kube-node : start kubelet service] ***************************************
changed: [192.168.47.133]

TASK [kube-node : distribute kube-proxy.kubeconfig configuration file] *********
changed: [192.168.47.133]

TASK [kube-node : correct apiserver socket in kube-proxy.kubeconfig] ***********
changed: [192.168.47.133]

TASK [kube-node : create kube-proxy configuration] *****************************
changed: [192.168.47.133]

TASK [kube-node : create kube-proxy service file] ******************************
changed: [192.168.47.133]

TASK [kube-node : enable kube-proxy service on startup] ************************
changed: [192.168.47.133]

TASK [kube-node : start kube-proxy service] ************************************
changed: [192.168.47.133]

TASK [kube-node : wait for kube-proxy running] *********************************
changed: [192.168.47.133]

TASK [kube-node : wait for kubelet running] ************************************
FAILED - RETRYING: [192.168.47.133]: wait for kubelet running (4 retries left).
FAILED - RETRYING: [192.168.47.133]: wait for kubelet running (3 retries left).
FAILED - RETRYING: [192.168.47.133]: wait for kubelet running (2 retries left).
FAILED - RETRYING: [192.168.47.133]: wait for kubelet running (1 retries left).
fatal: [192.168.47.133]: FAILED! => {"attempts": 4, "changed": true, "cmd": "systemctl is-active kubelet.service", "delta": "0:00:00.005052", "end": "2026-07-17 01:13:38.590116", "msg": "non-zero return code", "rc": 3, "start": "2026-07-17 01:13:38.585064", "stderr": "", "stderr_lines": [], "stdout": "activating", "stdout_lines": ["activating"]}

PLAY RECAP *********************************************************************
192.168.47.133             : ok=113  changed=78   unreachable=0    failed=1    skipped=59   rescued=0    ignored=0   
localhost                  : ok=31   changed=28   unreachable=0    failed=0    skipped=11   rescued=0    ignored=0   
[2026-07-17 01:13:38] [ERROR] [service.cluster.manager] Failed to set up the k8s cluster with playbook 90.setup.yml
[2026-07-17 01:13:38] [ERROR] [controller.cluster.cli] Failed to set up the k8s cluster with playbook 90.setup.yml
[FAIL] P0 docker setup

========== SUMMARY ==========
PASS=1 FAIL=5 SKIP=0
DELIVERY_GAP_SMOKE_COMPLETE
LOG=/var/log/kubeauto-delivery-gap-20260717-0005.log
