========== PHASE 0: local unit tests (G0) ==========
>>> bash /projects/kubeauto/tests/run_unit_tests.sh
test_parse_ansible_core_version (test_ansible_python.TestAnsibleCoreParsing) ... ok
test_parse_ansible_core_version_missing (test_ansible_python.TestAnsibleCoreParsing) ... ok
test_policy_fails_fast_when_detection_breaks (test_ansible_python.TestAnsiblePythonPolicy) ... ok
test_policy_resolves_from_ansible_version (test_ansible_python.TestAnsiblePythonPolicy) ... ok
test_probe_reports_missing_ansible_in_path (test_ansible_python.TestAnsiblePythonPolicy) ... ok
test_python_meets_spec (test_ansible_python.TestInterpreterValidation) ... ok
test_validate_local_interpreter (test_ansible_python.TestInterpreterValidation) ... ok
test_validate_remote_interpreter_version (test_ansible_python.TestInterpreterValidation) ... ok
test_matrix_2_16_target_runtime_min (test_ansible_python.TestSupportMatrix) ... ok
test_matrix_2_17_target_runtime_min (test_ansible_python.TestSupportMatrix) ... ok
test_all_component_images_are_brinnatt (test_brinnatt_image_contract.TestBrinnattImageContract) ... ok
test_default_images_are_brinnatt (test_brinnatt_image_contract.TestBrinnattImageContract) ... ok
test_cluster_after_flags (test_cli_completion.TestCliCompletion) ... ok
test_cluster_positional_still_works (test_cli_completion.TestCliCompletion) ... ok
test_completion_shells (test_cli_completion.TestCliCompletion) ... ok
test_docker_flags (test_cli_completion.TestCliCompletion) ... ok
test_download_long_flags_on_double_dash (test_cli_completion.TestCliCompletion) ... ok
test_download_prefix_filters_long (test_cli_completion.TestCliCompletion) ... ok
test_download_short_flags_on_dash (test_cli_completion.TestCliCompletion) ... ok
test_flag_prefix_does_not_steal_cluster_when_not_dash (test_cli_completion.TestCliCompletion) ... ok
test_kcfg_adm_mutex_hides_siblings (test_cli_completion.TestCliCompletion) ... ok
test_kcfg_adm_type_choices (test_cli_completion.TestCliCompletion) ... ok
test_kcfg_adm_type_equals_form (test_cli_completion.TestCliCompletion) ... ok
test_setup_steps_still_work (test_cli_completion.TestCliCompletion) ... ok
test_system_long_only_options (test_cli_completion.TestCliCompletion) ... ok
test_top_level_subcommands (test_cli_completion.TestCliCompletion) ... ok
test_used_flag_not_suggested_again (test_cli_completion.TestCliCompletion) ... ok
test_wait_for_daemon_ready_retries_until_sdk_ok (test_docker_daemon.TestDockerDaemonReady) ... ok
test_wait_for_daemon_ready_succeeds_on_first_ping (test_docker_daemon.TestDockerDaemonReady) ... ok
test_wait_for_daemon_ready_times_out (test_docker_daemon.TestDockerDaemonReady) ... [2026-07-16 16:51:34] [WARNING] [service.cluster.docker] Docker daemon not ready after 0.2s (docker info / SDK ping).
ok
test_execute_pull_sdk_fallback_uses_warning (test_docker_daemon.TestPullImage) ... ok
test_pull_image_logs_error_on_failure (test_docker_daemon.TestPullImage) ... ok
test_sdk_fallback_message_is_not_init_failure (test_docker_daemon.TestPullImage) ... ok
test_all_sources_fail_logs_error (test_registry_pull_sources.TestRegistryPullSources) ... ok
test_brinnatt_candidates_talkedu_first (test_registry_pull_sources.TestRegistryPullSources) ... ok
test_intermediate_failure_warning_final_error (test_registry_pull_sources.TestRegistryPullSources) ... ok
test_upstream_fallback_after_talkedu_and_hub (test_registry_pull_sources.TestRegistryPullSources)
Migrated images: talkedu → brinnatt hub → upstream origin. ... ok
test_capture_alias_is_supported (test_run_command.TestRunCommand)
Regression: capture=True must not leak to subprocess.run as invalid kwarg. ... ok
test_capture_output_default_captures_stdout (test_run_command.TestRunCommand) ... ok
test_capture_output_explicit (test_run_command.TestRunCommand) ... ok
test_default_tag_latest (test_talkedu_mirror.TestTalkeduMirror) ... ok
test_ignores_non_brinnatt (test_talkedu_mirror.TestTalkeduMirror) ... ok
test_maps_brinnatt_to_talkedu (test_talkedu_mirror.TestTalkeduMirror) ... ok
test_maps_migrated_defaults (test_talkedu_mirror.TestTalkeduMirror) ... ok
test_pull_order_talkedu_before_dockerhub (test_talkedu_mirror.TestTalkeduMirror)
CN production: hub.talkedu.cn first, Docker Hub brinnatt/* as fallback. ... ok

----------------------------------------------------------------------
Ran 45 tests in 0.317s

OK
[PASS] G0-local-unit
========== PHASE 1: sync source to 147 + 136 ==========
>>> bash /projects/kubeauto/tests/helpers/sync-kubeauto.sh ubuntu@192.168.47.147 123456
sync_ok
Synced to ubuntu@192.168.47.147:/usr/local/kubeauto
>>> bash /projects/kubeauto/tests/helpers/sync-kubeauto.sh root@192.168.47.136 123456
sync_ok
Synced to root@192.168.47.136:/usr/local/kubeauto
[PASS] G0-deploy-sync
========== PHASE 1b: bootstrap brinnatt mirrors + upload defaults ==========
[skip] brinnatt/calico-cni:v3.28.4
[skip] brinnatt/calico-node:v3.28.4
[skip] brinnatt/calico-kube-controllers:v3.28.4
[skip] brinnatt/coredns:1.12.4
[skip] brinnatt/registry:2
[skip] brinnatt/pause:3.10
[skip] brinnatt/metrics-server:v0.8.0
[skip] brinnatt/k8s-dns-node-cache:1.26.4
[skip] brinnatt/cilium:v1.19.5
[skip] brinnatt/cilium-operator-generic:v1.19.5
[skip] brinnatt/flannel:v0.28.4
[skip] brinnatt/flannel-cni-plugin:v1.8.0-flannel1
[skip] brinnatt/kube-router:v1.5.4
[skip] brinnatt/kube-ovn:v1.11.5
BOOTSTRAP_BRINATT_OK mode=essential fails=0
[2026-07-16 16:51:37] [INFO] [service.cluster.downloader] [DOWNLOAD] Default images: uploading 7 image(s) to local registry.
[2026-07-16 16:51:37] [WARNING] [service.cluster.registry] [REGISTRY] Local registry already running; skipping.
[2026-07-16 16:51:37] [INFO] [service.cluster.registry] [REGISTRY] Uploading 7 image(s) to local registry.
[2026-07-16 16:51:37] [INFO] [service.cluster.registry] [REGISTRY] [1/7] Image: brinnatt/calico-cni:v3.28.4
[2026-07-16 16:51:37] [INFO] [service.cluster.registry] [REGISTRY]   -> Image exists locally; skipping pull.
[2026-07-16 16:51:37] [INFO] [service.cluster.registry] [REGISTRY]   -> Tagging and pushing to local registry.
[2026-07-16 16:51:37] [INFO] [service.cluster.docker] [UPLOAD] Pushing image: registry.talkschool.cn:5000/brinnatt/calico-cni:v3.28.4
The push refers to repository [registry.talkschool.cn:5000/brinnatt/calico-cni]
4f4fb700ef54: Layer already exists
2772ed331197: Layer already exists
b9043961d354: Layer already exists
v3.28.4: digest: sha256:55818ec0c4bdfc1467805659b04eeddefc7c8539e192944c4141d4363a8fab4e size: 946
[2026-07-16 16:51:37] [INFO] [service.cluster.docker] [UPLOAD] Pushed successfully: registry.talkschool.cn:5000/brinnatt/calico-cni:v3.28.4
[2026-07-16 16:51:37] [INFO] [service.cluster.registry] [REGISTRY]   -> Done: brinnatt/calico-cni:v3.28.4.
[2026-07-16 16:51:37] [INFO] [service.cluster.registry] [REGISTRY] [2/7] Image: brinnatt/calico-kube-controllers:v3.28.4
[2026-07-16 16:51:37] [INFO] [service.cluster.registry] [REGISTRY]   -> Image exists locally; skipping pull.
[2026-07-16 16:51:37] [INFO] [service.cluster.registry] [REGISTRY]   -> Tagging and pushing to local registry.
[2026-07-16 16:51:37] [INFO] [service.cluster.docker] [UPLOAD] Pushing image: registry.talkschool.cn:5000/brinnatt/calico-kube-controllers:v3.28.4
The push refers to repository [registry.talkschool.cn:5000/brinnatt/calico-kube-controllers]
914be66db056: Layer already exists
2772ed331197: Layer already exists
v3.28.4: digest: sha256:1c07cc091d70a525b305e84c3c83086046b71875fb07ffafb8154301cde1f2ee size: 740
[2026-07-16 16:51:37] [INFO] [service.cluster.docker] [UPLOAD] Pushed successfully: registry.talkschool.cn:5000/brinnatt/calico-kube-controllers:v3.28.4
[2026-07-16 16:51:37] [INFO] [service.cluster.registry] [REGISTRY]   -> Done: brinnatt/calico-kube-controllers:v3.28.4.
[2026-07-16 16:51:37] [INFO] [service.cluster.registry] [REGISTRY] [3/7] Image: brinnatt/calico-node:v3.28.4
[2026-07-16 16:51:37] [INFO] [service.cluster.registry] [REGISTRY]   -> Image exists locally; skipping pull.
[2026-07-16 16:51:37] [INFO] [service.cluster.registry] [REGISTRY]   -> Tagging and pushing to local registry.
[2026-07-16 16:51:37] [INFO] [service.cluster.docker] [UPLOAD] Pushing image: registry.talkschool.cn:5000/brinnatt/calico-node:v3.28.4
The push refers to repository [registry.talkschool.cn:5000/brinnatt/calico-node]
385e82df3dbc: Layer already exists
v3.28.4: digest: sha256:cec640f3131eb91fece8b7dc14f5241b5192fe7faa107f91e2497c09332b96c8 size: 530
[2026-07-16 16:51:37] [INFO] [service.cluster.docker] [UPLOAD] Pushed successfully: registry.talkschool.cn:5000/brinnatt/calico-node:v3.28.4
[2026-07-16 16:51:37] [INFO] [service.cluster.registry] [REGISTRY]   -> Done: brinnatt/calico-node:v3.28.4.
[2026-07-16 16:51:37] [INFO] [service.cluster.registry] [REGISTRY] [4/7] Image: brinnatt/coredns:1.12.4
[2026-07-16 16:51:37] [INFO] [service.cluster.registry] [REGISTRY]   -> Image exists locally; skipping pull.
[2026-07-16 16:51:37] [INFO] [service.cluster.registry] [REGISTRY]   -> Tagging and pushing to local registry.
[2026-07-16 16:51:37] [INFO] [service.cluster.docker] [UPLOAD] Pushing image: registry.talkschool.cn:5000/brinnatt/coredns:1.12.4
The push refers to repository [registry.talkschool.cn:5000/brinnatt/coredns]
259db2ee6b87: Layer already exists
56ce5a7a0a8c: Layer already exists
e1089d61b200: Layer already exists
0f8b424aa0b9: Layer already exists
d858cbc252ad: Layer already exists
3f4e2c586348: Layer already exists
b40161cd83fc: Layer already exists
e3872157bf65: Layer already exists
06ef02220bb4: Layer already exists
2e4cf50eeb92: Layer already exists
d557676654e5: Layer already exists
d82bc7a76a83: Layer already exists
1069fc2daed1: Layer already exists
eb8f5749650b: Layer already exists
1.12.4: digest: sha256:5fe4ce2f40fba78ebd7941f205d5ba21058e6aebff00878325f3f2645d9d465c size: 3233
[2026-07-16 16:51:37] [INFO] [service.cluster.docker] [UPLOAD] Pushed successfully: registry.talkschool.cn:5000/brinnatt/coredns:1.12.4
[2026-07-16 16:51:37] [INFO] [service.cluster.registry] [REGISTRY]   -> Done: brinnatt/coredns:1.12.4.
[2026-07-16 16:51:37] [INFO] [service.cluster.registry] [REGISTRY] [5/7] Image: brinnatt/k8s-dns-node-cache:1.26.4
[2026-07-16 16:51:37] [INFO] [service.cluster.registry] [REGISTRY]   -> Image exists locally; skipping pull.
[2026-07-16 16:51:37] [INFO] [service.cluster.registry] [REGISTRY]   -> Tagging and pushing to local registry.
[2026-07-16 16:51:37] [INFO] [service.cluster.docker] [UPLOAD] Pushing image: registry.talkschool.cn:5000/brinnatt/k8s-dns-node-cache:1.26.4
The push refers to repository [registry.talkschool.cn:5000/brinnatt/k8s-dns-node-cache]
d6accb83dc23: Layer already exists
b77b57d31f7f: Layer already exists
1.26.4: digest: sha256:29a75b15f8d75412ee2c46c7be362fb26e99e1b36c2558c38c12428a9e3dad49 size: 675
[2026-07-16 16:51:37] [INFO] [service.cluster.docker] [UPLOAD] Pushed successfully: registry.talkschool.cn:5000/brinnatt/k8s-dns-node-cache:1.26.4
[2026-07-16 16:51:37] [INFO] [service.cluster.registry] [REGISTRY]   -> Done: brinnatt/k8s-dns-node-cache:1.26.4.
[2026-07-16 16:51:37] [INFO] [service.cluster.registry] [REGISTRY] [6/7] Image: brinnatt/metrics-server:v0.8.0
[2026-07-16 16:51:37] [INFO] [service.cluster.registry] [REGISTRY]   -> Image exists locally; skipping pull.
[2026-07-16 16:51:37] [INFO] [service.cluster.registry] [REGISTRY]   -> Tagging and pushing to local registry.
[2026-07-16 16:51:37] [INFO] [service.cluster.docker] [UPLOAD] Pushing image: registry.talkschool.cn:5000/brinnatt/metrics-server:v0.8.0
The push refers to repository [registry.talkschool.cn:5000/brinnatt/metrics-server]
a62778643d56: Layer already exists
7c12895b777b: Layer already exists
0bab15eea81d: Layer already exists
4eff9a62d888: Layer already exists
35d697fe2738: Layer already exists
da7816fa955e: Layer already exists
6b6c881bc207: Layer already exists
bfb59b82a9b6: Layer already exists
3214acf345c0: Layer already exists
5664b15f108b: Layer already exists
4aa0ea1413d3: Layer already exists
ddf74a63f7d8: Layer already exists
v0.8.0: digest: sha256:e876bd6d18055664b0076fe754294a31fa90afe6ab166361ebafd4a29b7ddae1 size: 2559
[2026-07-16 16:51:37] [INFO] [service.cluster.docker] [UPLOAD] Pushed successfully: registry.talkschool.cn:5000/brinnatt/metrics-server:v0.8.0
[2026-07-16 16:51:37] [INFO] [service.cluster.registry] [REGISTRY]   -> Done: brinnatt/metrics-server:v0.8.0.
[2026-07-16 16:51:37] [INFO] [service.cluster.registry] [REGISTRY] [7/7] Image: brinnatt/pause:3.10
[2026-07-16 16:51:37] [INFO] [service.cluster.registry] [REGISTRY]   -> Image exists locally; skipping pull.
[2026-07-16 16:51:37] [INFO] [service.cluster.registry] [REGISTRY]   -> Tagging and pushing to local registry.
[2026-07-16 16:51:37] [INFO] [service.cluster.docker] [UPLOAD] Pushing image: registry.talkschool.cn:5000/brinnatt/pause:3.10
The push refers to repository [registry.talkschool.cn:5000/brinnatt/pause]
61d9e957431b: Layer already exists
3.10: digest: sha256:e1fbfcf0e3ceb6101235f94a6c04a4022b10517b2ef9e07732bcd0fe1ed85318 size: 480
[2026-07-16 16:51:37] [INFO] [service.cluster.docker] [UPLOAD] Pushed successfully: registry.talkschool.cn:5000/brinnatt/pause:3.10
[2026-07-16 16:51:37] [INFO] [service.cluster.registry] [REGISTRY]   -> Done: brinnatt/pause:3.10.
[2026-07-16 16:51:37] [INFO] [service.cluster.registry] [REGISTRY] All 7 image(s) uploaded to local registry.
[2026-07-16 16:51:37] [INFO] [service.cluster.downloader] [DOWNLOAD] Default images: 7 image(s) uploaded to local registry.
[2026-07-16 16:51:38] [INFO] [service.cluster.downloader] [DOWNLOAD] Component flannel: uploading 2 image(s) to local registry.
[2026-07-16 16:51:38] [WARNING] [service.cluster.registry] [REGISTRY] Local registry already running; skipping.
[2026-07-16 16:51:38] [INFO] [service.cluster.registry] [REGISTRY] Uploading 2 image(s) to local registry.
[2026-07-16 16:51:38] [INFO] [service.cluster.registry] [REGISTRY] [1/2] Image: brinnatt/flannel:v0.28.4
[2026-07-16 16:51:38] [INFO] [service.cluster.registry] [REGISTRY]   -> Image exists locally; skipping pull.
[2026-07-16 16:51:38] [INFO] [service.cluster.registry] [REGISTRY]   -> Tagging and pushing to local registry.
[2026-07-16 16:51:38] [INFO] [service.cluster.docker] [UPLOAD] Pushing image: registry.talkschool.cn:5000/brinnatt/flannel:v0.28.4
The push refers to repository [registry.talkschool.cn:5000/brinnatt/flannel]
db08dd0324f1: Layer already exists
2d35ebdb57d9: Layer already exists
ce145e9c74fb: Layer already exists
9f3ec765d4f1: Layer already exists
ca7f1c6e17ed: Layer already exists
75c8aceaa98f: Layer already exists
ca5f5d2b9f8c: Layer already exists
e371a4a17a76: Layer already exists
4f4fb700ef54: Layer already exists
fcd700784854: Layer already exists
v0.28.4: digest: sha256:e1ec0114644cf38deb76ef749c15dc4af86e0eae631de22e94096687858db111 size: 2198
[2026-07-16 16:51:38] [INFO] [service.cluster.docker] [UPLOAD] Pushed successfully: registry.talkschool.cn:5000/brinnatt/flannel:v0.28.4
[2026-07-16 16:51:38] [INFO] [service.cluster.registry] [REGISTRY]   -> Done: brinnatt/flannel:v0.28.4.
[2026-07-16 16:51:38] [INFO] [service.cluster.registry] [REGISTRY] [2/2] Image: brinnatt/flannel-cni-plugin:v1.8.0-flannel1
[2026-07-16 16:51:38] [INFO] [service.cluster.registry] [REGISTRY]   -> Image exists locally; skipping pull.
[2026-07-16 16:51:38] [INFO] [service.cluster.registry] [REGISTRY]   -> Tagging and pushing to local registry.
[2026-07-16 16:51:38] [INFO] [service.cluster.docker] [UPLOAD] Pushing image: registry.talkschool.cn:5000/brinnatt/flannel-cni-plugin:v1.8.0-flannel1
The push refers to repository [registry.talkschool.cn:5000/brinnatt/flannel-cni-plugin]
6a25b7b79a48: Layer already exists
d62bb7eb03b5: Layer already exists
v1.8.0-flannel1: digest: sha256:0c23109797a87fe95e0d1938942dafc0258e1178ecd967a4dce18bc335b969b0 size: 672
[2026-07-16 16:51:38] [INFO] [service.cluster.docker] [UPLOAD] Pushed successfully: registry.talkschool.cn:5000/brinnatt/flannel-cni-plugin:v1.8.0-flannel1
[2026-07-16 16:51:38] [INFO] [service.cluster.registry] [REGISTRY]   -> Done: brinnatt/flannel-cni-plugin:v1.8.0-flannel1.
[2026-07-16 16:51:38] [INFO] [service.cluster.registry] [REGISTRY] All 2 image(s) uploaded to local registry.
[2026-07-16 16:51:38] [INFO] [service.cluster.downloader] [DOWNLOAD] Component flannel: 2 image(s) uploaded.
[2026-07-16 16:51:38] [INFO] [service.cluster.downloader] [DOWNLOAD] Cilium chart already present: /usr/local/kubeauto/roles/cilium/files/cilium-1.19.5.tgz
[2026-07-16 16:51:38] [INFO] [service.cluster.downloader] [DOWNLOAD] Cilium chart already present: /opt/kubeauto/roles/cilium/files/cilium-1.19.5.tgz
[2026-07-16 16:51:38] [INFO] [service.cluster.downloader] [DOWNLOAD] Component cilium: uploading 2 image(s) to local registry.
[2026-07-16 16:51:38] [WARNING] [service.cluster.registry] [REGISTRY] Local registry already running; skipping.
[2026-07-16 16:51:38] [INFO] [service.cluster.registry] [REGISTRY] Uploading 2 image(s) to local registry.
[2026-07-16 16:51:38] [INFO] [service.cluster.registry] [REGISTRY] [1/2] Image: brinnatt/cilium:v1.19.5
[2026-07-16 16:51:38] [INFO] [service.cluster.registry] [REGISTRY]   -> Image exists locally; skipping pull.
[2026-07-16 16:51:38] [INFO] [service.cluster.registry] [REGISTRY]   -> Tagging and pushing to local registry.
[2026-07-16 16:51:38] [INFO] [service.cluster.docker] [UPLOAD] Pushing image: registry.talkschool.cn:5000/brinnatt/cilium:v1.19.5
The push refers to repository [registry.talkschool.cn:5000/brinnatt/cilium]
d2874f470a40: Layer already exists
128f996d64d9: Layer already exists
cbaa7878f179: Layer already exists
eb745753a388: Layer already exists
9d79503a1aca: Layer already exists
b3ee32f37bb9: Layer already exists
v1.19.5: digest: sha256:0ed11ca6c0d02417588e14cd716571d7c4836d0bf93f5f49572cc03e3a64f938 size: 1491
[2026-07-16 16:51:38] [INFO] [service.cluster.docker] [UPLOAD] Pushed successfully: registry.talkschool.cn:5000/brinnatt/cilium:v1.19.5
[2026-07-16 16:51:38] [INFO] [service.cluster.registry] [REGISTRY]   -> Done: brinnatt/cilium:v1.19.5.
[2026-07-16 16:51:38] [INFO] [service.cluster.registry] [REGISTRY] [2/2] Image: brinnatt/cilium-operator-generic:v1.19.5
[2026-07-16 16:51:38] [INFO] [service.cluster.registry] [REGISTRY]   -> Image exists locally; skipping pull.
[2026-07-16 16:51:38] [INFO] [service.cluster.registry] [REGISTRY]   -> Tagging and pushing to local registry.
[2026-07-16 16:51:38] [INFO] [service.cluster.docker] [UPLOAD] Pushing image: registry.talkschool.cn:5000/brinnatt/cilium-operator-generic:v1.19.5
The push refers to repository [registry.talkschool.cn:5000/brinnatt/cilium-operator-generic]
1458643bb809: Layer already exists
aa79f4dd9ad4: Layer already exists
b2742345cc8c: Layer already exists
8d1e56505821: Layer already exists
13d6a44ac649: Layer already exists
v1.19.5: digest: sha256:68a56c4965677a77c143e83953aad7963b489d4333851c0da4c95a3edcadfd05 size: 1289
[2026-07-16 16:51:38] [INFO] [service.cluster.docker] [UPLOAD] Pushed successfully: registry.talkschool.cn:5000/brinnatt/cilium-operator-generic:v1.19.5
[2026-07-16 16:51:38] [INFO] [service.cluster.registry] [REGISTRY]   -> Done: brinnatt/cilium-operator-generic:v1.19.5.
[2026-07-16 16:51:38] [INFO] [service.cluster.registry] [REGISTRY] All 2 image(s) uploaded to local registry.
[2026-07-16 16:51:38] [INFO] [service.cluster.downloader] [DOWNLOAD] Component cilium: 2 image(s) uploaded.
[2026-07-16 16:51:39] [INFO] [service.cluster.downloader] [DOWNLOAD] Component kube-router: uploading 1 image(s) to local registry.
[2026-07-16 16:51:39] [WARNING] [service.cluster.registry] [REGISTRY] Local registry already running; skipping.
[2026-07-16 16:51:39] [INFO] [service.cluster.registry] [REGISTRY] Uploading 1 image(s) to local registry.
[2026-07-16 16:51:39] [INFO] [service.cluster.registry] [REGISTRY] [1/1] Image: brinnatt/kube-router:v1.5.4
[2026-07-16 16:51:39] [INFO] [service.cluster.registry] [REGISTRY]   -> Image exists locally; skipping pull.
[2026-07-16 16:51:39] [INFO] [service.cluster.registry] [REGISTRY]   -> Tagging and pushing to local registry.
[2026-07-16 16:51:39] [INFO] [service.cluster.docker] [UPLOAD] Pushing image: registry.talkschool.cn:5000/brinnatt/kube-router:v1.5.4
The push refers to repository [registry.talkschool.cn:5000/brinnatt/kube-router]
cc601122339c: Layer already exists
4f4fb700ef54: Layer already exists
c19489d47283: Layer already exists
91d30c5bc195: Layer already exists
c1b9b7ded3a1: Layer already exists
72d12330d140: Layer already exists
aaf79513865c: Layer already exists
4809873bd457: Layer already exists
3e1971afce2f: Layer already exists
60ae402a96ac: Layer already exists
64ace1c2c8da: Layer already exists
v1.5.4: digest: sha256:c43be00cbc586d919bd320d3b7df0802af0c7cae53ef945386e946738dd52c0a size: 2371
[2026-07-16 16:51:39] [INFO] [service.cluster.docker] [UPLOAD] Pushed successfully: registry.talkschool.cn:5000/brinnatt/kube-router:v1.5.4
[2026-07-16 16:51:39] [INFO] [service.cluster.registry] [REGISTRY]   -> Done: brinnatt/kube-router:v1.5.4.
[2026-07-16 16:51:39] [INFO] [service.cluster.registry] [REGISTRY] All 1 image(s) uploaded to local registry.
[2026-07-16 16:51:39] [INFO] [service.cluster.downloader] [DOWNLOAD] Component kube-router: 1 image(s) uploaded.
[2026-07-16 16:51:39] [INFO] [service.cluster.downloader] [DOWNLOAD] Component kube-ovn: uploading 1 image(s) to local registry.
[2026-07-16 16:51:39] [WARNING] [service.cluster.registry] [REGISTRY] Local registry already running; skipping.
[2026-07-16 16:51:39] [INFO] [service.cluster.registry] [REGISTRY] Uploading 1 image(s) to local registry.
[2026-07-16 16:51:39] [INFO] [service.cluster.registry] [REGISTRY] [1/1] Image: brinnatt/kube-ovn:v1.11.5
[2026-07-16 16:51:39] [INFO] [service.cluster.registry] [REGISTRY]   -> Image exists locally; skipping pull.
[2026-07-16 16:51:39] [INFO] [service.cluster.registry] [REGISTRY]   -> Tagging and pushing to local registry.
[2026-07-16 16:51:39] [INFO] [service.cluster.docker] [UPLOAD] Pushing image: registry.talkschool.cn:5000/brinnatt/kube-ovn:v1.11.5
The push refers to repository [registry.talkschool.cn:5000/brinnatt/kube-ovn]
285561cbb674: Layer already exists
c30f1dfab40c: Layer already exists
4f4fb700ef54: Layer already exists
8aabde30ef56: Layer already exists
4286c028a271: Layer already exists
b36e97d68398: Layer already exists
56c290952557: Layer already exists
46c6e78017e0: Layer already exists
8ea86c07cc57: Layer already exists
c77972f50a8e: Layer already exists
33bb8c651634: Layer already exists
9e2a64fad22f: Layer already exists
56cfedd6b881: Layer already exists
a3dcb01160b8: Layer already exists
99b2398d837c: Layer already exists
a26a78ca9e42: Layer already exists
1bc677758ad7: Layer already exists
e12609f3985c: Layer already exists
339e77d287fe: Layer already exists
v1.11.5: digest: sha256:4908751f3cb08f53c2bef0b95637f6e8ead43a046eb18244ce254c26013ab428 size: 4288
[2026-07-16 16:51:39] [INFO] [service.cluster.docker] [UPLOAD] Pushed successfully: registry.talkschool.cn:5000/brinnatt/kube-ovn:v1.11.5
[2026-07-16 16:51:39] [INFO] [service.cluster.registry] [REGISTRY]   -> Done: brinnatt/kube-ovn:v1.11.5.
[2026-07-16 16:51:39] [INFO] [service.cluster.registry] [REGISTRY] All 1 image(s) uploaded to local registry.
[2026-07-16 16:51:39] [INFO] [service.cluster.downloader] [DOWNLOAD] Component kube-ovn: 1 image(s) uploaded.
[2026-07-16 16:51:40] [INFO] [service.cluster.downloader] [DOWNLOAD] Component prometheus: uploading 9 image(s) to local registry.
[2026-07-16 16:51:40] [WARNING] [service.cluster.registry] [REGISTRY] Local registry already running; skipping.
[2026-07-16 16:51:40] [INFO] [service.cluster.registry] [REGISTRY] Uploading 9 image(s) to local registry.
[2026-07-16 16:51:40] [INFO] [service.cluster.registry] [REGISTRY] [1/9] Image: brinnatt/kube-state-metrics:v2.16.0
[2026-07-16 16:51:40] [INFO] [service.cluster.registry] [REGISTRY]   -> Image exists locally; skipping pull.
[2026-07-16 16:51:40] [INFO] [service.cluster.registry] [REGISTRY]   -> Tagging and pushing to local registry.
[2026-07-16 16:51:40] [INFO] [service.cluster.docker] [UPLOAD] Pushing image: registry.talkschool.cn:5000/brinnatt/kube-state-metrics:v2.16.0
The push refers to repository [registry.talkschool.cn:5000/brinnatt/kube-state-metrics]
4a9e6ef411a5: Layer already exists
35d697fe2738: Layer already exists
0bab15eea81d: Layer already exists
4eff9a62d888: Layer already exists
da7816fa955e: Layer already exists
ddf74a63f7d8: Layer already exists
bfb59b82a9b6: Layer already exists
5664b15f108b: Layer already exists
a62778643d56: Layer already exists
7c12895b777b: Layer already exists
3214acf345c0: Layer already exists
4aa0ea1413d3: Layer already exists
v2.16.0: digest: sha256:41c177e5e196375b7ded5f70de2dcbd8bab631577cfa887fda4f06ec7fc616c5 size: 2559
[2026-07-16 16:51:40] [INFO] [service.cluster.docker] [UPLOAD] Pushed successfully: registry.talkschool.cn:5000/brinnatt/kube-state-metrics:v2.16.0
[2026-07-16 16:51:40] [INFO] [service.cluster.registry] [REGISTRY]   -> Done: brinnatt/kube-state-metrics:v2.16.0.
[2026-07-16 16:51:40] [INFO] [service.cluster.registry] [REGISTRY] [2/9] Image: brinnatt/kube-webhook-certgen:v1.6.0
[2026-07-16 16:51:40] [INFO] [service.cluster.registry] [REGISTRY]   -> Image exists locally; skipping pull.
[2026-07-16 16:51:40] [INFO] [service.cluster.registry] [REGISTRY]   -> Tagging and pushing to local registry.
[2026-07-16 16:51:40] [INFO] [service.cluster.docker] [UPLOAD] Pushing image: registry.talkschool.cn:5000/brinnatt/kube-webhook-certgen:v1.6.0
The push refers to repository [registry.talkschool.cn:5000/brinnatt/kube-webhook-certgen]
35d697fe2738: Layer already exists
bfb59b82a9b6: Layer already exists
4eff9a62d888: Layer already exists
a62778643d56: Layer already exists
da7816fa955e: Layer already exists
0bab15eea81d: Layer already exists
ddf74a63f7d8: Layer already exists
26abf4975087: Layer already exists
7c12895b777b: Layer already exists
3214acf345c0: Layer already exists
5664b15f108b: Layer already exists
4aa0ea1413d3: Layer already exists
v1.6.0: digest: sha256:34a1f73cb6b774bf88665f6b9f6ab5da58d989a4a6f92e890c82e0fb97183306 size: 2559
[2026-07-16 16:51:40] [INFO] [service.cluster.docker] [UPLOAD] Pushed successfully: registry.talkschool.cn:5000/brinnatt/kube-webhook-certgen:v1.6.0
[2026-07-16 16:51:40] [INFO] [service.cluster.registry] [REGISTRY]   -> Done: brinnatt/kube-webhook-certgen:v1.6.0.
[2026-07-16 16:51:40] [INFO] [service.cluster.registry] [REGISTRY] [3/9] Image: brinnatt/grafana:12.0.2
[2026-07-16 16:51:40] [INFO] [service.cluster.registry] [REGISTRY]   -> Image exists locally; skipping pull.
[2026-07-16 16:51:40] [INFO] [service.cluster.registry] [REGISTRY]   -> Tagging and pushing to local registry.
[2026-07-16 16:51:40] [INFO] [service.cluster.docker] [UPLOAD] Pushing image: registry.talkschool.cn:5000/brinnatt/grafana:12.0.2
The push refers to repository [registry.talkschool.cn:5000/brinnatt/grafana]
30bb92ff0608: Layer already exists
807a2e881ecd: Layer already exists
9183b65e90ee: Layer already exists
4a4d0948b0bf: Layer already exists
f18232174bc9: Layer already exists
04f6155c873d: Layer already exists
85dde7dceb0a: Layer already exists
7009d5001b77: Layer already exists
3f8d5c908dcc: Layer already exists
538deb30e80c: Layer already exists
12.0.2: digest: sha256:fe89b739a264c78f2111d68221a1d51db67135ec50885dc93b59a981a7a5d4d5 size: 2417
[2026-07-16 16:51:40] [INFO] [service.cluster.docker] [UPLOAD] Pushed successfully: registry.talkschool.cn:5000/brinnatt/grafana:12.0.2
[2026-07-16 16:51:40] [INFO] [service.cluster.registry] [REGISTRY]   -> Done: brinnatt/grafana:12.0.2.
[2026-07-16 16:51:40] [INFO] [service.cluster.registry] [REGISTRY] [4/9] Image: brinnatt/k8s-sidecar:1.30.5
[2026-07-16 16:51:40] [INFO] [service.cluster.registry] [REGISTRY]   -> Image exists locally; skipping pull.
[2026-07-16 16:51:40] [INFO] [service.cluster.registry] [REGISTRY]   -> Tagging and pushing to local registry.
[2026-07-16 16:51:40] [INFO] [service.cluster.docker] [UPLOAD] Pushing image: registry.talkschool.cn:5000/brinnatt/k8s-sidecar:1.30.5
The push refers to repository [registry.talkschool.cn:5000/brinnatt/k8s-sidecar]
6886907de79c: Layer already exists
f18232174bc9: Layer already exists
84470aa48fb7: Layer already exists
cc45a8055a8b: Layer already exists
bfc934c9fbaf: Layer already exists
b83c0d8b8ec1: Layer already exists
1.30.5: digest: sha256:b67b51f394c7ae336aa2fcd624e343dbea6e3f2073081e267d50c82d512c5762 size: 1432
[2026-07-16 16:51:40] [INFO] [service.cluster.docker] [UPLOAD] Pushed successfully: registry.talkschool.cn:5000/brinnatt/k8s-sidecar:1.30.5
[2026-07-16 16:51:40] [INFO] [service.cluster.registry] [REGISTRY]   -> Done: brinnatt/k8s-sidecar:1.30.5.
[2026-07-16 16:51:40] [INFO] [service.cluster.registry] [REGISTRY] [5/9] Image: brinnatt/prometheus-config-reloader:v0.83.0
[2026-07-16 16:51:40] [INFO] [service.cluster.registry] [REGISTRY]   -> Image exists locally; skipping pull.
[2026-07-16 16:51:40] [INFO] [service.cluster.registry] [REGISTRY]   -> Tagging and pushing to local registry.
[2026-07-16 16:51:40] [INFO] [service.cluster.docker] [UPLOAD] Pushing image: registry.talkschool.cn:5000/brinnatt/prometheus-config-reloader:v0.83.0
The push refers to repository [registry.talkschool.cn:5000/brinnatt/prometheus-config-reloader]
47b9a888258b: Layer already exists
9fa9226be034: Layer already exists
1617e25568b2: Layer already exists
v0.83.0: digest: sha256:76fa11618538bd3bb1ca58c80fea54aaea1af05bacef2a830df36138589f8243 size: 949
[2026-07-16 16:51:40] [INFO] [service.cluster.docker] [UPLOAD] Pushed successfully: registry.talkschool.cn:5000/brinnatt/prometheus-config-reloader:v0.83.0
[2026-07-16 16:51:40] [INFO] [service.cluster.registry] [REGISTRY]   -> Done: brinnatt/prometheus-config-reloader:v0.83.0.
[2026-07-16 16:51:40] [INFO] [service.cluster.registry] [REGISTRY] [6/9] Image: brinnatt/prometheus-operator:v0.83.0
[2026-07-16 16:51:40] [INFO] [service.cluster.registry] [REGISTRY]   -> Image exists locally; skipping pull.
[2026-07-16 16:51:40] [INFO] [service.cluster.registry] [REGISTRY]   -> Tagging and pushing to local registry.
[2026-07-16 16:51:40] [INFO] [service.cluster.docker] [UPLOAD] Pushing image: registry.talkschool.cn:5000/brinnatt/prometheus-operator:v0.83.0
The push refers to repository [registry.talkschool.cn:5000/brinnatt/prometheus-operator]
fa4e7c59a0d4: Layer already exists
9fa9226be034: Layer already exists
1617e25568b2: Layer already exists
v0.83.0: digest: sha256:45e3523bc3be67499af00b3a1528b1b94d8261c1a67c6d51473d6e4607a02a6c size: 949
[2026-07-16 16:51:40] [INFO] [service.cluster.docker] [UPLOAD] Pushed successfully: registry.talkschool.cn:5000/brinnatt/prometheus-operator:v0.83.0
[2026-07-16 16:51:40] [INFO] [service.cluster.registry] [REGISTRY]   -> Done: brinnatt/prometheus-operator:v0.83.0.
[2026-07-16 16:51:40] [INFO] [service.cluster.registry] [REGISTRY] [7/9] Image: brinnatt/alertmanager:v0.28.1
[2026-07-16 16:51:40] [INFO] [service.cluster.registry] [REGISTRY]   -> Image exists locally; skipping pull.
[2026-07-16 16:51:40] [INFO] [service.cluster.registry] [REGISTRY]   -> Tagging and pushing to local registry.
[2026-07-16 16:51:40] [INFO] [service.cluster.docker] [UPLOAD] Pushing image: registry.talkschool.cn:5000/brinnatt/alertmanager:v0.28.1
The push refers to repository [registry.talkschool.cn:5000/brinnatt/alertmanager]
545c14a5a415: Layer already exists
4f4fb700ef54: Layer already exists
1617e25568b2: Layer already exists
9fa9226be034: Layer already exists
6fcbfeb5877c: Layer already exists
a9c7f41169bf: Layer already exists
5759234535c5: Layer already exists
v0.28.1: digest: sha256:220da6995a919b9ee6e0d3da7ca5f09802f3088007af56be22160314d2485b54 size: 1781
[2026-07-16 16:51:40] [INFO] [service.cluster.docker] [UPLOAD] Pushed successfully: registry.talkschool.cn:5000/brinnatt/alertmanager:v0.28.1
[2026-07-16 16:51:40] [INFO] [service.cluster.registry] [REGISTRY]   -> Done: brinnatt/alertmanager:v0.28.1.
[2026-07-16 16:51:40] [INFO] [service.cluster.registry] [REGISTRY] [8/9] Image: brinnatt/node-exporter:v1.9.1
[2026-07-16 16:51:40] [INFO] [service.cluster.registry] [REGISTRY]   -> Image exists locally; skipping pull.
[2026-07-16 16:51:40] [INFO] [service.cluster.registry] [REGISTRY]   -> Tagging and pushing to local registry.
[2026-07-16 16:51:40] [INFO] [service.cluster.docker] [UPLOAD] Pushing image: registry.talkschool.cn:5000/brinnatt/node-exporter:v1.9.1
The push refers to repository [registry.talkschool.cn:5000/brinnatt/node-exporter]
9fa9226be034: Layer already exists
1617e25568b2: Layer already exists
c6e37428e3b3: Layer already exists
v1.9.1: digest: sha256:863b62ff9f392b6f472e22b4b670ad1cabb66b3042502ebd4b2cd192733e1bce size: 949
[2026-07-16 16:51:40] [INFO] [service.cluster.docker] [UPLOAD] Pushed successfully: registry.talkschool.cn:5000/brinnatt/node-exporter:v1.9.1
[2026-07-16 16:51:40] [INFO] [service.cluster.registry] [REGISTRY]   -> Done: brinnatt/node-exporter:v1.9.1.
[2026-07-16 16:51:40] [INFO] [service.cluster.registry] [REGISTRY] [9/9] Image: brinnatt/prometheus:v3.4.2
[2026-07-16 16:51:40] [INFO] [service.cluster.registry] [REGISTRY]   -> Image exists locally; skipping pull.
[2026-07-16 16:51:40] [INFO] [service.cluster.registry] [REGISTRY]   -> Tagging and pushing to local registry.
[2026-07-16 16:51:40] [INFO] [service.cluster.docker] [UPLOAD] Pushing image: registry.talkschool.cn:5000/brinnatt/prometheus:v3.4.2
The push refers to repository [registry.talkschool.cn:5000/brinnatt/prometheus]
1617e25568b2: Layer already exists
0185f950e16a: Layer already exists
158b50c376bf: Layer already exists
d8261d2395d6: Layer already exists
ab5dc859c1b7: Layer already exists
4d90f494fa79: Layer already exists
9fa9226be034: Layer already exists
7bde2424dadc: Layer already exists
d809dcb8449d: Layer already exists
f1456f6dac0f: Layer already exists
v3.4.2: digest: sha256:2c937b95147c9aaf349447df2ba88066977461815e2c6c91e4011d05871ca2ac size: 2407
[2026-07-16 16:51:40] [INFO] [service.cluster.docker] [UPLOAD] Pushed successfully: registry.talkschool.cn:5000/brinnatt/prometheus:v3.4.2
[2026-07-16 16:51:40] [INFO] [service.cluster.registry] [REGISTRY]   -> Done: brinnatt/prometheus:v3.4.2.
[2026-07-16 16:51:40] [INFO] [service.cluster.registry] [REGISTRY] All 9 image(s) uploaded to local registry.
[2026-07-16 16:51:40] [INFO] [service.cluster.downloader] [DOWNLOAD] Component prometheus: 9 image(s) uploaded.
[2026-07-16 16:51:41] [INFO] [service.cluster.downloader] [DOWNLOAD] Component ingress-nginx: uploading 2 image(s) to local registry.
[2026-07-16 16:51:41] [WARNING] [service.cluster.registry] [REGISTRY] Local registry already running; skipping.
[2026-07-16 16:51:41] [INFO] [service.cluster.registry] [REGISTRY] Uploading 2 image(s) to local registry.
[2026-07-16 16:51:41] [INFO] [service.cluster.registry] [REGISTRY] [1/2] Image: brinnatt/ingress-nginx-controller:v1.13.0
[2026-07-16 16:51:41] [INFO] [service.cluster.registry] [REGISTRY]   -> Image exists locally; skipping pull.
[2026-07-16 16:51:41] [INFO] [service.cluster.registry] [REGISTRY]   -> Tagging and pushing to local registry.
[2026-07-16 16:51:41] [INFO] [service.cluster.docker] [UPLOAD] Pushing image: registry.talkschool.cn:5000/brinnatt/ingress-nginx-controller:v1.13.0
The push refers to repository [registry.talkschool.cn:5000/brinnatt/ingress-nginx-controller]
eb0bce10586c: Layer already exists
d0bf9173b39f: Layer already exists
38225cdca9ae: Layer already exists
e2bae788857d: Layer already exists
5fff234cea05: Layer already exists
343e8ebaacc6: Layer already exists
d545398b05ca: Layer already exists
a49e44849945: Layer already exists
fe07684b16b8: Layer already exists
40a4d6e5f956: Layer already exists
4f4fb700ef54: Layer already exists
89219ac6a07a: Layer already exists
aaae1dcb40f7: Layer already exists
69ab8b455ef3: Layer already exists
1bc4a1a64c13: Layer already exists
v1.13.0: digest: sha256:847e9d07496a0585933c40afdfe3a6125766f8f2479ca5156de8ba18c72ce05a size: 3154
[2026-07-16 16:51:41] [INFO] [service.cluster.docker] [UPLOAD] Pushed successfully: registry.talkschool.cn:5000/brinnatt/ingress-nginx-controller:v1.13.0
[2026-07-16 16:51:41] [INFO] [service.cluster.registry] [REGISTRY]   -> Done: brinnatt/ingress-nginx-controller:v1.13.0.
[2026-07-16 16:51:41] [INFO] [service.cluster.registry] [REGISTRY] [2/2] Image: brinnatt/kube-webhook-certgen:v1.6.0
[2026-07-16 16:51:41] [INFO] [service.cluster.registry] [REGISTRY]   -> Image exists locally; skipping pull.
[2026-07-16 16:51:41] [INFO] [service.cluster.registry] [REGISTRY]   -> Tagging and pushing to local registry.
[2026-07-16 16:51:41] [INFO] [service.cluster.docker] [UPLOAD] Pushing image: registry.talkschool.cn:5000/brinnatt/kube-webhook-certgen:v1.6.0
The push refers to repository [registry.talkschool.cn:5000/brinnatt/kube-webhook-certgen]
bfb59b82a9b6: Layer already exists
4eff9a62d888: Layer already exists
4aa0ea1413d3: Layer already exists
0bab15eea81d: Layer already exists
da7816fa955e: Layer already exists
ddf74a63f7d8: Layer already exists
26abf4975087: Layer already exists
7c12895b777b: Layer already exists
35d697fe2738: Layer already exists
a62778643d56: Layer already exists
5664b15f108b: Layer already exists
3214acf345c0: Layer already exists
v1.6.0: digest: sha256:34a1f73cb6b774bf88665f6b9f6ab5da58d989a4a6f92e890c82e0fb97183306 size: 2559
[2026-07-16 16:51:41] [INFO] [service.cluster.docker] [UPLOAD] Pushed successfully: registry.talkschool.cn:5000/brinnatt/kube-webhook-certgen:v1.6.0
[2026-07-16 16:51:41] [INFO] [service.cluster.registry] [REGISTRY]   -> Done: brinnatt/kube-webhook-certgen:v1.6.0.
[2026-07-16 16:51:41] [INFO] [service.cluster.registry] [REGISTRY] All 2 image(s) uploaded to local registry.
[2026-07-16 16:51:41] [INFO] [service.cluster.downloader] [DOWNLOAD] Component ingress-nginx: 2 image(s) uploaded.
[2026-07-16 16:51:41] [INFO] [service.cluster.downloader] [DOWNLOAD] Component network-check: uploading 2 image(s) to local registry.
[2026-07-16 16:51:41] [WARNING] [service.cluster.registry] [REGISTRY] Local registry already running; skipping.
[2026-07-16 16:51:41] [INFO] [service.cluster.registry] [REGISTRY] Uploading 2 image(s) to local registry.
[2026-07-16 16:51:41] [INFO] [service.cluster.registry] [REGISTRY] [1/2] Image: brinnatt/json-mock:v1.3.0
[2026-07-16 16:51:41] [INFO] [service.cluster.registry] [REGISTRY]   -> Image exists locally; skipping pull.
[2026-07-16 16:51:41] [INFO] [service.cluster.registry] [REGISTRY]   -> Tagging and pushing to local registry.
[2026-07-16 16:51:41] [INFO] [service.cluster.docker] [UPLOAD] Pushing image: registry.talkschool.cn:5000/brinnatt/json-mock:v1.3.0
The push refers to repository [registry.talkschool.cn:5000/brinnatt/json-mock]
0848f0866187: Layer already exists
acccdbe681a8: Layer already exists
bd159e379b3b: Layer already exists
154e3758048b: Layer already exists
3ff9b6766882: Layer already exists
7cdf3f03665b: Layer already exists
a563244f6661: Layer already exists
v1.3.0: digest: sha256:282bfd7d1709c6c08f9a44db9e04fe7f0be9147f880b8f2a01a21a6f0e673586 size: 1625
[2026-07-16 16:51:41] [INFO] [service.cluster.docker] [UPLOAD] Pushed successfully: registry.talkschool.cn:5000/brinnatt/json-mock:v1.3.0
[2026-07-16 16:51:41] [INFO] [service.cluster.registry] [REGISTRY]   -> Done: brinnatt/json-mock:v1.3.0.
[2026-07-16 16:51:41] [INFO] [service.cluster.registry] [REGISTRY] [2/2] Image: brinnatt/alpine-curl:v7.85.0
[2026-07-16 16:51:41] [INFO] [service.cluster.registry] [REGISTRY]   -> Image exists locally; skipping pull.
[2026-07-16 16:51:41] [INFO] [service.cluster.registry] [REGISTRY]   -> Tagging and pushing to local registry.
[2026-07-16 16:51:41] [INFO] [service.cluster.docker] [UPLOAD] Pushing image: registry.talkschool.cn:5000/brinnatt/alpine-curl:v7.85.0
The push refers to repository [registry.talkschool.cn:5000/brinnatt/alpine-curl]
505a4470f1d8: Layer already exists
1b7ca6aea1dd: Layer already exists
ce313c0d90c0: Layer already exists
v7.85.0: digest: sha256:b79b171cc1640981afcc42606950c157505380d0dcf791a4a2318c23cd6cdd49 size: 861
[2026-07-16 16:51:41] [INFO] [service.cluster.docker] [UPLOAD] Pushed successfully: registry.talkschool.cn:5000/brinnatt/alpine-curl:v7.85.0
[2026-07-16 16:51:41] [INFO] [service.cluster.registry] [REGISTRY]   -> Done: brinnatt/alpine-curl:v7.85.0.
[2026-07-16 16:51:41] [INFO] [service.cluster.registry] [REGISTRY] All 2 image(s) uploaded to local registry.
[2026-07-16 16:51:41] [INFO] [service.cluster.downloader] [DOWNLOAD] Component network-check: 2 image(s) uploaded.
[2026-07-16 16:51:42] [INFO] [service.cluster.downloader] [DOWNLOAD] Component local-path-provisioner: uploading 1 image(s) to local registry.
[2026-07-16 16:51:42] [WARNING] [service.cluster.registry] [REGISTRY] Local registry already running; skipping.
[2026-07-16 16:51:42] [INFO] [service.cluster.registry] [REGISTRY] Uploading 1 image(s) to local registry.
[2026-07-16 16:51:42] [INFO] [service.cluster.registry] [REGISTRY] [1/1] Image: brinnatt/local-path-provisioner:v0.0.31
[2026-07-16 16:51:42] [INFO] [service.cluster.registry] [REGISTRY]   -> Image exists locally; skipping pull.
[2026-07-16 16:51:42] [INFO] [service.cluster.registry] [REGISTRY]   -> Tagging and pushing to local registry.
[2026-07-16 16:51:42] [INFO] [service.cluster.docker] [UPLOAD] Pushing image: registry.talkschool.cn:5000/brinnatt/local-path-provisioner:v0.0.31
The push refers to repository [registry.talkschool.cn:5000/brinnatt/local-path-provisioner]
7224f93b8122: Layer already exists
4f4fb700ef54: Layer already exists
7b714dc9e881: Layer already exists
1f3e46996e29: Layer already exists
650aaab400b8: Layer already exists
v0.0.31: digest: sha256:5fb0394abf87407a27cc56db94334eb0c92d0b5de2636683a7ec51f38143dfc9 size: 1244
[2026-07-16 16:51:42] [INFO] [service.cluster.docker] [UPLOAD] Pushed successfully: registry.talkschool.cn:5000/brinnatt/local-path-provisioner:v0.0.31
[2026-07-16 16:51:42] [INFO] [service.cluster.registry] [REGISTRY]   -> Done: brinnatt/local-path-provisioner:v0.0.31.
[2026-07-16 16:51:42] [INFO] [service.cluster.registry] [REGISTRY] All 1 image(s) uploaded to local registry.
[2026-07-16 16:51:42] [INFO] [service.cluster.downloader] [DOWNLOAD] Component local-path-provisioner: 1 image(s) uploaded.
IMG_PREP_147_OK
[skip] brinnatt/calico-cni:v3.28.4
[skip] brinnatt/calico-node:v3.28.4
[skip] brinnatt/calico-kube-controllers:v3.28.4
[skip] brinnatt/coredns:1.12.4
[skip] brinnatt/registry:2
[skip] brinnatt/pause:3.10
[skip] brinnatt/metrics-server:v0.8.0
[skip] brinnatt/k8s-dns-node-cache:1.26.4
BOOTSTRAP_BRINATT_OK mode=defaults fails=0
[2026-07-16 16:51:43] [INFO] [service.cluster.downloader] [DOWNLOAD] Default images: uploading 7 image(s) to local registry.
[2026-07-16 16:51:43] [WARNING] [service.cluster.registry] [REGISTRY] Local registry already running; skipping.
[2026-07-16 16:51:43] [INFO] [service.cluster.registry] [REGISTRY] Uploading 7 image(s) to local registry.
[2026-07-16 16:51:43] [INFO] [service.cluster.registry] [REGISTRY] [1/7] Image: brinnatt/calico-cni:v3.28.4
[2026-07-16 16:51:43] [INFO] [service.cluster.registry] [REGISTRY]   -> Image exists locally; skipping pull.
[2026-07-16 16:51:43] [INFO] [service.cluster.registry] [REGISTRY]   -> Tagging and pushing to local registry.
[2026-07-16 16:51:43] [INFO] [service.cluster.docker] [UPLOAD] Pushing image: registry.talkschool.cn:5000/brinnatt/calico-cni:v3.28.4
The push refers to repository [registry.talkschool.cn:5000/brinnatt/calico-cni]
5f70bf18a086: Preparing
4de9eb0e9294: Preparing
86065ae9ccaa: Preparing
5f70bf18a086: Layer already exists
4de9eb0e9294: Layer already exists
86065ae9ccaa: Layer already exists
v3.28.4: digest: sha256:55818ec0c4bdfc1467805659b04eeddefc7c8539e192944c4141d4363a8fab4e size: 946
[2026-07-16 16:51:43] [INFO] [service.cluster.docker] [UPLOAD] Pushed successfully: registry.talkschool.cn:5000/brinnatt/calico-cni:v3.28.4
[2026-07-16 16:51:43] [INFO] [service.cluster.registry] [REGISTRY]   -> Done: brinnatt/calico-cni:v3.28.4.
[2026-07-16 16:51:43] [INFO] [service.cluster.registry] [REGISTRY] [2/7] Image: brinnatt/calico-kube-controllers:v3.28.4
[2026-07-16 16:51:43] [INFO] [service.cluster.registry] [REGISTRY]   -> Image exists locally; skipping pull.
[2026-07-16 16:51:43] [INFO] [service.cluster.registry] [REGISTRY]   -> Tagging and pushing to local registry.
[2026-07-16 16:51:43] [INFO] [service.cluster.docker] [UPLOAD] Pushing image: registry.talkschool.cn:5000/brinnatt/calico-kube-controllers:v3.28.4
The push refers to repository [registry.talkschool.cn:5000/brinnatt/calico-kube-controllers]
eeda6dac98fd: Preparing
86065ae9ccaa: Preparing
86065ae9ccaa: Layer already exists
eeda6dac98fd: Layer already exists
v3.28.4: digest: sha256:1c07cc091d70a525b305e84c3c83086046b71875fb07ffafb8154301cde1f2ee size: 740
[2026-07-16 16:51:43] [INFO] [service.cluster.docker] [UPLOAD] Pushed successfully: registry.talkschool.cn:5000/brinnatt/calico-kube-controllers:v3.28.4
[2026-07-16 16:51:43] [INFO] [service.cluster.registry] [REGISTRY]   -> Done: brinnatt/calico-kube-controllers:v3.28.4.
[2026-07-16 16:51:43] [INFO] [service.cluster.registry] [REGISTRY] [3/7] Image: brinnatt/calico-node:v3.28.4
[2026-07-16 16:51:43] [INFO] [service.cluster.registry] [REGISTRY]   -> Image exists locally; skipping pull.
[2026-07-16 16:51:43] [INFO] [service.cluster.registry] [REGISTRY]   -> Tagging and pushing to local registry.
[2026-07-16 16:51:43] [INFO] [service.cluster.docker] [UPLOAD] Pushing image: registry.talkschool.cn:5000/brinnatt/calico-node:v3.28.4
The push refers to repository [registry.talkschool.cn:5000/brinnatt/calico-node]
c679b3382fdd: Preparing
c679b3382fdd: Layer already exists
v3.28.4: digest: sha256:cec640f3131eb91fece8b7dc14f5241b5192fe7faa107f91e2497c09332b96c8 size: 530
[2026-07-16 16:51:43] [INFO] [service.cluster.docker] [UPLOAD] Pushed successfully: registry.talkschool.cn:5000/brinnatt/calico-node:v3.28.4
[2026-07-16 16:51:43] [INFO] [service.cluster.registry] [REGISTRY]   -> Done: brinnatt/calico-node:v3.28.4.
[2026-07-16 16:51:43] [INFO] [service.cluster.registry] [REGISTRY] [4/7] Image: brinnatt/coredns:1.12.4
[2026-07-16 16:51:43] [INFO] [service.cluster.registry] [REGISTRY]   -> Image exists locally; skipping pull.
[2026-07-16 16:51:43] [INFO] [service.cluster.registry] [REGISTRY]   -> Tagging and pushing to local registry.
[2026-07-16 16:51:43] [INFO] [service.cluster.docker] [UPLOAD] Pushing image: registry.talkschool.cn:5000/brinnatt/coredns:1.12.4
The push refers to repository [registry.talkschool.cn:5000/brinnatt/coredns]
44925e5e2cc9: Preparing
54559abf8a8c: Preparing
bfe9137a1b04: Preparing
f4aee9e53c42: Preparing
1a73b54f556b: Preparing
2a92d6ac9e4f: Preparing
bbb6cacb8c82: Preparing
6f1cdceb6a31: Preparing
af5aa97ebe6c: Preparing
4d049f83d9cf: Preparing
114dde0fefeb: Preparing
4840c7c54023: Preparing
8fa10c0194df: Preparing
bff7f7a9d443: Preparing
2a92d6ac9e4f: Waiting
bbb6cacb8c82: Waiting
6f1cdceb6a31: Waiting
af5aa97ebe6c: Waiting
4d049f83d9cf: Waiting
114dde0fefeb: Waiting
4840c7c54023: Waiting
8fa10c0194df: Waiting
bff7f7a9d443: Waiting
1a73b54f556b: Layer already exists
54559abf8a8c: Layer already exists
44925e5e2cc9: Layer already exists
6f1cdceb6a31: Layer already exists
bbb6cacb8c82: Layer already exists
2a92d6ac9e4f: Layer already exists
bfe9137a1b04: Layer already exists
f4aee9e53c42: Layer already exists
114dde0fefeb: Layer already exists
8fa10c0194df: Layer already exists
4d049f83d9cf: Layer already exists
bff7f7a9d443: Layer already exists
af5aa97ebe6c: Layer already exists
4840c7c54023: Layer already exists
1.12.4: digest: sha256:5fe4ce2f40fba78ebd7941f205d5ba21058e6aebff00878325f3f2645d9d465c size: 3233
[2026-07-16 16:51:43] [INFO] [service.cluster.docker] [UPLOAD] Pushed successfully: registry.talkschool.cn:5000/brinnatt/coredns:1.12.4
[2026-07-16 16:51:43] [INFO] [service.cluster.registry] [REGISTRY]   -> Done: brinnatt/coredns:1.12.4.
[2026-07-16 16:51:43] [INFO] [service.cluster.registry] [REGISTRY] [5/7] Image: brinnatt/k8s-dns-node-cache:1.26.4
[2026-07-16 16:51:43] [INFO] [service.cluster.registry] [REGISTRY]   -> Image exists locally; skipping pull.
[2026-07-16 16:51:43] [INFO] [service.cluster.registry] [REGISTRY]   -> Tagging and pushing to local registry.
[2026-07-16 16:51:43] [INFO] [service.cluster.docker] [UPLOAD] Pushing image: registry.talkschool.cn:5000/brinnatt/k8s-dns-node-cache:1.26.4
The push refers to repository [registry.talkschool.cn:5000/brinnatt/k8s-dns-node-cache]
bcbd50e29d07: Preparing
d23ed4180a23: Preparing
bcbd50e29d07: Layer already exists
d23ed4180a23: Layer already exists
1.26.4: digest: sha256:676dd9854f1d4d6e927180a51112785712ba30889d51d25623b7e85a7cf659c9 size: 741
[2026-07-16 16:51:43] [INFO] [service.cluster.docker] [UPLOAD] Pushed successfully: registry.talkschool.cn:5000/brinnatt/k8s-dns-node-cache:1.26.4
[2026-07-16 16:51:43] [INFO] [service.cluster.registry] [REGISTRY]   -> Done: brinnatt/k8s-dns-node-cache:1.26.4.
[2026-07-16 16:51:43] [INFO] [service.cluster.registry] [REGISTRY] [6/7] Image: brinnatt/metrics-server:v0.8.0
[2026-07-16 16:51:43] [INFO] [service.cluster.registry] [REGISTRY]   -> Image exists locally; skipping pull.
[2026-07-16 16:51:43] [INFO] [service.cluster.registry] [REGISTRY]   -> Tagging and pushing to local registry.
[2026-07-16 16:51:43] [INFO] [service.cluster.docker] [UPLOAD] Pushing image: registry.talkschool.cn:5000/brinnatt/metrics-server:v0.8.0
The push refers to repository [registry.talkschool.cn:5000/brinnatt/metrics-server]
90c3da41cc55: Preparing
bfe9137a1b04: Preparing
f4aee9e53c42: Preparing
1a73b54f556b: Preparing
2a92d6ac9e4f: Preparing
bbb6cacb8c82: Preparing
6f1cdceb6a31: Preparing
af5aa97ebe6c: Preparing
4d049f83d9cf: Preparing
48c0fb67386e: Preparing
8fa10c0194df: Preparing
f464af4b9b25: Preparing
bbb6cacb8c82: Waiting
6f1cdceb6a31: Waiting
af5aa97ebe6c: Waiting
4d049f83d9cf: Waiting
48c0fb67386e: Waiting
8fa10c0194df: Waiting
f464af4b9b25: Waiting
1a73b54f556b: Layer already exists
2a92d6ac9e4f: Layer already exists
90c3da41cc55: Layer already exists
6f1cdceb6a31: Layer already exists
af5aa97ebe6c: Layer already exists
bfe9137a1b04: Layer already exists
bbb6cacb8c82: Layer already exists
4d049f83d9cf: Layer already exists
48c0fb67386e: Layer already exists
8fa10c0194df: Layer already exists
f4aee9e53c42: Layer already exists
f464af4b9b25: Layer already exists
v0.8.0: digest: sha256:d47408a1aaa688e9e78f004d6e1ac37675d45efd9697085b4e710404ac66066d size: 2814
[2026-07-16 16:51:43] [INFO] [service.cluster.docker] [UPLOAD] Pushed successfully: registry.talkschool.cn:5000/brinnatt/metrics-server:v0.8.0
[2026-07-16 16:51:43] [INFO] [service.cluster.registry] [REGISTRY]   -> Done: brinnatt/metrics-server:v0.8.0.
[2026-07-16 16:51:43] [INFO] [service.cluster.registry] [REGISTRY] [7/7] Image: brinnatt/pause:3.10
[2026-07-16 16:51:43] [INFO] [service.cluster.registry] [REGISTRY]   -> Image exists locally; skipping pull.
[2026-07-16 16:51:43] [INFO] [service.cluster.registry] [REGISTRY]   -> Tagging and pushing to local registry.
[2026-07-16 16:51:43] [INFO] [service.cluster.docker] [UPLOAD] Pushing image: registry.talkschool.cn:5000/brinnatt/pause:3.10
The push refers to repository [registry.talkschool.cn:5000/brinnatt/pause]
d8bdedd33a4e: Preparing
d8bdedd33a4e: Layer already exists
3.10: digest: sha256:33a7bca766cfdb6f4c64f91675e5d4983007a1044061bb7c0317f2566ffaa2f5 size: 527
[2026-07-16 16:51:43] [INFO] [service.cluster.docker] [UPLOAD] Pushed successfully: registry.talkschool.cn:5000/brinnatt/pause:3.10
[2026-07-16 16:51:43] [INFO] [service.cluster.registry] [REGISTRY]   -> Done: brinnatt/pause:3.10.
[2026-07-16 16:51:43] [INFO] [service.cluster.registry] [REGISTRY] All 7 image(s) uploaded to local registry.
[2026-07-16 16:51:43] [INFO] [service.cluster.downloader] [DOWNLOAD] Default images: 7 image(s) uploaded to local registry.
IMG_PREP_136_OK
[PASS] G0-brinnatt-bootstrap
========== PHASE 2: 147 preflight (G0/G1) ==========
Ansible Python policy (ansible-core 2.17): control node Python >=3.10, target module runtime Python >=3.9
test_parse_ansible_core_version (test_ansible_python.TestAnsibleCoreParsing) ... ok
test_parse_ansible_core_version_missing (test_ansible_python.TestAnsibleCoreParsing) ... ok
test_policy_fails_fast_when_detection_breaks (test_ansible_python.TestAnsiblePythonPolicy) ... ok
test_policy_resolves_from_ansible_version (test_ansible_python.TestAnsiblePythonPolicy) ... ok
test_probe_reports_missing_ansible_in_path (test_ansible_python.TestAnsiblePythonPolicy) ... ok
test_python_meets_spec (test_ansible_python.TestInterpreterValidation) ... ok
test_validate_local_interpreter (test_ansible_python.TestInterpreterValidation) ... ok
test_validate_remote_interpreter_version (test_ansible_python.TestInterpreterValidation) ... ok
test_matrix_2_16_target_runtime_min (test_ansible_python.TestSupportMatrix) ... ok
test_matrix_2_17_target_runtime_min (test_ansible_python.TestSupportMatrix) ... ok
test_all_component_images_are_brinnatt (test_brinnatt_image_contract.TestBrinnattImageContract) ... ok
test_default_images_are_brinnatt (test_brinnatt_image_contract.TestBrinnattImageContract) ... ok
test_cluster_after_flags (test_cli_completion.TestCliCompletion) ... ok
test_cluster_positional_still_works (test_cli_completion.TestCliCompletion) ... ok
test_completion_shells (test_cli_completion.TestCliCompletion) ... ok
test_docker_flags (test_cli_completion.TestCliCompletion) ... ok
test_download_long_flags_on_double_dash (test_cli_completion.TestCliCompletion) ... ok
test_download_prefix_filters_long (test_cli_completion.TestCliCompletion) ... ok
test_download_short_flags_on_dash (test_cli_completion.TestCliCompletion) ... ok
test_flag_prefix_does_not_steal_cluster_when_not_dash (test_cli_completion.TestCliCompletion) ... ok
test_kcfg_adm_mutex_hides_siblings (test_cli_completion.TestCliCompletion) ... ok
test_kcfg_adm_type_choices (test_cli_completion.TestCliCompletion) ... ok
test_kcfg_adm_type_equals_form (test_cli_completion.TestCliCompletion) ... ok
test_setup_steps_still_work (test_cli_completion.TestCliCompletion) ... ok
test_system_long_only_options (test_cli_completion.TestCliCompletion) ... ok
test_top_level_subcommands (test_cli_completion.TestCliCompletion) ... ok
test_used_flag_not_suggested_again (test_cli_completion.TestCliCompletion) ... ok
test_wait_for_daemon_ready_retries_until_sdk_ok (test_docker_daemon.TestDockerDaemonReady) ... ok
test_wait_for_daemon_ready_succeeds_on_first_ping (test_docker_daemon.TestDockerDaemonReady) ... ok
test_wait_for_daemon_ready_times_out (test_docker_daemon.TestDockerDaemonReady) ... [2026-07-16 16:51:45] [WARNING] [service.cluster.docker] Docker daemon not ready after 0.2s (docker info / SDK ping).
ok
test_execute_pull_sdk_fallback_uses_warning (test_docker_daemon.TestPullImage) ... ok
test_pull_image_logs_error_on_failure (test_docker_daemon.TestPullImage) ... ok
test_sdk_fallback_message_is_not_init_failure (test_docker_daemon.TestPullImage) ... ok
test_all_sources_fail_logs_error (test_registry_pull_sources.TestRegistryPullSources) ... ok
test_brinnatt_candidates_talkedu_first (test_registry_pull_sources.TestRegistryPullSources) ... ok
test_intermediate_failure_warning_final_error (test_registry_pull_sources.TestRegistryPullSources) ... ok
test_upstream_fallback_after_talkedu_and_hub (test_registry_pull_sources.TestRegistryPullSources)
Migrated images: talkedu → brinnatt hub → upstream origin. ... ok
test_capture_alias_is_supported (test_run_command.TestRunCommand)
Regression: capture=True must not leak to subprocess.run as invalid kwarg. ... ok
test_capture_output_default_captures_stdout (test_run_command.TestRunCommand) ... ok
test_capture_output_explicit (test_run_command.TestRunCommand) ... ok
test_default_tag_latest (test_talkedu_mirror.TestTalkeduMirror) ... ok
test_ignores_non_brinnatt (test_talkedu_mirror.TestTalkeduMirror) ... ok
test_maps_brinnatt_to_talkedu (test_talkedu_mirror.TestTalkeduMirror) ... ok
test_maps_migrated_defaults (test_talkedu_mirror.TestTalkeduMirror) ... ok
test_pull_order_talkedu_before_dockerhub (test_talkedu_mirror.TestTalkeduMirror)
CN production: hub.talkedu.cn first, Docker Hub brinnatt/* as fallback. ... ok

----------------------------------------------------------------------
Ran 45 tests in 0.316s

OK
[2026-07-16 16:51:45] [INFO] [controller.cluster.cli] v0.1.1
[2026-07-16 16:51:46] [INFO] [controller.cluster.cli] Managed clusters:
PREFLIGHT_OK
[PASS] G0-147-preflight
========== PHASE 3: 136 jumper preflight + k8s-dev (G7) ==========
Ansible Python policy (ansible-core 2.16): control node Python >=3.10, target module runtime Python >=3.8
test_parse_ansible_core_version (test_ansible_python.TestAnsibleCoreParsing.test_parse_ansible_core_version) ... ok
test_parse_ansible_core_version_missing (test_ansible_python.TestAnsibleCoreParsing.test_parse_ansible_core_version_missing) ... ok
test_policy_fails_fast_when_detection_breaks (test_ansible_python.TestAnsiblePythonPolicy.test_policy_fails_fast_when_detection_breaks) ... ok
test_policy_resolves_from_ansible_version (test_ansible_python.TestAnsiblePythonPolicy.test_policy_resolves_from_ansible_version) ... ok
test_probe_reports_missing_ansible_in_path (test_ansible_python.TestAnsiblePythonPolicy.test_probe_reports_missing_ansible_in_path) ... ok
test_python_meets_spec (test_ansible_python.TestInterpreterValidation.test_python_meets_spec) ... ok
test_validate_local_interpreter (test_ansible_python.TestInterpreterValidation.test_validate_local_interpreter) ... ok
test_validate_remote_interpreter_version (test_ansible_python.TestInterpreterValidation.test_validate_remote_interpreter_version) ... ok
test_matrix_2_16_target_runtime_min (test_ansible_python.TestSupportMatrix.test_matrix_2_16_target_runtime_min) ... ok
test_matrix_2_17_target_runtime_min (test_ansible_python.TestSupportMatrix.test_matrix_2_17_target_runtime_min) ... ok
test_all_component_images_are_brinnatt (test_brinnatt_image_contract.TestBrinnattImageContract.test_all_component_images_are_brinnatt) ... ok
test_default_images_are_brinnatt (test_brinnatt_image_contract.TestBrinnattImageContract.test_default_images_are_brinnatt) ... ok
test_cluster_after_flags (test_cli_completion.TestCliCompletion.test_cluster_after_flags) ... ok
test_cluster_positional_still_works (test_cli_completion.TestCliCompletion.test_cluster_positional_still_works) ... ok
test_completion_shells (test_cli_completion.TestCliCompletion.test_completion_shells) ... ok
test_docker_flags (test_cli_completion.TestCliCompletion.test_docker_flags) ... ok
test_download_long_flags_on_double_dash (test_cli_completion.TestCliCompletion.test_download_long_flags_on_double_dash) ... ok
test_download_prefix_filters_long (test_cli_completion.TestCliCompletion.test_download_prefix_filters_long) ... ok
test_download_short_flags_on_dash (test_cli_completion.TestCliCompletion.test_download_short_flags_on_dash) ... ok
test_flag_prefix_does_not_steal_cluster_when_not_dash (test_cli_completion.TestCliCompletion.test_flag_prefix_does_not_steal_cluster_when_not_dash) ... ok
test_kcfg_adm_mutex_hides_siblings (test_cli_completion.TestCliCompletion.test_kcfg_adm_mutex_hides_siblings) ... ok
test_kcfg_adm_type_choices (test_cli_completion.TestCliCompletion.test_kcfg_adm_type_choices) ... ok
test_kcfg_adm_type_equals_form (test_cli_completion.TestCliCompletion.test_kcfg_adm_type_equals_form) ... ok
test_setup_steps_still_work (test_cli_completion.TestCliCompletion.test_setup_steps_still_work) ... ok
test_system_long_only_options (test_cli_completion.TestCliCompletion.test_system_long_only_options) ... ok
test_top_level_subcommands (test_cli_completion.TestCliCompletion.test_top_level_subcommands) ... ok
test_used_flag_not_suggested_again (test_cli_completion.TestCliCompletion.test_used_flag_not_suggested_again) ... ok
test_wait_for_daemon_ready_retries_until_sdk_ok (test_docker_daemon.TestDockerDaemonReady.test_wait_for_daemon_ready_retries_until_sdk_ok) ... ok
test_wait_for_daemon_ready_succeeds_on_first_ping (test_docker_daemon.TestDockerDaemonReady.test_wait_for_daemon_ready_succeeds_on_first_ping) ... ok
test_wait_for_daemon_ready_times_out (test_docker_daemon.TestDockerDaemonReady.test_wait_for_daemon_ready_times_out) ... [2026-07-16 16:51:48] [WARNING] [service.cluster.docker] Docker daemon not ready after 0.2s (docker info / SDK ping).
ok
test_execute_pull_sdk_fallback_uses_warning (test_docker_daemon.TestPullImage.test_execute_pull_sdk_fallback_uses_warning) ... ok
test_pull_image_logs_error_on_failure (test_docker_daemon.TestPullImage.test_pull_image_logs_error_on_failure) ... ok
test_sdk_fallback_message_is_not_init_failure (test_docker_daemon.TestPullImage.test_sdk_fallback_message_is_not_init_failure) ... ok
test_all_sources_fail_logs_error (test_registry_pull_sources.TestRegistryPullSources.test_all_sources_fail_logs_error) ... ok
test_brinnatt_candidates_talkedu_first (test_registry_pull_sources.TestRegistryPullSources.test_brinnatt_candidates_talkedu_first) ... ok
test_intermediate_failure_warning_final_error (test_registry_pull_sources.TestRegistryPullSources.test_intermediate_failure_warning_final_error) ... ok
test_upstream_fallback_after_talkedu_and_hub (test_registry_pull_sources.TestRegistryPullSources.test_upstream_fallback_after_talkedu_and_hub)
Migrated images: talkedu → brinnatt hub → upstream origin. ... ok
test_capture_alias_is_supported (test_run_command.TestRunCommand.test_capture_alias_is_supported)
Regression: capture=True must not leak to subprocess.run as invalid kwarg. ... ok
test_capture_output_default_captures_stdout (test_run_command.TestRunCommand.test_capture_output_default_captures_stdout) ... ok
test_capture_output_explicit (test_run_command.TestRunCommand.test_capture_output_explicit) ... ok
test_default_tag_latest (test_talkedu_mirror.TestTalkeduMirror.test_default_tag_latest) ... ok
test_ignores_non_brinnatt (test_talkedu_mirror.TestTalkeduMirror.test_ignores_non_brinnatt) ... ok
test_maps_brinnatt_to_talkedu (test_talkedu_mirror.TestTalkeduMirror.test_maps_brinnatt_to_talkedu) ... ok
test_maps_migrated_defaults (test_talkedu_mirror.TestTalkeduMirror.test_maps_migrated_defaults) ... ok
test_pull_order_talkedu_before_dockerhub (test_talkedu_mirror.TestTalkeduMirror.test_pull_order_talkedu_before_dockerhub)
CN production: hub.talkedu.cn first, Docker Hub brinnatt/* as fallback. ... ok

----------------------------------------------------------------------
Ran 45 tests in 0.252s

OK
[2026-07-16 16:51:48] [INFO] [controller.cluster.cli] 192.168.47.130: [SKIPPED] Key auth already works
[2026-07-16 16:51:48] [INFO] [controller.cluster.cli] 192.168.47.141: [SKIPPED] Key auth already works
[2026-07-16 16:51:48] [INFO] [controller.cluster.cli] 192.168.47.131: [SKIPPED] Key auth already works
[2026-07-16 16:51:48] [INFO] [controller.cluster.cli] 192.168.47.140: [SKIPPED] Key auth already works
[2026-07-16 16:51:49] [INFO] [service.cluster.manager] Ansible Python policy (ansible-core 2.16): control node Python >=3.10, target module runtime Python >=3.8
[2026-07-16 16:51:49] [INFO] [service.cluster.manager] Setting up cluster with playbook 90.setup.yml.
[2026-07-16 16:51:49] [INFO] [service.cluster.manager] Component versions (kubernetes / etcd / network):
[2026-07-16 16:51:49] [INFO] [service.cluster.manager]   kubernetes: v1.33.6, etcd: v3.6.4, calico: v3.28.4

PLAY [kube_master,kube_node,etcd,ex_lb,chrony] *********************************

TASK [Gathering Facts] *********************************************************
ok: [192.168.47.140]
ok: [192.168.47.131]
ok: [192.168.47.130]
ok: [192.168.47.141]

TASK [chrony : check if chronyd running, break the role] ***********************
skipping: [192.168.47.130]
skipping: [192.168.47.141]
skipping: [192.168.47.140]
skipping: [192.168.47.131]

TASK [chrony : terminate the play if chronyd running] **************************
skipping: [192.168.47.130]

TASK [chrony : uninstall residual ntp chrony] **********************************
skipping: [192.168.47.130] => (item=ntp) 
skipping: [192.168.47.130] => (item=chrony) 
skipping: [192.168.47.131] => (item=ntp) 
skipping: [192.168.47.131] => (item=chrony) 
skipping: [192.168.47.130]
skipping: [192.168.47.131]
skipping: [192.168.47.140] => (item=ntp) 
skipping: [192.168.47.140] => (item=chrony) 
skipping: [192.168.47.140]
skipping: [192.168.47.141] => (item=ntp) 
skipping: [192.168.47.141] => (item=chrony) 
skipping: [192.168.47.141]

TASK [chrony : prepare some dirs] **********************************************
skipping: [192.168.47.130] => (item=/etc/chrony) 
skipping: [192.168.47.130] => (item=/var/lib/chrony) 
skipping: [192.168.47.130] => (item=/var/log/chrony) 
skipping: [192.168.47.131] => (item=/etc/chrony) 
skipping: [192.168.47.131] => (item=/var/lib/chrony) 
skipping: [192.168.47.141] => (item=/etc/chrony) 
skipping: [192.168.47.141] => (item=/var/lib/chrony) 
skipping: [192.168.47.130]
skipping: [192.168.47.131] => (item=/var/log/chrony) 
skipping: [192.168.47.141] => (item=/var/log/chrony) 
skipping: [192.168.47.131]
skipping: [192.168.47.141]
skipping: [192.168.47.140] => (item=/etc/chrony) 
skipping: [192.168.47.140] => (item=/var/lib/chrony) 
skipping: [192.168.47.140] => (item=/var/log/chrony) 
skipping: [192.168.47.140]

TASK [chrony : distribute chronyd binary] **************************************
skipping: [192.168.47.130]
skipping: [192.168.47.131]
skipping: [192.168.47.140]
skipping: [192.168.47.141]

TASK [chrony : create chronyd systemd unit file] *******************************
skipping: [192.168.47.130]
skipping: [192.168.47.131]
skipping: [192.168.47.140]
skipping: [192.168.47.141]

TASK [chrony : configure chrony server] ****************************************
skipping: [192.168.47.130]
skipping: [192.168.47.131]
skipping: [192.168.47.140]
skipping: [192.168.47.141]

TASK [chrony : configure chrony client] ****************************************
skipping: [192.168.47.130]
skipping: [192.168.47.131]
skipping: [192.168.47.140]
skipping: [192.168.47.141]

TASK [chrony : enable chronyd service on startup] ******************************
skipping: [192.168.47.130]
skipping: [192.168.47.131]
skipping: [192.168.47.140]
skipping: [192.168.47.141]

TASK [chrony : start chronyd service] ******************************************
skipping: [192.168.47.130]
skipping: [192.168.47.131]
skipping: [192.168.47.140]
skipping: [192.168.47.141]

TASK [chrony : wait for chronyd running] ***************************************
skipping: [192.168.47.130]
skipping: [192.168.47.131]
skipping: [192.168.47.140]
skipping: [192.168.47.141]

PLAY [localhost] ***************************************************************

TASK [Gathering Facts] *********************************************************
ok: [localhost]

TASK [deploy : prepare some dirs] **********************************************
ok: [localhost] => (item=/usr/local/kubeauto/clusters/k8s-dev/ssl)
ok: [localhost] => (item=/usr/local/kubeauto/clusters/k8s-dev/backup)
ok: [localhost] => (item=/usr/local/kubeauto/clusters/k8s-dev/yml)
ok: [localhost] => (item=~/.kube)

TASK [deploy : set extra-bin directory permission] *****************************
ok: [localhost]

TASK [deploy : read ca cert stat information into p] ***************************
ok: [localhost]

TASK [deploy : prepare ca configuration and cert request] **********************
skipping: [localhost] => (item=ca-config.json) 
skipping: [localhost] => (item=ca-csr.json) 
skipping: [localhost]

TASK [deploy : generate CA cert and private key] *******************************
skipping: [localhost]

TASK [deploy : prepare admin csr for kubectl usage] ****************************
ok: [localhost]

TASK [deploy : create admin cert and private key] ******************************
changed: [localhost]

TASK [deploy : set cluster params] *********************************************
changed: [localhost]

TASK [deploy : set client credential params] ***********************************
changed: [localhost]

TASK [deploy : set context params] *********************************************
changed: [localhost]

TASK [deploy : choose default context] *****************************************
changed: [localhost]

TASK [deploy : install kubeconfig] *********************************************
changed: [localhost]

TASK [deploy : create self-defined user certs directory] ***********************
skipping: [localhost]

TASK [deploy : prepare CA configuration] ***************************************
skipping: [localhost]

TASK [deploy : prepare {{ USER_NAME }} cert request for kubectl] ***************
skipping: [localhost]

TASK [deploy : create {{ USER_NAME }} cert and private key] ********************
skipping: [localhost]

TASK [deploy : set cluster params] *********************************************
skipping: [localhost]

TASK [deploy : set client credential params] ***********************************
skipping: [localhost]

TASK [deploy : set context params] *********************************************
skipping: [localhost]

TASK [deploy : choose default context] *****************************************
skipping: [localhost]

TASK [deploy : generate clusterrolebind configuration] *************************
skipping: [localhost]

TASK [deploy : create clusterrolebind] *****************************************
skipping: [localhost]

TASK [deploy : debug] **********************************************************
skipping: [localhost]

TASK [deploy : prepare kube-proxy csr] *****************************************
ok: [localhost]

TASK [deploy : create kube-proxy cert and private key] *************************
changed: [localhost]

TASK [deploy : set cluster params] *********************************************
changed: [localhost]

TASK [deploy : set client credential params] ***********************************
changed: [localhost]

TASK [deploy : set context params] *********************************************
changed: [localhost]

TASK [deploy : choose default context] *****************************************
changed: [localhost]

TASK [deploy : prepare kube-controller-manager csr] ****************************
ok: [localhost]

TASK [deploy : create kube-controller-manager cert and private key] ************
changed: [localhost]

TASK [deploy : set cluster params] *********************************************
changed: [localhost]

TASK [deploy : set client credential params] ***********************************
changed: [localhost]

TASK [deploy : set context params] *********************************************
changed: [localhost]

TASK [deploy : choose default context] *****************************************
changed: [localhost]

TASK [deploy : prepare kube-scheduler csr] *************************************
ok: [localhost]

TASK [deploy : create kube-scheduler cert and private key] *********************
changed: [localhost]

TASK [deploy : set cluster params] *********************************************
changed: [localhost]

TASK [deploy : set client credential params] ***********************************
changed: [localhost]

TASK [deploy : set context params] *********************************************
changed: [localhost]

TASK [deploy : choose default context] *****************************************
changed: [localhost]

PLAY [kube_master,kube_node,etcd] **********************************************

TASK [Gathering Facts] *********************************************************
ok: [192.168.47.131]
ok: [192.168.47.140]
ok: [192.168.47.130]
ok: [192.168.47.141]

TASK [prepare : read the prepare tasks file] ***********************************
ok: [192.168.47.140]
ok: [192.168.47.141]
ok: [192.168.47.130]
ok: [192.168.47.131]

TASK [prepare : indicates the prepare tasks finished already] ******************
ok: [192.168.47.130] => {
    "msg": "The node has finished the prepare tasks, skipping!"
}
ok: [192.168.47.131] => {
    "msg": "The node has finished the prepare tasks, skipping!"
}
ok: [192.168.47.140] => {
    "msg": "The node has finished the prepare tasks, skipping!"
}
ok: [192.168.47.141] => {
    "msg": "The node has finished the prepare tasks, skipping!"
}

TASK [prepare : copy huawei cloud apt mirror script] ***************************
skipping: [192.168.47.130]
skipping: [192.168.47.131]
skipping: [192.168.47.140]
skipping: [192.168.47.141]

TASK [prepare : apply huawei cloud apt mirror] *********************************
skipping: [192.168.47.130]
skipping: [192.168.47.131]
skipping: [192.168.47.140]
skipping: [192.168.47.141]

TASK [prepare : update apt cache] **********************************************
skipping: [192.168.47.130]
skipping: [192.168.47.131]
skipping: [192.168.47.140]
skipping: [192.168.47.141]

TASK [prepare : delete ubuntu default software] ********************************
skipping: [192.168.47.130]
skipping: [192.168.47.131]
skipping: [192.168.47.140]
skipping: [192.168.47.141]

TASK [prepare : install ubuntu/debian basic software] **************************
skipping: [192.168.47.130]
skipping: [192.168.47.131]
skipping: [192.168.47.140]
skipping: [192.168.47.141]

TASK [prepare : create journal relative directory] *****************************
skipping: [192.168.47.130] => (item=/etc/systemd/journald.conf.d) 
skipping: [192.168.47.130] => (item=/var/log/journal) 
skipping: [192.168.47.130]
skipping: [192.168.47.131] => (item=/etc/systemd/journald.conf.d) 
skipping: [192.168.47.131] => (item=/var/log/journal) 
skipping: [192.168.47.140] => (item=/etc/systemd/journald.conf.d) 
skipping: [192.168.47.140] => (item=/var/log/journal) 
skipping: [192.168.47.141] => (item=/etc/systemd/journald.conf.d) 
skipping: [192.168.47.131]
skipping: [192.168.47.140]
skipping: [192.168.47.141] => (item=/var/log/journal) 
skipping: [192.168.47.141]

TASK [prepare : optimize journal params] ***************************************
skipping: [192.168.47.130]
skipping: [192.168.47.131]
skipping: [192.168.47.140]
skipping: [192.168.47.141]

TASK [prepare : restart journald service] **************************************
skipping: [192.168.47.130]
skipping: [192.168.47.131]
skipping: [192.168.47.140]
skipping: [192.168.47.141]

TASK [prepare : copy huawei cloud yum/dnf mirror script] ***********************
skipping: [192.168.47.130]
skipping: [192.168.47.131]
skipping: [192.168.47.140]
skipping: [192.168.47.141]

TASK [prepare : apply huawei cloud yum/dnf mirror] *****************************
skipping: [192.168.47.130]
skipping: [192.168.47.131]
skipping: [192.168.47.140]
skipping: [192.168.47.141]

TASK [prepare : detect ansible-compatible python on target] ********************
skipping: [192.168.47.130]
skipping: [192.168.47.131]
skipping: [192.168.47.140]
skipping: [192.168.47.141]

TASK [prepare : install python39 for ansible (RHEL8 family, only when no compatible python)] ***
skipping: [192.168.47.130]
skipping: [192.168.47.131]
skipping: [192.168.47.140]
skipping: [192.168.47.141]

TASK [prepare : delete centos/redhat default software] *************************
skipping: [192.168.47.130]
skipping: [192.168.47.131]
skipping: [192.168.47.140]
skipping: [192.168.47.141]

TASK [prepare : install basic system software] *********************************
skipping: [192.168.47.130]
skipping: [192.168.47.131]
skipping: [192.168.47.140]
skipping: [192.168.47.141]

TASK [prepare : disable selinux right now] *************************************
skipping: [192.168.47.130]
skipping: [192.168.47.131]
skipping: [192.168.47.140]
skipping: [192.168.47.141]

TASK [prepare : check if /etc/selinux/config exists] ***************************
skipping: [192.168.47.130]
skipping: [192.168.47.131]
skipping: [192.168.47.140]
skipping: [192.168.47.141]

TASK [prepare : disable selinux forever] ***************************************
skipping: [192.168.47.130]
skipping: [192.168.47.131]
skipping: [192.168.47.140]
skipping: [192.168.47.141]

TASK [prepare : disable selinux forever] ***************************************
skipping: [192.168.47.130]
skipping: [192.168.47.140]
skipping: [192.168.47.131]
skipping: [192.168.47.141]

TASK [prepare : forbidden rsyslog fetch journald 1, avoid double handling logs and wasting disk space] ***
skipping: [192.168.47.130]
skipping: [192.168.47.131]
skipping: [192.168.47.140]
skipping: [192.168.47.141]

TASK [prepare : forbidden rsyslog fetch journald 2, avoid double handling logs and wasting disk space] ***
skipping: [192.168.47.130]
skipping: [192.168.47.131]
skipping: [192.168.47.140]
skipping: [192.168.47.141]

TASK [prepare : restart rsyslog service] ***************************************
skipping: [192.168.47.130]
skipping: [192.168.47.131]
skipping: [192.168.47.140]
skipping: [192.168.47.141]

TASK [prepare : copy huawei cloud zypper mirror script] ************************
skipping: [192.168.47.130]
skipping: [192.168.47.131]
skipping: [192.168.47.140]
skipping: [192.168.47.141]

TASK [prepare : apply huawei cloud zypper mirror] ******************************
skipping: [192.168.47.130]
skipping: [192.168.47.131]
skipping: [192.168.47.140]
skipping: [192.168.47.141]

TASK [prepare : install basic system software] *********************************
skipping: [192.168.47.130]
skipping: [192.168.47.131]
skipping: [192.168.47.140]
skipping: [192.168.47.141]

TASK [prepare : copy huawei cloud yum/dnf mirror script] ***********************
skipping: [192.168.47.130]
skipping: [192.168.47.131]
skipping: [192.168.47.140]
skipping: [192.168.47.141]

TASK [prepare : apply huawei cloud yum/dnf mirror] *****************************
skipping: [192.168.47.130]
skipping: [192.168.47.131]
skipping: [192.168.47.140]
skipping: [192.168.47.141]

TASK [prepare : detect ansible-compatible python on target] ********************
skipping: [192.168.47.130]
skipping: [192.168.47.131]
skipping: [192.168.47.140]
skipping: [192.168.47.141]

TASK [prepare : install python39 for ansible (RHEL8 family, only when no compatible python)] ***
skipping: [192.168.47.130]
skipping: [192.168.47.131]
skipping: [192.168.47.140]
skipping: [192.168.47.141]

TASK [prepare : delete centos/redhat default software] *************************
skipping: [192.168.47.130]
skipping: [192.168.47.131]
skipping: [192.168.47.140]
skipping: [192.168.47.141]

TASK [prepare : install basic system software] *********************************
skipping: [192.168.47.130]
skipping: [192.168.47.131]
skipping: [192.168.47.140]
skipping: [192.168.47.141]

TASK [prepare : disable selinux right now] *************************************
skipping: [192.168.47.130]
skipping: [192.168.47.131]
skipping: [192.168.47.140]
skipping: [192.168.47.141]

TASK [prepare : check if /etc/selinux/config exists] ***************************
skipping: [192.168.47.130]
skipping: [192.168.47.131]
skipping: [192.168.47.140]
skipping: [192.168.47.141]

TASK [prepare : disable selinux forever] ***************************************
skipping: [192.168.47.130]
skipping: [192.168.47.131]
skipping: [192.168.47.140]
skipping: [192.168.47.141]

TASK [prepare : disable selinux forever] ***************************************
skipping: [192.168.47.130]
skipping: [192.168.47.131]
skipping: [192.168.47.140]
skipping: [192.168.47.141]

TASK [prepare : forbidden rsyslog fetch journald 1, avoid double handling logs and wasting disk space] ***
skipping: [192.168.47.130]
skipping: [192.168.47.131]
skipping: [192.168.47.140]
skipping: [192.168.47.141]

TASK [prepare : forbidden rsyslog fetch journald 2, avoid double handling logs and wasting disk space] ***
skipping: [192.168.47.130]
skipping: [192.168.47.131]
skipping: [192.168.47.140]
skipping: [192.168.47.141]

TASK [prepare : restart rsyslog service] ***************************************
skipping: [192.168.47.130]
skipping: [192.168.47.131]
skipping: [192.168.47.140]
skipping: [192.168.47.141]

TASK [prepare : disable swap] **************************************************
skipping: [192.168.47.130]
skipping: [192.168.47.131]
skipping: [192.168.47.140]
skipping: [192.168.47.141]

TASK [prepare : delete fstab swap configuration] *******************************
skipping: [192.168.47.130]
skipping: [192.168.47.131]
skipping: [192.168.47.140]
skipping: [192.168.47.141]

TASK [prepare : load kernel module] ********************************************
skipping: [192.168.47.130] => (item=br_netfilter) 
skipping: [192.168.47.130] => (item=dm_snapshot) 
skipping: [192.168.47.130] => (item=dm_thin_pool) 
skipping: [192.168.47.130] => (item=ip_vs) 
skipping: [192.168.47.130] => (item=ip_vs_rr) 
skipping: [192.168.47.130] => (item=ip_vs_wrr) 
skipping: [192.168.47.130] => (item=ip_vs_sh) 
skipping: [192.168.47.130] => (item=nf_conntrack) 
skipping: [192.168.47.130]
skipping: [192.168.47.131] => (item=br_netfilter) 
skipping: [192.168.47.131] => (item=dm_snapshot) 
skipping: [192.168.47.141] => (item=br_netfilter) 
skipping: [192.168.47.141] => (item=dm_snapshot) 
skipping: [192.168.47.140] => (item=br_netfilter) 
skipping: [192.168.47.141] => (item=dm_thin_pool) 
skipping: [192.168.47.140] => (item=dm_snapshot) 
skipping: [192.168.47.141] => (item=ip_vs) 
skipping: [192.168.47.140] => (item=dm_thin_pool) 
skipping: [192.168.47.141] => (item=ip_vs_rr) 
skipping: [192.168.47.131] => (item=dm_thin_pool) 
skipping: [192.168.47.141] => (item=ip_vs_wrr) 
skipping: [192.168.47.131] => (item=ip_vs) 
skipping: [192.168.47.141] => (item=ip_vs_sh) 
skipping: [192.168.47.131] => (item=ip_vs_rr) 
skipping: [192.168.47.131] => (item=ip_vs_wrr) 
skipping: [192.168.47.131] => (item=ip_vs_sh) 
skipping: [192.168.47.131] => (item=nf_conntrack) 
skipping: [192.168.47.131]
skipping: [192.168.47.141] => (item=nf_conntrack) 
skipping: [192.168.47.140] => (item=ip_vs) 
skipping: [192.168.47.140] => (item=ip_vs_rr) 
skipping: [192.168.47.141]
skipping: [192.168.47.140] => (item=ip_vs_wrr) 
skipping: [192.168.47.140] => (item=ip_vs_sh) 
skipping: [192.168.47.140] => (item=nf_conntrack) 
skipping: [192.168.47.140]

TASK [prepare : try to load nf_conntrack_ipv4] *********************************
skipping: [192.168.47.130]
skipping: [192.168.47.131]
skipping: [192.168.47.140]
skipping: [192.168.47.141]

TASK [prepare : enable systemd loading module automatically] *******************
skipping: [192.168.47.130]
skipping: [192.168.47.131]
skipping: [192.168.47.140]
skipping: [192.168.47.141]

TASK [prepare : load kernel module on startup] *********************************
skipping: [192.168.47.130]
skipping: [192.168.47.131]
skipping: [192.168.47.140]
skipping: [192.168.47.141]

TASK [prepare : set system params] *********************************************
skipping: [192.168.47.130]
skipping: [192.168.47.131]
skipping: [192.168.47.140]
skipping: [192.168.47.141]

TASK [prepare : check if fs.may_detach_mounts needs to be set] *****************
skipping: [192.168.47.130]
skipping: [192.168.47.131]
skipping: [192.168.47.140]
skipping: [192.168.47.141]

TASK [prepare : if needed, set fs.may_detach_mounts as 1] **********************
skipping: [192.168.47.130]
skipping: [192.168.47.131]
skipping: [192.168.47.140]
skipping: [192.168.47.141]

TASK [prepare : check if net.ipv4.tcp_tw_recycle needs to be set] **************
skipping: [192.168.47.130]
skipping: [192.168.47.131]
skipping: [192.168.47.140]
skipping: [192.168.47.141]

TASK [prepare : if needed, set tcp_tw_recycle] *********************************
skipping: [192.168.47.130]
skipping: [192.168.47.131]
skipping: [192.168.47.140]
skipping: [192.168.47.141]

TASK [prepare : take effect on system] *****************************************
skipping: [192.168.47.130]
skipping: [192.168.47.131]
skipping: [192.168.47.140]
skipping: [192.168.47.141]

TASK [prepare : create systemd configuration directory] ************************
skipping: [192.168.47.130]
skipping: [192.168.47.131]
skipping: [192.168.47.140]
skipping: [192.168.47.141]

TASK [prepare : set system param ulimits] **************************************
skipping: [192.168.47.130]
skipping: [192.168.47.131]
skipping: [192.168.47.140]
skipping: [192.168.47.141]

TASK [prepare : take SCTP to kernel module blacklist] **************************
skipping: [192.168.47.130]
skipping: [192.168.47.131]
skipping: [192.168.47.140]
skipping: [192.168.47.141]

TASK [prepare : prepare some dirs] *********************************************
skipping: [192.168.47.130] => (item=/usr/local/bin) 
skipping: [192.168.47.130] => (item=/etc/kubernetes/ssl) 
skipping: [192.168.47.130] => (item=/root/.kube) 
skipping: [192.168.47.140] => (item=/usr/local/bin) 
skipping: [192.168.47.140] => (item=/etc/kubernetes/ssl) 
skipping: [192.168.47.140] => (item=/root/.kube) 
skipping: [192.168.47.131] => (item=/usr/local/bin) 
skipping: [192.168.47.131] => (item=/etc/kubernetes/ssl) 
skipping: [192.168.47.130]
skipping: [192.168.47.140]
skipping: [192.168.47.131] => (item=/root/.kube) 
skipping: [192.168.47.131]
skipping: [192.168.47.141] => (item=/usr/local/bin) 
skipping: [192.168.47.141] => (item=/etc/kubernetes/ssl) 
skipping: [192.168.47.141] => (item=/root/.kube) 
skipping: [192.168.47.141]

TASK [prepare : copy kubectl kubeconfig to home dir] ***************************
skipping: [192.168.47.130]
skipping: [192.168.47.131]
skipping: [192.168.47.140]
skipping: [192.168.47.141]

TASK [prepare : add hosts entry to resolve local registry] *********************
skipping: [192.168.47.130]
skipping: [192.168.47.131]
skipping: [192.168.47.140]
skipping: [192.168.47.141]

TASK [prepare : set node hostname] *********************************************
skipping: [192.168.47.130]
skipping: [192.168.47.131]
skipping: [192.168.47.140]
skipping: [192.168.47.141]

TASK [prepare : the master[0] resolves all hosts master-01 in /etc/hosts] ******
skipping: [192.168.47.130]
skipping: [192.168.47.131]
skipping: [192.168.47.140]
skipping: [192.168.47.141]

TASK [prepare : get /etc/hosts from the master[0]] *****************************
skipping: [192.168.47.130]

TASK [prepare : delete /etc/hosts in the master[0]] ****************************
skipping: [192.168.47.130]

TASK [prepare : sync /etc/hosts to all hosts] **********************************
skipping: [192.168.47.130] => (item=192.168.47.130) 
skipping: [192.168.47.130] => (item=192.168.47.131) 
skipping: [192.168.47.130] => (item=192.168.47.140) 
skipping: [192.168.47.130] => (item=192.168.47.141) 
skipping: [192.168.47.130]

TASK [prepare : set prepare tasks label file] **********************************
skipping: [192.168.47.130]
skipping: [192.168.47.131]
skipping: [192.168.47.140]
skipping: [192.168.47.141]

PLAY [etcd] ********************************************************************

TASK [Gathering Facts] *********************************************************
ok: [192.168.47.130]

TASK [etcd : prepare some dirs] ************************************************
ok: [192.168.47.130]

TASK [etcd : download etcd binary] *********************************************
ok: [192.168.47.130] => (item=etcd)
ok: [192.168.47.130] => (item=etcdctl)
ok: [192.168.47.130] => (item=etcdutl)

TASK [etcd : create etcd CSR] **************************************************
ok: [192.168.47.130 -> localhost]

TASK [etcd : create etcd certs and private key] ********************************
changed: [192.168.47.130 -> localhost]

TASK [etcd : distribute etcd cert-related files] *******************************
ok: [192.168.47.130] => (item=ca.pem)
changed: [192.168.47.130] => (item=etcd.pem)
changed: [192.168.47.130] => (item=etcd-key.pem)

TASK [etcd : create etcd systemd unit file] ************************************
ok: [192.168.47.130]

TASK [etcd : enable etcd service on startup] ***********************************
changed: [192.168.47.130]

TASK [etcd : start etcd service] ***********************************************
changed: [192.168.47.130]

TASK [etcd : wait for etcd service running] ************************************
changed: [192.168.47.130]

PLAY [kube_master,kube_node] ***************************************************

TASK [Gathering Facts] *********************************************************
ok: [192.168.47.131]
ok: [192.168.47.140]
ok: [192.168.47.130]
ok: [192.168.47.141]

TASK [docker : check if docker was installed] **********************************
skipping: [192.168.47.130]
skipping: [192.168.47.131]
skipping: [192.168.47.140]
skipping: [192.168.47.141]

TASK [docker : get docker version information] *********************************
skipping: [192.168.47.130]

TASK [docker : debug info] *****************************************************
skipping: [192.168.47.130]

TASK [docker : revise docker version with float type] **************************
skipping: [192.168.47.130]

TASK [docker : infer docker installed] *****************************************
skipping: [192.168.47.130]
skipping: [192.168.47.131]
skipping: [192.168.47.140]
skipping: [192.168.47.141]

TASK [docker : prepare docker-related directories] *****************************
skipping: [192.168.47.130] => (item=/usr/local/bin) 
skipping: [192.168.47.130] => (item=/etc/docker) 
skipping: [192.168.47.131] => (item=/usr/local/bin) 
skipping: [192.168.47.131] => (item=/etc/docker) 
skipping: [192.168.47.140] => (item=/usr/local/bin) 
skipping: [192.168.47.130]
skipping: [192.168.47.131]
skipping: [192.168.47.141] => (item=/usr/local/bin) 
skipping: [192.168.47.140] => (item=/etc/docker) 
skipping: [192.168.47.141] => (item=/etc/docker) 
skipping: [192.168.47.140]
skipping: [192.168.47.141]

TASK [docker : download docker binary] *****************************************
skipping: [192.168.47.130] => (item=/usr/local/kubeauto/docker-bin/containerd) 
skipping: [192.168.47.130] => (item=/usr/local/kubeauto/docker-bin/containerd-shim-runc-v2) 
skipping: [192.168.47.130] => (item=/usr/local/kubeauto/docker-bin/ctr) 
skipping: [192.168.47.130] => (item=/usr/local/kubeauto/docker-bin/docker) 
skipping: [192.168.47.130] => (item=/usr/local/kubeauto/docker-bin/dockerd) 
skipping: [192.168.47.130] => (item=/usr/local/kubeauto/docker-bin/docker-init) 
skipping: [192.168.47.130] => (item=/usr/local/kubeauto/docker-bin/docker-proxy) 
skipping: [192.168.47.130] => (item=/usr/local/kubeauto/docker-bin/runc) 
skipping: [192.168.47.130] => (item=/usr/local/kubeauto/docker-bin/docker-compose) 
skipping: [192.168.47.130] => (item=/usr/local/kubeauto/docker-bin/docker-buildx) 
skipping: [192.168.47.130]
skipping: [192.168.47.131] => (item=/usr/local/kubeauto/docker-bin/containerd) 
skipping: [192.168.47.131] => (item=/usr/local/kubeauto/docker-bin/containerd-shim-runc-v2) 
skipping: [192.168.47.131] => (item=/usr/local/kubeauto/docker-bin/ctr) 
skipping: [192.168.47.131] => (item=/usr/local/kubeauto/docker-bin/docker) 
skipping: [192.168.47.131] => (item=/usr/local/kubeauto/docker-bin/dockerd) 
skipping: [192.168.47.140] => (item=/usr/local/kubeauto/docker-bin/containerd) 
skipping: [192.168.47.131] => (item=/usr/local/kubeauto/docker-bin/docker-init) 
skipping: [192.168.47.140] => (item=/usr/local/kubeauto/docker-bin/containerd-shim-runc-v2) 
skipping: [192.168.47.131] => (item=/usr/local/kubeauto/docker-bin/docker-proxy) 
skipping: [192.168.47.140] => (item=/usr/local/kubeauto/docker-bin/ctr) 
skipping: [192.168.47.131] => (item=/usr/local/kubeauto/docker-bin/runc) 
skipping: [192.168.47.140] => (item=/usr/local/kubeauto/docker-bin/docker) 
skipping: [192.168.47.131] => (item=/usr/local/kubeauto/docker-bin/docker-compose) 
skipping: [192.168.47.131] => (item=/usr/local/kubeauto/docker-bin/docker-buildx) 
skipping: [192.168.47.131]
skipping: [192.168.47.140] => (item=/usr/local/kubeauto/docker-bin/dockerd) 
skipping: [192.168.47.140] => (item=/usr/local/kubeauto/docker-bin/docker-init) 
skipping: [192.168.47.140] => (item=/usr/local/kubeauto/docker-bin/docker-proxy) 
skipping: [192.168.47.141] => (item=/usr/local/kubeauto/docker-bin/containerd) 
skipping: [192.168.47.140] => (item=/usr/local/kubeauto/docker-bin/runc) 
skipping: [192.168.47.141] => (item=/usr/local/kubeauto/docker-bin/containerd-shim-runc-v2) 
skipping: [192.168.47.140] => (item=/usr/local/kubeauto/docker-bin/docker-compose) 
skipping: [192.168.47.140] => (item=/usr/local/kubeauto/docker-bin/docker-buildx) 
skipping: [192.168.47.141] => (item=/usr/local/kubeauto/docker-bin/ctr) 
skipping: [192.168.47.141] => (item=/usr/local/kubeauto/docker-bin/docker) 
skipping: [192.168.47.141] => (item=/usr/local/kubeauto/docker-bin/dockerd) 
skipping: [192.168.47.141] => (item=/usr/local/kubeauto/docker-bin/docker-init) 
skipping: [192.168.47.140]
skipping: [192.168.47.141] => (item=/usr/local/kubeauto/docker-bin/docker-proxy) 
skipping: [192.168.47.141] => (item=/usr/local/kubeauto/docker-bin/runc) 
skipping: [192.168.47.141] => (item=/usr/local/kubeauto/docker-bin/docker-compose) 
skipping: [192.168.47.141] => (item=/usr/local/kubeauto/docker-bin/docker-buildx) 
skipping: [192.168.47.141]

TASK [docker : configure docker daemon] ****************************************
skipping: [192.168.47.130]
skipping: [192.168.47.131]
skipping: [192.168.47.140]
skipping: [192.168.47.141]

TASK [docker : create docker systemd unit file] ********************************
skipping: [192.168.47.130]
skipping: [192.168.47.131]
skipping: [192.168.47.140]
skipping: [192.168.47.141]

TASK [docker : enable docker service on startup] *******************************
skipping: [192.168.47.130]
skipping: [192.168.47.131]
skipping: [192.168.47.140]
skipping: [192.168.47.141]

TASK [docker : start docker service] *******************************************
skipping: [192.168.47.130]
skipping: [192.168.47.131]
skipping: [192.168.47.140]
skipping: [192.168.47.141]

TASK [docker : wait for docker running] ****************************************
skipping: [192.168.47.130]
skipping: [192.168.47.131]
skipping: [192.168.47.140]
skipping: [192.168.47.141]

TASK [docker : configure docker symlink] ***************************************
skipping: [192.168.47.130]
skipping: [192.168.47.131]
skipping: [192.168.47.140]
skipping: [192.168.47.141]

TASK [containerd : prepare containerd-related directories] *********************
ok: [192.168.47.130] => (item=/etc/containerd)
ok: [192.168.47.140] => (item=/etc/containerd)
ok: [192.168.47.131] => (item=/etc/containerd)
ok: [192.168.47.141] => (item=/etc/containerd)
ok: [192.168.47.130] => (item=/etc/containerd/certs.d/docker.io)
ok: [192.168.47.131] => (item=/etc/containerd/certs.d/docker.io)
ok: [192.168.47.140] => (item=/etc/containerd/certs.d/docker.io)
ok: [192.168.47.141] => (item=/etc/containerd/certs.d/docker.io)
ok: [192.168.47.130] => (item=/etc/containerd/certs.d/registry.talkschool.cn:5000)
ok: [192.168.47.131] => (item=/etc/containerd/certs.d/registry.talkschool.cn:5000)
ok: [192.168.47.140] => (item=/etc/containerd/certs.d/registry.talkschool.cn:5000)
ok: [192.168.47.141] => (item=/etc/containerd/certs.d/registry.talkschool.cn:5000)
ok: [192.168.47.130] => (item=/etc/containerd/certs.d/harbor.brinnatt.io.local:8443)
ok: [192.168.47.140] => (item=/etc/containerd/certs.d/harbor.brinnatt.io.local:8443)
ok: [192.168.47.131] => (item=/etc/containerd/certs.d/harbor.brinnatt.io.local:8443)
ok: [192.168.47.141] => (item=/etc/containerd/certs.d/harbor.brinnatt.io.local:8443)

TASK [containerd : prepare INSECURE REGISTRY dirs] *****************************
skipping: [192.168.47.130] => (item=http://registry.talkschool.cn:5000) 
skipping: [192.168.47.131] => (item=http://registry.talkschool.cn:5000) 
skipping: [192.168.47.140] => (item=http://registry.talkschool.cn:5000) 
skipping: [192.168.47.141] => (item=http://registry.talkschool.cn:5000) 
ok: [192.168.47.130] => (item=https://reg.yourcompany.com)
ok: [192.168.47.131] => (item=https://reg.yourcompany.com)
ok: [192.168.47.140] => (item=https://reg.yourcompany.com)
ok: [192.168.47.141] => (item=https://reg.yourcompany.com)

TASK [containerd : load kernel module overlay] *********************************
ok: [192.168.47.131]
ok: [192.168.47.130]
ok: [192.168.47.140]
ok: [192.168.47.141]

TASK [containerd : download containerd binary] *********************************
ok: [192.168.47.130] => (item=/usr/local/kubeauto/extra-bin/containerd-bin/containerd)
ok: [192.168.47.131] => (item=/usr/local/kubeauto/extra-bin/containerd-bin/containerd)
ok: [192.168.47.141] => (item=/usr/local/kubeauto/extra-bin/containerd-bin/containerd)
ok: [192.168.47.140] => (item=/usr/local/kubeauto/extra-bin/containerd-bin/containerd)
ok: [192.168.47.130] => (item=/usr/local/kubeauto/extra-bin/containerd-bin/containerd-shim-runc-v2)
ok: [192.168.47.131] => (item=/usr/local/kubeauto/extra-bin/containerd-bin/containerd-shim-runc-v2)
ok: [192.168.47.140] => (item=/usr/local/kubeauto/extra-bin/containerd-bin/containerd-shim-runc-v2)
ok: [192.168.47.141] => (item=/usr/local/kubeauto/extra-bin/containerd-bin/containerd-shim-runc-v2)
ok: [192.168.47.131] => (item=/usr/local/kubeauto/extra-bin/containerd-bin/containerd-stress)
ok: [192.168.47.130] => (item=/usr/local/kubeauto/extra-bin/containerd-bin/containerd-stress)
ok: [192.168.47.141] => (item=/usr/local/kubeauto/extra-bin/containerd-bin/containerd-stress)
ok: [192.168.47.140] => (item=/usr/local/kubeauto/extra-bin/containerd-bin/containerd-stress)
ok: [192.168.47.131] => (item=/usr/local/kubeauto/extra-bin/containerd-bin/ctr)
ok: [192.168.47.130] => (item=/usr/local/kubeauto/extra-bin/containerd-bin/ctr)
ok: [192.168.47.141] => (item=/usr/local/kubeauto/extra-bin/containerd-bin/ctr)
ok: [192.168.47.140] => (item=/usr/local/kubeauto/extra-bin/containerd-bin/ctr)
ok: [192.168.47.131] => (item=/usr/local/kubeauto/extra-bin/containerd-bin/runc)
ok: [192.168.47.130] => (item=/usr/local/kubeauto/extra-bin/containerd-bin/runc)
ok: [192.168.47.140] => (item=/usr/local/kubeauto/extra-bin/containerd-bin/runc)
ok: [192.168.47.141] => (item=/usr/local/kubeauto/extra-bin/containerd-bin/runc)

TASK [containerd : download crictl] ********************************************
ok: [192.168.47.140]
ok: [192.168.47.130]
ok: [192.168.47.141]
ok: [192.168.47.131]

TASK [containerd : crictl bash completion] *************************************
ok: [192.168.47.140]
ok: [192.168.47.131]
ok: [192.168.47.141]
ok: [192.168.47.130]

TASK [containerd : create containerd configuration file] ***********************
ok: [192.168.47.130]
ok: [192.168.47.140]
ok: [192.168.47.131]
ok: [192.168.47.141]

TASK [containerd : configure docker.io accelerator] ****************************
ok: [192.168.47.131]
ok: [192.168.47.140]
ok: [192.168.47.130]
ok: [192.168.47.141]

TASK [containerd : configure local_registry] ***********************************
ok: [192.168.47.130]
ok: [192.168.47.140]
ok: [192.168.47.131]
ok: [192.168.47.141]

TASK [containerd : configure trusted INSECURE REGISTRY registry] ***************
skipping: [192.168.47.130] => (item=http://registry.talkschool.cn:5000) 
skipping: [192.168.47.131] => (item=http://registry.talkschool.cn:5000) 
skipping: [192.168.47.140] => (item=http://registry.talkschool.cn:5000) 
skipping: [192.168.47.141] => (item=http://registry.talkschool.cn:5000) 
ok: [192.168.47.140] => (item=https://reg.yourcompany.com)
ok: [192.168.47.131] => (item=https://reg.yourcompany.com)
ok: [192.168.47.130] => (item=https://reg.yourcompany.com)
ok: [192.168.47.141] => (item=https://reg.yourcompany.com)

TASK [containerd : configure harbor registry] **********************************
ok: [192.168.47.131]
ok: [192.168.47.130]
ok: [192.168.47.140]
ok: [192.168.47.141]

TASK [containerd : create systemd unit file] ***********************************
ok: [192.168.47.131]
ok: [192.168.47.130]
ok: [192.168.47.140]
ok: [192.168.47.141]

TASK [containerd : create crictl configuration] ********************************
ok: [192.168.47.130]
ok: [192.168.47.131]
ok: [192.168.47.140]
ok: [192.168.47.141]

TASK [containerd : enable containerd service on startup] ***********************
changed: [192.168.47.130]
changed: [192.168.47.140]
changed: [192.168.47.131]
changed: [192.168.47.141]

TASK [containerd : start containerd service] ***********************************
changed: [192.168.47.140]
changed: [192.168.47.131]
changed: [192.168.47.130]
changed: [192.168.47.141]

TASK [containerd : wait for containerd service running] ************************
changed: [192.168.47.130]
changed: [192.168.47.131]
changed: [192.168.47.140]
changed: [192.168.47.141]

PLAY [kube_master] *************************************************************

TASK [Gathering Facts] *********************************************************
ok: [192.168.47.130]

TASK [kube-lb : prepare some dirs] *********************************************
ok: [192.168.47.130] => (item=/etc/kube-lb/sbin)
ok: [192.168.47.130] => (item=/etc/kube-lb/logs)
ok: [192.168.47.130] => (item=/etc/kube-lb/conf)

TASK [kube-lb : download kube-lb(nginx)] ***************************************
ok: [192.168.47.130]

TASK [kube-lb : create kube-lb configuration file] *****************************
ok: [192.168.47.130]

TASK [kube-lb : create kube-lb systemd unit file] ******************************
ok: [192.168.47.130]

TASK [kube-lb : enable kube-lb service on startup] *****************************
changed: [192.168.47.130]

TASK [kube-lb : start kube-lb service] *****************************************
changed: [192.168.47.130]

TASK [kube-lb : wait for kube-lb service running] ******************************
changed: [192.168.47.130]

TASK [kube-master : assure k8s bin can be executable] **************************
ok: [192.168.47.130] => (item=kube-apiserver)
ok: [192.168.47.130] => (item=kube-controller-manager)
ok: [192.168.47.130] => (item=kube-scheduler)
ok: [192.168.47.130] => (item=kubectl)

TASK [kube-master : distribute controller/scheduler kubeconfig] ****************
changed: [192.168.47.130] => (item=kube-controller-manager.kubeconfig)
changed: [192.168.47.130] => (item=kube-scheduler.kubeconfig)

TASK [kube-master : create cluster audit related directories] ******************
skipping: [192.168.47.130] => (item=/etc/kubernetes/audit) 
skipping: [192.168.47.130] => (item=/var/log/kubernetes/audit) 
skipping: [192.168.47.130]

TASK [kube-master : distribute cluster audit configuration file] ***************
skipping: [192.168.47.130]

TASK [kube-master : create kubernetes CSR] *************************************
ok: [192.168.47.130 -> localhost]

TASK [kube-master : create kubernetes cert and private key] ********************
changed: [192.168.47.130 -> localhost]

TASK [kube-master : create aggregator proxy CSR] *******************************
ok: [192.168.47.130 -> localhost]

TASK [kube-master : create aggregator-proxy cert and private key] **************
changed: [192.168.47.130 -> localhost]

TASK [kube-master : distribute kubernetes cert-related files] ******************
ok: [192.168.47.130] => (item=ca.pem)
ok: [192.168.47.130] => (item=ca-key.pem)
changed: [192.168.47.130] => (item=kubernetes.pem)
changed: [192.168.47.130] => (item=kubernetes-key.pem)
changed: [192.168.47.130] => (item=aggregator-proxy.pem)
changed: [192.168.47.130] => (item=aggregator-proxy-key.pem)

TASK [kube-master : correct apiserver socket in kubeconfig] ********************
changed: [192.168.47.130] => (item=/etc/kubernetes/kube-controller-manager.kubeconfig)
changed: [192.168.47.130] => (item=/etc/kubernetes/kube-scheduler.kubeconfig)

TASK [kube-master : create master systemd unit file] ***************************
changed: [192.168.47.130] => (item=kube-apiserver.service)
changed: [192.168.47.130] => (item=kube-controller-manager.service)
changed: [192.168.47.130] => (item=kube-scheduler.service)

TASK [kube-master : enable master service on startup] **************************
changed: [192.168.47.130]

TASK [kube-master : reload systemd and restart kube-apiserver] *****************
changed: [192.168.47.130]

TASK [kube-master : wait for kube-apiserver running] ***************************
changed: [192.168.47.130]

TASK [kube-master : restart kube-controller-manager and kube-scheduler] ********
changed: [192.168.47.130]

TASK [kube-master : wait for kube-controller-manager running] ******************
FAILED - RETRYING: [192.168.47.130]: wait for kube-controller-manager running (8 retries left).
FAILED - RETRYING: [192.168.47.130]: wait for kube-controller-manager running (7 retries left).
changed: [192.168.47.130]

TASK [kube-master : wait for kube-scheduler running] ***************************
changed: [192.168.47.130]

TASK [kube-master : copy kubectl.kubeconfig] ***********************************
changed: [192.168.47.130 -> localhost]

TASK [kube-master : correct apiserver socket in kubeconfig] ********************
ok: [192.168.47.130 -> localhost]

TASK [kube-master : wait for master service running] ***************************
changed: [192.168.47.130 -> localhost]

TASK [kube-master : check if user:kubernetes was bond to related role] *********
changed: [192.168.47.130 -> localhost]

TASK [kube-master : create user:kubernetes role binding] ***********************
changed: [192.168.47.130 -> localhost]

TASK [kube-node : create kube_node related directories] ************************
changed: [192.168.47.130] => (item=/var/lib/kubelet)
changed: [192.168.47.130] => (item=/var/lib/kube-proxy)
ok: [192.168.47.130] => (item=/etc/cni/net.d)
ok: [192.168.47.130] => (item=/opt/cni/bin)

TASK [kube-node : download kubelet,kube-proxy binaries] ************************
ok: [192.168.47.130] => (item=kubectl)
ok: [192.168.47.130] => (item=kubelet)
ok: [192.168.47.130] => (item=kube-proxy)

TASK [kube-node : download cni plugins binaries] *******************************
ok: [192.168.47.130] => (item=/usr/local/kubeauto/extra-bin/cni-bin/LICENSE)
ok: [192.168.47.130] => (item=/usr/local/kubeauto/extra-bin/cni-bin/README.md)
changed: [192.168.47.130] => (item=/usr/local/kubeauto/extra-bin/cni-bin/bandwidth)
ok: [192.168.47.130] => (item=/usr/local/kubeauto/extra-bin/cni-bin/bridge)
ok: [192.168.47.130] => (item=/usr/local/kubeauto/extra-bin/cni-bin/dhcp)
ok: [192.168.47.130] => (item=/usr/local/kubeauto/extra-bin/cni-bin/dummy)
ok: [192.168.47.130] => (item=/usr/local/kubeauto/extra-bin/cni-bin/firewall)
ok: [192.168.47.130] => (item=/usr/local/kubeauto/extra-bin/cni-bin/host-device)
changed: [192.168.47.130] => (item=/usr/local/kubeauto/extra-bin/cni-bin/host-local)
ok: [192.168.47.130] => (item=/usr/local/kubeauto/extra-bin/cni-bin/ipvlan)
changed: [192.168.47.130] => (item=/usr/local/kubeauto/extra-bin/cni-bin/loopback)
ok: [192.168.47.130] => (item=/usr/local/kubeauto/extra-bin/cni-bin/macvlan)
changed: [192.168.47.130] => (item=/usr/local/kubeauto/extra-bin/cni-bin/portmap)
ok: [192.168.47.130] => (item=/usr/local/kubeauto/extra-bin/cni-bin/ptp)
ok: [192.168.47.130] => (item=/usr/local/kubeauto/extra-bin/cni-bin/sbr)
ok: [192.168.47.130] => (item=/usr/local/kubeauto/extra-bin/cni-bin/static)
ok: [192.168.47.130] => (item=/usr/local/kubeauto/extra-bin/cni-bin/tap)
changed: [192.168.47.130] => (item=/usr/local/kubeauto/extra-bin/cni-bin/tuning)
ok: [192.168.47.130] => (item=/usr/local/kubeauto/extra-bin/cni-bin/vlan)
ok: [192.168.47.130] => (item=/usr/local/kubeauto/extra-bin/cni-bin/vrf)

TASK [kube-node : kubectl bash completion] *************************************
changed: [192.168.47.130]

TASK [kube-node : prepare kubelet CSR] *****************************************
changed: [192.168.47.130 -> localhost]

TASK [kube-node : create kubelet cert and private key] *************************
changed: [192.168.47.130 -> localhost]

TASK [kube-node : set cluster params] ******************************************
changed: [192.168.47.130 -> localhost]

TASK [kube-node : set client credential params] ********************************
changed: [192.168.47.130 -> localhost]

TASK [kube-node : set context params] ******************************************
changed: [192.168.47.130 -> localhost]

TASK [kube-node : choose default context] **************************************
changed: [192.168.47.130 -> localhost]

TASK [kube-node : distribute ca cert] ******************************************
ok: [192.168.47.130]

TASK [kube-node : distribute kubelet cert] *************************************
changed: [192.168.47.130] => (item=kubelet.pem)
changed: [192.168.47.130] => (item=kubelet-key.pem)

TASK [kube-node : distribute kubeconfig] ***************************************
changed: [192.168.47.130]

TASK [kube-node : prepare cni configuration file] ******************************
changed: [192.168.47.130]

TASK [kube-node : create kubelet configuration file] ***************************
changed: [192.168.47.130]

TASK [kube-node : check if /run/systemd/resolve/resolv.conf exists] ************
ok: [192.168.47.130]

TASK [kube-node : replace resolvConf param] ************************************
skipping: [192.168.47.130]

TASK [kube-node : create kubelet systemd unit file] ****************************
changed: [192.168.47.130]

TASK [kube-node : enable kubelet service on startup] ***************************
changed: [192.168.47.130]

TASK [kube-node : start kubelet service] ***************************************
changed: [192.168.47.130]

TASK [kube-node : distribute kube-proxy.kubeconfig configuration file] *********
changed: [192.168.47.130]

TASK [kube-node : correct apiserver socket in kube-proxy.kubeconfig] ***********
changed: [192.168.47.130]

TASK [kube-node : create kube-proxy configuration] *****************************
changed: [192.168.47.130]

TASK [kube-node : create kube-proxy service file] ******************************
changed: [192.168.47.130]

TASK [kube-node : enable kube-proxy service on startup] ************************
changed: [192.168.47.130]

TASK [kube-node : start kube-proxy service] ************************************
changed: [192.168.47.130]

TASK [kube-node : wait for kube-proxy running] *********************************
changed: [192.168.47.130]

TASK [kube-node : wait for kubelet running] ************************************
changed: [192.168.47.130]

TASK [kube-node : wait for node Ready] *****************************************
changed: [192.168.47.130 -> localhost]

TASK [kube-node : Setting worker role name] ************************************
changed: [192.168.47.130 -> localhost]

TASK [kube-node : Setting master role name] ************************************
changed: [192.168.47.130 -> localhost]

TASK [kube-node : Making master nodes SchedulingDisabled] **********************
changed: [192.168.47.130 -> localhost]

PLAY [kube_master] *************************************************************

TASK [Gathering Facts] *********************************************************
ok: [192.168.47.131]

TASK [kube-lb : prepare some dirs] *********************************************
changed: [192.168.47.131] => (item=/etc/kube-lb/sbin)
changed: [192.168.47.131] => (item=/etc/kube-lb/logs)
changed: [192.168.47.131] => (item=/etc/kube-lb/conf)

TASK [kube-lb : download kube-lb(nginx)] ***************************************
changed: [192.168.47.131]

TASK [kube-lb : create kube-lb configuration file] *****************************
changed: [192.168.47.131]

TASK [kube-lb : create kube-lb systemd unit file] ******************************
changed: [192.168.47.131]

TASK [kube-lb : enable kube-lb service on startup] *****************************
changed: [192.168.47.131]

TASK [kube-lb : start kube-lb service] *****************************************
changed: [192.168.47.131]

TASK [kube-lb : wait for kube-lb service running] ******************************
changed: [192.168.47.131]

TASK [kube-master : assure k8s bin can be executable] **************************
ok: [192.168.47.131] => (item=kube-apiserver)
ok: [192.168.47.131] => (item=kube-controller-manager)
ok: [192.168.47.131] => (item=kube-scheduler)
ok: [192.168.47.131] => (item=kubectl)

TASK [kube-master : distribute controller/scheduler kubeconfig] ****************
changed: [192.168.47.131] => (item=kube-controller-manager.kubeconfig)
changed: [192.168.47.131] => (item=kube-scheduler.kubeconfig)

TASK [kube-master : create cluster audit related directories] ******************
skipping: [192.168.47.131] => (item=/etc/kubernetes/audit) 
skipping: [192.168.47.131] => (item=/var/log/kubernetes/audit) 
skipping: [192.168.47.131]

TASK [kube-master : distribute cluster audit configuration file] ***************
skipping: [192.168.47.131]

TASK [kube-master : create kubernetes CSR] *************************************
ok: [192.168.47.131 -> localhost]

TASK [kube-master : create kubernetes cert and private key] ********************
changed: [192.168.47.131 -> localhost]

TASK [kube-master : create aggregator proxy CSR] *******************************
ok: [192.168.47.131 -> localhost]

TASK [kube-master : create aggregator-proxy cert and private key] **************
changed: [192.168.47.131 -> localhost]

TASK [kube-master : distribute kubernetes cert-related files] ******************
changed: [192.168.47.131] => (item=ca.pem)
changed: [192.168.47.131] => (item=ca-key.pem)
changed: [192.168.47.131] => (item=kubernetes.pem)
changed: [192.168.47.131] => (item=kubernetes-key.pem)
changed: [192.168.47.131] => (item=aggregator-proxy.pem)
changed: [192.168.47.131] => (item=aggregator-proxy-key.pem)

TASK [kube-master : correct apiserver socket in kubeconfig] ********************
changed: [192.168.47.131] => (item=/etc/kubernetes/kube-controller-manager.kubeconfig)
changed: [192.168.47.131] => (item=/etc/kubernetes/kube-scheduler.kubeconfig)

TASK [kube-master : create master systemd unit file] ***************************
changed: [192.168.47.131] => (item=kube-apiserver.service)
changed: [192.168.47.131] => (item=kube-controller-manager.service)
changed: [192.168.47.131] => (item=kube-scheduler.service)

TASK [kube-master : enable master service on startup] **************************
changed: [192.168.47.131]

TASK [kube-master : reload systemd and restart kube-apiserver] *****************
changed: [192.168.47.131]

TASK [kube-master : wait for kube-apiserver running] ***************************
changed: [192.168.47.131]

TASK [kube-master : restart kube-controller-manager and kube-scheduler] ********
changed: [192.168.47.131]

TASK [kube-master : wait for kube-controller-manager running] ******************
changed: [192.168.47.131]

TASK [kube-master : wait for kube-scheduler running] ***************************
changed: [192.168.47.131]

TASK [kube-master : copy kubectl.kubeconfig] ***********************************
changed: [192.168.47.131 -> localhost]

TASK [kube-master : correct apiserver socket in kubeconfig] ********************
changed: [192.168.47.131 -> localhost]

TASK [kube-master : wait for master service running] ***************************
changed: [192.168.47.131 -> localhost]

TASK [kube-master : check if user:kubernetes was bond to related role] *********
changed: [192.168.47.131 -> localhost]

TASK [kube-master : create user:kubernetes role binding] ***********************
skipping: [192.168.47.131]

TASK [kube-node : create kube_node related directories] ************************
changed: [192.168.47.131] => (item=/var/lib/kubelet)
changed: [192.168.47.131] => (item=/var/lib/kube-proxy)
ok: [192.168.47.131] => (item=/etc/cni/net.d)
ok: [192.168.47.131] => (item=/opt/cni/bin)

TASK [kube-node : download kubelet,kube-proxy binaries] ************************
ok: [192.168.47.131] => (item=kubectl)
ok: [192.168.47.131] => (item=kubelet)
ok: [192.168.47.131] => (item=kube-proxy)

TASK [kube-node : download cni plugins binaries] *******************************
ok: [192.168.47.131] => (item=/usr/local/kubeauto/extra-bin/cni-bin/LICENSE)
ok: [192.168.47.131] => (item=/usr/local/kubeauto/extra-bin/cni-bin/README.md)
ok: [192.168.47.131] => (item=/usr/local/kubeauto/extra-bin/cni-bin/bandwidth)
ok: [192.168.47.131] => (item=/usr/local/kubeauto/extra-bin/cni-bin/bridge)
ok: [192.168.47.131] => (item=/usr/local/kubeauto/extra-bin/cni-bin/dhcp)
ok: [192.168.47.131] => (item=/usr/local/kubeauto/extra-bin/cni-bin/dummy)
ok: [192.168.47.131] => (item=/usr/local/kubeauto/extra-bin/cni-bin/firewall)
ok: [192.168.47.131] => (item=/usr/local/kubeauto/extra-bin/cni-bin/host-device)
ok: [192.168.47.131] => (item=/usr/local/kubeauto/extra-bin/cni-bin/host-local)
ok: [192.168.47.131] => (item=/usr/local/kubeauto/extra-bin/cni-bin/ipvlan)
ok: [192.168.47.131] => (item=/usr/local/kubeauto/extra-bin/cni-bin/loopback)
ok: [192.168.47.131] => (item=/usr/local/kubeauto/extra-bin/cni-bin/macvlan)
ok: [192.168.47.131] => (item=/usr/local/kubeauto/extra-bin/cni-bin/portmap)
ok: [192.168.47.131] => (item=/usr/local/kubeauto/extra-bin/cni-bin/ptp)
ok: [192.168.47.131] => (item=/usr/local/kubeauto/extra-bin/cni-bin/sbr)
ok: [192.168.47.131] => (item=/usr/local/kubeauto/extra-bin/cni-bin/static)
ok: [192.168.47.131] => (item=/usr/local/kubeauto/extra-bin/cni-bin/tap)
ok: [192.168.47.131] => (item=/usr/local/kubeauto/extra-bin/cni-bin/tuning)
ok: [192.168.47.131] => (item=/usr/local/kubeauto/extra-bin/cni-bin/vlan)
ok: [192.168.47.131] => (item=/usr/local/kubeauto/extra-bin/cni-bin/vrf)

TASK [kube-node : kubectl bash completion] *************************************
changed: [192.168.47.131]

TASK [kube-node : prepare kubelet CSR] *****************************************
changed: [192.168.47.131 -> localhost]

TASK [kube-node : create kubelet cert and private key] *************************
changed: [192.168.47.131 -> localhost]

TASK [kube-node : set cluster params] ******************************************
changed: [192.168.47.131 -> localhost]

TASK [kube-node : set client credential params] ********************************
changed: [192.168.47.131 -> localhost]

TASK [kube-node : set context params] ******************************************
changed: [192.168.47.131 -> localhost]

TASK [kube-node : choose default context] **************************************
changed: [192.168.47.131 -> localhost]

TASK [kube-node : distribute ca cert] ******************************************
ok: [192.168.47.131]

TASK [kube-node : distribute kubelet cert] *************************************
changed: [192.168.47.131] => (item=kubelet.pem)
changed: [192.168.47.131] => (item=kubelet-key.pem)

TASK [kube-node : distribute kubeconfig] ***************************************
changed: [192.168.47.131]

TASK [kube-node : prepare cni configuration file] ******************************
changed: [192.168.47.131]

TASK [kube-node : create kubelet configuration file] ***************************
changed: [192.168.47.131]

TASK [kube-node : check if /run/systemd/resolve/resolv.conf exists] ************
ok: [192.168.47.131]

TASK [kube-node : replace resolvConf param] ************************************
skipping: [192.168.47.131]

TASK [kube-node : create kubelet systemd unit file] ****************************
changed: [192.168.47.131]

TASK [kube-node : enable kubelet service on startup] ***************************
changed: [192.168.47.131]

TASK [kube-node : start kubelet service] ***************************************
changed: [192.168.47.131]

TASK [kube-node : distribute kube-proxy.kubeconfig configuration file] *********
changed: [192.168.47.131]

TASK [kube-node : correct apiserver socket in kube-proxy.kubeconfig] ***********
changed: [192.168.47.131]

TASK [kube-node : create kube-proxy configuration] *****************************
changed: [192.168.47.131]

TASK [kube-node : create kube-proxy service file] ******************************
changed: [192.168.47.131]

TASK [kube-node : enable kube-proxy service on startup] ************************
changed: [192.168.47.131]

TASK [kube-node : start kube-proxy service] ************************************
changed: [192.168.47.131]

TASK [kube-node : wait for kube-proxy running] *********************************
changed: [192.168.47.131]

TASK [kube-node : wait for kubelet running] ************************************
changed: [192.168.47.131]

TASK [kube-node : wait for node Ready] *****************************************
changed: [192.168.47.131 -> localhost]

TASK [kube-node : Setting worker role name] ************************************
changed: [192.168.47.131 -> localhost]

TASK [kube-node : Setting master role name] ************************************
changed: [192.168.47.131 -> localhost]

TASK [kube-node : Making master nodes SchedulingDisabled] **********************
changed: [192.168.47.131 -> localhost]

PLAY [kube_node] ***************************************************************

TASK [Gathering Facts] *********************************************************
ok: [192.168.47.140]
ok: [192.168.47.141]

TASK [kube-lb : prepare some dirs] *********************************************
changed: [192.168.47.140] => (item=/etc/kube-lb/sbin)
changed: [192.168.47.141] => (item=/etc/kube-lb/sbin)
changed: [192.168.47.140] => (item=/etc/kube-lb/logs)
changed: [192.168.47.141] => (item=/etc/kube-lb/logs)
changed: [192.168.47.140] => (item=/etc/kube-lb/conf)
changed: [192.168.47.141] => (item=/etc/kube-lb/conf)

TASK [kube-lb : download kube-lb(nginx)] ***************************************
changed: [192.168.47.140]
changed: [192.168.47.141]

TASK [kube-lb : create kube-lb configuration file] *****************************
changed: [192.168.47.140]
changed: [192.168.47.141]

TASK [kube-lb : create kube-lb systemd unit file] ******************************
changed: [192.168.47.140]
changed: [192.168.47.141]

TASK [kube-lb : enable kube-lb service on startup] *****************************
changed: [192.168.47.140]
changed: [192.168.47.141]

TASK [kube-lb : start kube-lb service] *****************************************
changed: [192.168.47.140]
changed: [192.168.47.141]

TASK [kube-lb : wait for kube-lb service running] ******************************
changed: [192.168.47.140]
changed: [192.168.47.141]

TASK [kube-node : create kube_node related directories] ************************
changed: [192.168.47.140] => (item=/var/lib/kubelet)
changed: [192.168.47.141] => (item=/var/lib/kubelet)
changed: [192.168.47.140] => (item=/var/lib/kube-proxy)
changed: [192.168.47.141] => (item=/var/lib/kube-proxy)
ok: [192.168.47.140] => (item=/etc/cni/net.d)
ok: [192.168.47.141] => (item=/etc/cni/net.d)
ok: [192.168.47.140] => (item=/opt/cni/bin)
ok: [192.168.47.141] => (item=/opt/cni/bin)

TASK [kube-node : download kubelet,kube-proxy binaries] ************************
ok: [192.168.47.140] => (item=kubectl)
ok: [192.168.47.141] => (item=kubectl)
ok: [192.168.47.140] => (item=kubelet)
ok: [192.168.47.141] => (item=kubelet)
ok: [192.168.47.140] => (item=kube-proxy)
ok: [192.168.47.141] => (item=kube-proxy)

TASK [kube-node : download cni plugins binaries] *******************************
ok: [192.168.47.140] => (item=/usr/local/kubeauto/extra-bin/cni-bin/LICENSE)
ok: [192.168.47.141] => (item=/usr/local/kubeauto/extra-bin/cni-bin/LICENSE)
ok: [192.168.47.140] => (item=/usr/local/kubeauto/extra-bin/cni-bin/README.md)
ok: [192.168.47.141] => (item=/usr/local/kubeauto/extra-bin/cni-bin/README.md)
changed: [192.168.47.140] => (item=/usr/local/kubeauto/extra-bin/cni-bin/bandwidth)
changed: [192.168.47.141] => (item=/usr/local/kubeauto/extra-bin/cni-bin/bandwidth)
ok: [192.168.47.140] => (item=/usr/local/kubeauto/extra-bin/cni-bin/bridge)
ok: [192.168.47.141] => (item=/usr/local/kubeauto/extra-bin/cni-bin/bridge)
ok: [192.168.47.140] => (item=/usr/local/kubeauto/extra-bin/cni-bin/dhcp)
ok: [192.168.47.141] => (item=/usr/local/kubeauto/extra-bin/cni-bin/dhcp)
ok: [192.168.47.140] => (item=/usr/local/kubeauto/extra-bin/cni-bin/dummy)
ok: [192.168.47.141] => (item=/usr/local/kubeauto/extra-bin/cni-bin/dummy)
ok: [192.168.47.140] => (item=/usr/local/kubeauto/extra-bin/cni-bin/firewall)
ok: [192.168.47.141] => (item=/usr/local/kubeauto/extra-bin/cni-bin/firewall)
ok: [192.168.47.140] => (item=/usr/local/kubeauto/extra-bin/cni-bin/host-device)
ok: [192.168.47.141] => (item=/usr/local/kubeauto/extra-bin/cni-bin/host-device)
changed: [192.168.47.140] => (item=/usr/local/kubeauto/extra-bin/cni-bin/host-local)
changed: [192.168.47.141] => (item=/usr/local/kubeauto/extra-bin/cni-bin/host-local)
ok: [192.168.47.140] => (item=/usr/local/kubeauto/extra-bin/cni-bin/ipvlan)
ok: [192.168.47.141] => (item=/usr/local/kubeauto/extra-bin/cni-bin/ipvlan)
changed: [192.168.47.140] => (item=/usr/local/kubeauto/extra-bin/cni-bin/loopback)
changed: [192.168.47.141] => (item=/usr/local/kubeauto/extra-bin/cni-bin/loopback)
ok: [192.168.47.140] => (item=/usr/local/kubeauto/extra-bin/cni-bin/macvlan)
ok: [192.168.47.141] => (item=/usr/local/kubeauto/extra-bin/cni-bin/macvlan)
changed: [192.168.47.140] => (item=/usr/local/kubeauto/extra-bin/cni-bin/portmap)
changed: [192.168.47.141] => (item=/usr/local/kubeauto/extra-bin/cni-bin/portmap)
ok: [192.168.47.140] => (item=/usr/local/kubeauto/extra-bin/cni-bin/ptp)
ok: [192.168.47.141] => (item=/usr/local/kubeauto/extra-bin/cni-bin/ptp)
ok: [192.168.47.140] => (item=/usr/local/kubeauto/extra-bin/cni-bin/sbr)
ok: [192.168.47.141] => (item=/usr/local/kubeauto/extra-bin/cni-bin/sbr)
ok: [192.168.47.140] => (item=/usr/local/kubeauto/extra-bin/cni-bin/static)
ok: [192.168.47.141] => (item=/usr/local/kubeauto/extra-bin/cni-bin/static)
ok: [192.168.47.140] => (item=/usr/local/kubeauto/extra-bin/cni-bin/tap)
ok: [192.168.47.141] => (item=/usr/local/kubeauto/extra-bin/cni-bin/tap)
changed: [192.168.47.140] => (item=/usr/local/kubeauto/extra-bin/cni-bin/tuning)
changed: [192.168.47.141] => (item=/usr/local/kubeauto/extra-bin/cni-bin/tuning)
ok: [192.168.47.140] => (item=/usr/local/kubeauto/extra-bin/cni-bin/vlan)
ok: [192.168.47.141] => (item=/usr/local/kubeauto/extra-bin/cni-bin/vlan)
ok: [192.168.47.140] => (item=/usr/local/kubeauto/extra-bin/cni-bin/vrf)
ok: [192.168.47.141] => (item=/usr/local/kubeauto/extra-bin/cni-bin/vrf)

TASK [kube-node : kubectl bash completion] *************************************
changed: [192.168.47.140]
changed: [192.168.47.141]

TASK [kube-node : prepare kubelet CSR] *****************************************
changed: [192.168.47.140 -> localhost]
changed: [192.168.47.141 -> localhost]

TASK [kube-node : create kubelet cert and private key] *************************
changed: [192.168.47.140 -> localhost]
changed: [192.168.47.141 -> localhost]

TASK [kube-node : set cluster params] ******************************************
changed: [192.168.47.140 -> localhost]
changed: [192.168.47.141 -> localhost]

TASK [kube-node : set client credential params] ********************************
changed: [192.168.47.140 -> localhost]
changed: [192.168.47.141 -> localhost]

TASK [kube-node : set context params] ******************************************
changed: [192.168.47.140 -> localhost]
changed: [192.168.47.141 -> localhost]

TASK [kube-node : choose default context] **************************************
changed: [192.168.47.140 -> localhost]
changed: [192.168.47.141 -> localhost]

TASK [kube-node : distribute ca cert] ******************************************
changed: [192.168.47.140]
changed: [192.168.47.141]

TASK [kube-node : distribute kubelet cert] *************************************
changed: [192.168.47.140] => (item=kubelet.pem)
changed: [192.168.47.141] => (item=kubelet.pem)
changed: [192.168.47.140] => (item=kubelet-key.pem)
changed: [192.168.47.141] => (item=kubelet-key.pem)

TASK [kube-node : distribute kubeconfig] ***************************************
changed: [192.168.47.140]
changed: [192.168.47.141]

TASK [kube-node : prepare cni configuration file] ******************************
changed: [192.168.47.140]
changed: [192.168.47.141]

TASK [kube-node : create kubelet configuration file] ***************************
changed: [192.168.47.140]
changed: [192.168.47.141]

TASK [kube-node : check if /run/systemd/resolve/resolv.conf exists] ************
ok: [192.168.47.140]
ok: [192.168.47.141]

TASK [kube-node : replace resolvConf param] ************************************
skipping: [192.168.47.140]
skipping: [192.168.47.141]

TASK [kube-node : create kubelet systemd unit file] ****************************
changed: [192.168.47.140]
changed: [192.168.47.141]

TASK [kube-node : enable kubelet service on startup] ***************************
changed: [192.168.47.140]
changed: [192.168.47.141]

TASK [kube-node : start kubelet service] ***************************************
changed: [192.168.47.140]
changed: [192.168.47.141]

TASK [kube-node : distribute kube-proxy.kubeconfig configuration file] *********
changed: [192.168.47.140]
changed: [192.168.47.141]

TASK [kube-node : correct apiserver socket in kube-proxy.kubeconfig] ***********
changed: [192.168.47.140]
changed: [192.168.47.141]

TASK [kube-node : create kube-proxy configuration] *****************************
changed: [192.168.47.140]
changed: [192.168.47.141]

TASK [kube-node : create kube-proxy service file] ******************************
changed: [192.168.47.140]
changed: [192.168.47.141]

TASK [kube-node : enable kube-proxy service on startup] ************************
changed: [192.168.47.140]
changed: [192.168.47.141]

TASK [kube-node : start kube-proxy service] ************************************
changed: [192.168.47.140]
changed: [192.168.47.141]

TASK [kube-node : wait for kube-proxy running] *********************************
changed: [192.168.47.141]
changed: [192.168.47.140]

TASK [kube-node : wait for kubelet running] ************************************
changed: [192.168.47.140]
changed: [192.168.47.141]

TASK [kube-node : wait for node Ready] *****************************************
changed: [192.168.47.140 -> localhost]
changed: [192.168.47.141 -> localhost]

TASK [kube-node : Setting worker role name] ************************************
changed: [192.168.47.140 -> localhost]
changed: [192.168.47.141 -> localhost]

TASK [kube-node : Setting master role name] ************************************
skipping: [192.168.47.140]
skipping: [192.168.47.141]

TASK [kube-node : Making master nodes SchedulingDisabled] **********************
skipping: [192.168.47.140]
skipping: [192.168.47.141]

PLAY [kube_master,kube_node] ***************************************************

TASK [Gathering Facts] *********************************************************
ok: [192.168.47.131]
ok: [192.168.47.140]
ok: [192.168.47.141]
ok: [192.168.47.130]

TASK [calico : create calico CSR] **********************************************
changed: [192.168.47.130 -> localhost]

TASK [calico : create calico cert and private key] *****************************
changed: [192.168.47.130 -> localhost]

TASK [calico : delete old calico-etcd-secrets] *********************************
skipping: [192.168.47.130]

TASK [calico : create calico-etcd-secrets] *************************************
changed: [192.168.47.130 -> localhost]

TASK [calico : configure calico DaemonSet yaml file] ***************************
changed: [192.168.47.130 -> localhost]

TASK [calico : delete calico network] ******************************************
skipping: [192.168.47.130]

TASK [calico : apply calico network] *******************************************
changed: [192.168.47.130 -> localhost]

TASK [calico : prepare some dirs] **********************************************
changed: [192.168.47.140] => (item=/etc/calico/ssl)
changed: [192.168.47.131] => (item=/etc/calico/ssl)
changed: [192.168.47.141] => (item=/etc/calico/ssl)
changed: [192.168.47.130] => (item=/etc/calico/ssl)

TASK [calico : distribute calico cert-related files] ***************************
changed: [192.168.47.131] => (item=ca.pem)
changed: [192.168.47.140] => (item=ca.pem)
changed: [192.168.47.141] => (item=ca.pem)
changed: [192.168.47.130] => (item=ca.pem)
changed: [192.168.47.140] => (item=calico.pem)
changed: [192.168.47.131] => (item=calico.pem)
changed: [192.168.47.141] => (item=calico.pem)
changed: [192.168.47.130] => (item=calico.pem)
changed: [192.168.47.140] => (item=calico-key.pem)
changed: [192.168.47.131] => (item=calico-key.pem)
changed: [192.168.47.141] => (item=calico-key.pem)
changed: [192.168.47.130] => (item=calico-key.pem)

TASK [calico : delete default cni configuration] *******************************
changed: [192.168.47.130]
changed: [192.168.47.140]
changed: [192.168.47.141]
changed: [192.168.47.131]

TASK [calico : download calicoctl client command] ******************************
ok: [192.168.47.140] => (item=calicoctl)
ok: [192.168.47.131] => (item=calicoctl)
ok: [192.168.47.141] => (item=calicoctl)
ok: [192.168.47.130] => (item=calicoctl)

TASK [calico : prepare calicoctl configuration file] ***************************
changed: [192.168.47.140]
changed: [192.168.47.131]
changed: [192.168.47.130]
changed: [192.168.47.141]

TASK [calico : wait for calico-node running in a polling manner] ***************
changed: [192.168.47.131 -> localhost]
changed: [192.168.47.140 -> localhost]
FAILED - RETRYING: [192.168.47.130 -> localhost]: wait for calico-node running in a polling manner (15 retries left).
FAILED - RETRYING: [192.168.47.141 -> localhost]: wait for calico-node running in a polling manner (15 retries left).
changed: [192.168.47.130 -> localhost]
changed: [192.168.47.141 -> localhost]

TASK [calico : choose default rr nodes(master nodes by default)] ***************
skipping: [192.168.47.130]

TASK [calico : choose user-defined rr nodes] ***********************************
skipping: [192.168.47.130]

TASK [calico : show rr nodes] **************************************************
skipping: [192.168.47.130]

TASK [calico : configure routeReflectorClusterID] ******************************
skipping: [192.168.47.130]

TASK [calico : node label] *****************************************************
skipping: [192.168.47.130]

TASK [calico : configure calico bgp yaml file] *********************************
skipping: [192.168.47.130] => (item=bgp-default.yaml) 
skipping: [192.168.47.130] => (item=bgp-rr.yaml) 
skipping: [192.168.47.130]

TASK [calico : apply calico bgp configuration] *********************************
skipping: [192.168.47.130]

TASK [calico : check bgp connection] *******************************************
skipping: [192.168.47.130]
skipping: [192.168.47.131]
skipping: [192.168.47.140]
skipping: [192.168.47.141]

TASK [calico : debug] **********************************************************
skipping: [192.168.47.130]
skipping: [192.168.47.131]
skipping: [192.168.47.140]
skipping: [192.168.47.141]

TASK [cilium : revise kernel version with float type] **************************
skipping: [192.168.47.130]
skipping: [192.168.47.131]
skipping: [192.168.47.140]
skipping: [192.168.47.141]

TASK [cilium : check if kernel version > 4.9] **********************************
skipping: [192.168.47.130]
skipping: [192.168.47.131]
skipping: [192.168.47.140]
skipping: [192.168.47.141]

TASK [cilium : create cilium chart setting] ************************************
skipping: [192.168.47.130]

TASK [cilium : helm delete cilium v1.19.5] *************************************
skipping: [192.168.47.130]

TASK [cilium : helm create cilium v1.19.5] *************************************
skipping: [192.168.47.130]

TASK [cilium : download client tools] ******************************************
skipping: [192.168.47.130] => (item=cilium) 
skipping: [192.168.47.130] => (item=hubble) 
skipping: [192.168.47.131] => (item=cilium) 
skipping: [192.168.47.131] => (item=hubble) 
skipping: [192.168.47.130]
skipping: [192.168.47.131]
skipping: [192.168.47.140] => (item=cilium) 
skipping: [192.168.47.140] => (item=hubble) 
skipping: [192.168.47.140]
skipping: [192.168.47.141] => (item=cilium) 
skipping: [192.168.47.141] => (item=hubble) 
skipping: [192.168.47.141]

TASK [cilium : delete default cni configurations] ******************************
skipping: [192.168.47.130]
skipping: [192.168.47.131]
skipping: [192.168.47.140]
skipping: [192.168.47.141]

TASK [cilium : wait for cilium-node running in a polling manner] ***************
skipping: [192.168.47.130]
skipping: [192.168.47.131]
skipping: [192.168.47.140]
skipping: [192.168.47.141]

TASK [cilium : restart hubble-ui after CNI is up (avoids frontend probe failure during bootstrap)] ***
skipping: [192.168.47.130]

TASK [cilium : restart hubble-relay pod] ***************************************
skipping: [192.168.47.130]

TASK [flannel : configure flannel DaemonSet yaml file] *************************
skipping: [192.168.47.130]

TASK [flannel : delete flannel network before applying] ************************
skipping: [192.168.47.130]

TASK [flannel : apply flannel network] *****************************************
skipping: [192.168.47.130]

TASK [flannel : delete default cni configuration] ******************************
skipping: [192.168.47.130]
skipping: [192.168.47.131]
skipping: [192.168.47.140]
skipping: [192.168.47.141]

TASK [flannel : wait for flannel running in a polling manner] ******************
skipping: [192.168.47.130]
skipping: [192.168.47.131]
skipping: [192.168.47.140]
skipping: [192.168.47.141]

TASK [kube-router : prepare to configure kube-router DaemonSet] ****************
skipping: [192.168.47.130]

TASK [kube-router : delete kube-router DaemonSet] ******************************
skipping: [192.168.47.130]

TASK [kube-router : apply kube-router DaemonSet] *******************************
skipping: [192.168.47.130]

TASK [kube-router : delete default cni configurations] *************************
skipping: [192.168.47.130]
skipping: [192.168.47.131]
skipping: [192.168.47.140]
skipping: [192.168.47.141]

TASK [kube-router : wait for kube-router running in a polling manner] **********
skipping: [192.168.47.130]
skipping: [192.168.47.131]
skipping: [192.168.47.140]
skipping: [192.168.47.141]

TASK [kube-ovn : delete default cni configurations] ****************************
skipping: [192.168.47.130]
skipping: [192.168.47.131]
skipping: [192.168.47.140]
skipping: [192.168.47.141]

TASK [kube-ovn : prepare kube-ovn-related files] *******************************
skipping: [192.168.47.130] => (item=install.sh) 
skipping: [192.168.47.130] => (item=coredns.yaml) 
skipping: [192.168.47.130]

TASK [kube-ovn : prepare dnscache deployment file with ipvs] *******************
skipping: [192.168.47.130]

TASK [kube-ovn : prepare dnscache deployment file with iptables] ***************
skipping: [192.168.47.130]

TASK [kube-ovn : apply coredns, dnscache yaml] *********************************
skipping: [192.168.47.130]

TASK [kube-ovn : install kube-ovn network] *************************************
skipping: [192.168.47.130]

TASK [kube-ovn : wait for kube-ovn running in a polling manner] ****************
skipping: [192.168.47.130]
skipping: [192.168.47.131]
skipping: [192.168.47.140]
skipping: [192.168.47.141]

PLAY [kube_master,kube_node] ***************************************************

TASK [Gathering Facts] *********************************************************
ok: [192.168.47.130]
ok: [192.168.47.131]
ok: [192.168.47.140]
ok: [192.168.47.141]

TASK [wait for node Ready] *****************************************************
changed: [192.168.47.140 -> localhost]
changed: [192.168.47.130 -> localhost]
changed: [192.168.47.131 -> localhost]
changed: [192.168.47.141 -> localhost]

TASK [Setting worker role name] ************************************************
changed: [192.168.47.141 -> localhost]
changed: [192.168.47.131 -> localhost]
changed: [192.168.47.140 -> localhost]
changed: [192.168.47.130 -> localhost]

TASK [Setting master role name] ************************************************
skipping: [192.168.47.140]
skipping: [192.168.47.141]
changed: [192.168.47.130 -> localhost]
changed: [192.168.47.131 -> localhost]

TASK [Making master nodes SchedulingDisabled] **********************************
skipping: [192.168.47.140]
skipping: [192.168.47.141]
changed: [192.168.47.130 -> localhost]
changed: [192.168.47.131 -> localhost]

PLAY [localhost] ***************************************************************

TASK [Gathering Facts] *********************************************************
ok: [localhost]

TASK [cluster-addon : 获取所有已经创建的POD信息] *******************************
changed: [localhost]

TASK [cluster-addon : 准备 DNS的部署文件] **************************************
changed: [localhost]

TASK [cluster-addon : 删除coredns部署] *****************************************
skipping: [localhost]

TASK [cluster-addon : 创建coredns部署] *****************************************
changed: [localhost]

TASK [cluster-addon : 准备dnscache的部署文件] **********************************
changed: [localhost]

TASK [cluster-addon : 准备dnscache的部署文件] **********************************
skipping: [localhost]

TASK [cluster-addon : 删除dnscache部署] ****************************************
skipping: [localhost]

TASK [cluster-addon : 创建dnscache部署] ****************************************
changed: [localhost]

TASK [cluster-addon : 准备 metrics-server的部署文件] ***************************
changed: [localhost]

TASK [cluster-addon : 删除 metrics-server部署] *********************************
skipping: [localhost]

TASK [cluster-addon : 创建 metrics-server部署] *********************************
changed: [localhost]

TASK [cluster-addon : prepare some dirs] ***************************************
skipping: [localhost]

TASK [cluster-addon : 准备 dashboard的部署文件] ********************************
skipping: [localhost] => (item=dashboard-values.yaml) 
skipping: [localhost] => (item=admin-user-sa-rbac.yaml) 
skipping: [localhost] => (item=read-user-sa-rbac.yaml) 
skipping: [localhost]

TASK [cluster-addon : 创建 dashboard部署] **************************************
skipping: [localhost]

TASK [cluster-addon : 创建用户admin,read] **************************************
skipping: [localhost]

TASK [cluster-addon : 准备 local-storage 配置目录] *****************************
skipping: [localhost]

TASK [cluster-addon : 准备 local-storage部署文件] ******************************
skipping: [localhost] => (item=local-path-storage.yaml) 
skipping: [localhost] => (item=test-pod.yaml) 
skipping: [localhost]

TASK [cluster-addon : 创建 local-storage部署] **********************************
skipping: [localhost]

TASK [cluster-addon : 准备 nfs-provisioner 配置目录] ***************************
skipping: [localhost]

TASK [cluster-addon : 准备 nfs-provisioner部署文件] ****************************
skipping: [localhost] => (item=nfs-provisioner.yaml) 
skipping: [localhost] => (item=test-pod.yaml) 
skipping: [localhost]

TASK [cluster-addon : 创建 nfs-provisioner部署] ********************************
skipping: [localhost]

TASK [cluster-addon : 清理 snapshot-controller crd] ****************************
skipping: [localhost]

TASK [cluster-addon : prepare some dirs] ***************************************
skipping: [localhost]

TASK [cluster-addon : 创建命名空间openebs] *************************************
skipping: [localhost]

TASK [cluster-addon : 创建chart 个性化设置] ************************************
skipping: [localhost] => (item=values.yaml) 
skipping: [localhost] => (item=sc.yaml) 
skipping: [localhost]

TASK [cluster-addon : helm 部署 openebs operator] ******************************
skipping: [localhost]

TASK [cluster-addon : 轮询等待部署 openebs] ************************************
skipping: [localhost]

TASK [cluster-addon : 轮询等待lvm-localpv-controller 运行] *********************
skipping: [localhost]

TASK [cluster-addon : 创建lvm storageclass] ************************************
skipping: [localhost]

TASK [cluster-addon : 获取是否已创建命名空间monitor] ***************************
skipping: [localhost]

TASK [cluster-addon : 创建命名空间monitor] *************************************
skipping: [localhost]

TASK [cluster-addon : get etcd-client-cert info] *******************************
skipping: [localhost]

TASK [cluster-addon : 创建etcd-client 证书请求] ********************************
skipping: [localhost]

TASK [cluster-addon : 创建 etcd-client证书和私钥] ******************************
skipping: [localhost]

TASK [cluster-addon : 删除 etcd-client-cert] ***********************************
skipping: [localhost]

TASK [cluster-addon : 创建 etcd-client-cert] ***********************************
skipping: [localhost]

TASK [cluster-addon : debug] ***************************************************
skipping: [localhost]

TASK [cluster-addon : 创建 prom chart 个性化设置] ******************************
skipping: [localhost]

TASK [cluster-addon : helm 删除 kube-prometheus-stack 75.7.0] ******************
skipping: [localhost]

TASK [cluster-addon : helm 创建 kube-prometheus-stack 75.7.0] ******************
skipping: [localhost]

TASK [cluster-addon : prepare some dirs] ***************************************
skipping: [localhost]

TASK [cluster-addon : 创建命名空间minio] ***************************************
skipping: [localhost]

TASK [cluster-addon : get minio-global-cert info] ******************************
skipping: [localhost]

TASK [cluster-addon : 创建 minio-global-cert] **********************************
skipping: [localhost]

TASK [cluster-addon : 创建chart 个性化设置] ************************************
skipping: [localhost] => (item=operator-values.yaml) 
skipping: [localhost] => (item=tenant-values.yaml) 
skipping: [localhost]

TASK [cluster-addon : helm 部署 minio operator] ********************************
skipping: [localhost]

TASK [cluster-addon : 轮询等待部署 minio operator] *****************************
skipping: [localhost]

TASK [cluster-addon : helm 部署 minio tenant] **********************************
skipping: [localhost]

TASK [cluster-addon : 准备 nacos的部署文件] ************************************
skipping: [localhost]

TASK [cluster-addon : 创建命名空间nacos] ***************************************
skipping: [localhost]

TASK [cluster-addon : 创建 nacos部署] ******************************************
skipping: [localhost]

TASK [cluster-addon : 创建命名空间rocketmq] ************************************
skipping: [localhost]

TASK [cluster-addon : helm 部署 rocketmq operator] *****************************
skipping: [localhost]

TASK [cluster-addon : 轮询等待 rocketmq operator 运行] *************************
skipping: [localhost]

TASK [cluster-addon : 准备 rocketmq 部署文件] **********************************
skipping: [localhost]

TASK [cluster-addon : 部署 rocketmq cluster] ***********************************
skipping: [localhost]

TASK [cluster-addon : 准备 cilium-check 配置目录] ******************************
skipping: [localhost]

TASK [cluster-addon : 准备部署文件] ********************************************
skipping: [localhost] => (item=connectivity-check.yaml) 
skipping: [localhost] => (item=check-part1.yaml) 
skipping: [localhost] => (item=namespace.yaml) 
skipping: [localhost]

TASK [cluster-addon : 创建测试namespace] ***************************************
skipping: [localhost]

TASK [cluster-addon : 创建测试part1] *******************************************
skipping: [localhost]

TASK [cluster-addon : 轮询等待echo pod运行，视下载镜像速度而定] ****************
skipping: [localhost]

TASK [cluster-addon : 创建完整测试connectivity-check] **************************
skipping: [localhost]

TASK [cluster-addon : debug] ***************************************************
skipping: [localhost]

TASK [cluster-addon : 准备 network-check 配置目录] *****************************
skipping: [localhost]

TASK [cluster-addon : 准备部署文件] ********************************************
skipping: [localhost] => (item=network-check.yaml) 
skipping: [localhost] => (item=namespace.yaml) 
skipping: [localhost]

TASK [cluster-addon : 创建测试namespace] ***************************************
skipping: [localhost]

TASK [cluster-addon : 创建完整测试network-check] *******************************
skipping: [localhost]

TASK [cluster-addon : debug] ***************************************************
skipping: [localhost]

TASK [cluster-addon : prepare some dirs] ***************************************
skipping: [localhost]

TASK [cluster-addon : 创建命名空间ingress-nginx] *******************************
skipping: [localhost]

TASK [cluster-addon : label nodes for ingress-nginx controller] ****************
skipping: [localhost]

TASK [cluster-addon : 创建chart 个性化设置] ************************************
skipping: [localhost] => (item=values.yaml) 
skipping: [localhost]

TASK [cluster-addon : helm 部署 ingress-nginx] *********************************
skipping: [localhost]

TASK [cluster-addon : 轮询等待部署 ingress-nginx] ******************************
skipping: [localhost]

TASK [cluster-addon : 提示 WARNNING] *******************************************
skipping: [localhost]

PLAY RECAP *********************************************************************
192.168.47.130             : ok=107  changed=69   unreachable=0    failed=0    skipped=125  rescued=0    ignored=0   
192.168.47.131             : ok=91   changed=62   unreachable=0    failed=0    skipped=95   rescued=0    ignored=0   
192.168.47.140             : ok=68   changed=44   unreachable=0    failed=0    skipped=96   rescued=0    ignored=0   
192.168.47.141             : ok=68   changed=44   unreachable=0    failed=0    skipped=96   rescued=0    ignored=0   
localhost                  : ok=37   changed=28   unreachable=0    failed=0    skipped=81   rescued=0    ignored=0   
[2026-07-16 16:54:39] [INFO] [service.cluster.manager] Cluster setup completed (playbook 90.setup.yml).
K8S_DEV_SETUP_OK
[PASS] G7-jumper
========== PHASE 4: 147 full cluster regression (G2-G6, Tier2/3) ==========
========== G0 preflight ==========
Ansible Python policy (ansible-core 2.17): control node Python >=3.10, target module runtime Python >=3.9
>>> bash /usr/local/kubeauto/tests/run_unit_tests.sh
test_parse_ansible_core_version (test_ansible_python.TestAnsibleCoreParsing) ... ok
test_parse_ansible_core_version_missing (test_ansible_python.TestAnsibleCoreParsing) ... ok
test_policy_fails_fast_when_detection_breaks (test_ansible_python.TestAnsiblePythonPolicy) ... ok
test_policy_resolves_from_ansible_version (test_ansible_python.TestAnsiblePythonPolicy) ... ok
test_probe_reports_missing_ansible_in_path (test_ansible_python.TestAnsiblePythonPolicy) ... ok
test_python_meets_spec (test_ansible_python.TestInterpreterValidation) ... ok
test_validate_local_interpreter (test_ansible_python.TestInterpreterValidation) ... ok
test_validate_remote_interpreter_version (test_ansible_python.TestInterpreterValidation) ... ok
test_matrix_2_16_target_runtime_min (test_ansible_python.TestSupportMatrix) ... ok
test_matrix_2_17_target_runtime_min (test_ansible_python.TestSupportMatrix) ... ok
test_all_component_images_are_brinnatt (test_brinnatt_image_contract.TestBrinnattImageContract) ... ok
test_default_images_are_brinnatt (test_brinnatt_image_contract.TestBrinnattImageContract) ... ok
test_cluster_after_flags (test_cli_completion.TestCliCompletion) ... ok
test_cluster_positional_still_works (test_cli_completion.TestCliCompletion) ... ok
test_completion_shells (test_cli_completion.TestCliCompletion) ... ok
test_docker_flags (test_cli_completion.TestCliCompletion) ... ok
test_download_long_flags_on_double_dash (test_cli_completion.TestCliCompletion) ... ok
test_download_prefix_filters_long (test_cli_completion.TestCliCompletion) ... ok
test_download_short_flags_on_dash (test_cli_completion.TestCliCompletion) ... ok
test_flag_prefix_does_not_steal_cluster_when_not_dash (test_cli_completion.TestCliCompletion) ... ok
test_kcfg_adm_mutex_hides_siblings (test_cli_completion.TestCliCompletion) ... ok
test_kcfg_adm_type_choices (test_cli_completion.TestCliCompletion) ... ok
test_kcfg_adm_type_equals_form (test_cli_completion.TestCliCompletion) ... ok
test_setup_steps_still_work (test_cli_completion.TestCliCompletion) ... ok
test_system_long_only_options (test_cli_completion.TestCliCompletion) ... ok
test_top_level_subcommands (test_cli_completion.TestCliCompletion) ... ok
test_used_flag_not_suggested_again (test_cli_completion.TestCliCompletion) ... ok
test_wait_for_daemon_ready_retries_until_sdk_ok (test_docker_daemon.TestDockerDaemonReady) ... ok
test_wait_for_daemon_ready_succeeds_on_first_ping (test_docker_daemon.TestDockerDaemonReady) ... ok
test_wait_for_daemon_ready_times_out (test_docker_daemon.TestDockerDaemonReady) ... [2026-07-16 16:54:41] [WARNING] [service.cluster.docker] Docker daemon not ready after 0.2s (docker info / SDK ping).
ok
test_execute_pull_sdk_fallback_uses_warning (test_docker_daemon.TestPullImage) ... ok
test_pull_image_logs_error_on_failure (test_docker_daemon.TestPullImage) ... ok
test_sdk_fallback_message_is_not_init_failure (test_docker_daemon.TestPullImage) ... ok
test_all_sources_fail_logs_error (test_registry_pull_sources.TestRegistryPullSources) ... ok
test_brinnatt_candidates_talkedu_first (test_registry_pull_sources.TestRegistryPullSources) ... ok
test_intermediate_failure_warning_final_error (test_registry_pull_sources.TestRegistryPullSources) ... ok
test_upstream_fallback_after_talkedu_and_hub (test_registry_pull_sources.TestRegistryPullSources)
Migrated images: talkedu → brinnatt hub → upstream origin. ... ok
test_capture_alias_is_supported (test_run_command.TestRunCommand)
Regression: capture=True must not leak to subprocess.run as invalid kwarg. ... ok
test_capture_output_default_captures_stdout (test_run_command.TestRunCommand) ... ok
test_capture_output_explicit (test_run_command.TestRunCommand) ... ok
test_default_tag_latest (test_talkedu_mirror.TestTalkeduMirror) ... ok
test_ignores_non_brinnatt (test_talkedu_mirror.TestTalkeduMirror) ... ok
test_maps_brinnatt_to_talkedu (test_talkedu_mirror.TestTalkeduMirror) ... ok
test_maps_migrated_defaults (test_talkedu_mirror.TestTalkeduMirror) ... ok
test_pull_order_talkedu_before_dockerhub (test_talkedu_mirror.TestTalkeduMirror)
CN production: hub.talkedu.cn first, Docker Hub brinnatt/* as fallback. ... ok

----------------------------------------------------------------------
Ran 45 tests in 0.323s

OK
[skip] brinnatt/calico-cni:v3.28.4
[skip] brinnatt/calico-node:v3.28.4
[skip] brinnatt/calico-kube-controllers:v3.28.4
[skip] brinnatt/coredns:1.12.4
[skip] brinnatt/registry:2
[skip] brinnatt/pause:3.10
[skip] brinnatt/metrics-server:v0.8.0
[skip] brinnatt/k8s-dns-node-cache:1.26.4
[skip] brinnatt/cilium:v1.19.5
[skip] brinnatt/cilium-operator-generic:v1.19.5
[skip] brinnatt/flannel:v0.28.4
[skip] brinnatt/flannel-cni-plugin:v1.8.0-flannel1
[skip] brinnatt/kube-router:v1.5.4
[skip] brinnatt/kube-ovn:v1.11.5
BOOTSTRAP_BRINATT_OK mode=essential fails=0
brinnatt_contract_ok 16 components
[PASS] G0
========== G1 CLI smoke ==========
>>> kubecli version
[2026-07-16 16:54:42] [INFO] [controller.cluster.cli] v0.1.1
>>> kubecli list
[2026-07-16 16:54:43] [INFO] [controller.cluster.cli] Managed clusters:
[PASS] G1
========== G5 system SSH + docker ==========
# Host 192.168.47.133 found: line 45
# Host 192.168.47.133 found: line 46
# Host 192.168.47.133 found: line 47
/root/.ssh/known_hosts updated.
Original contents retained as /root/.ssh/known_hosts.old
>>> kubecli system -a --user root --password 123456 192.168.47.130-133 192.168.47.140-142
[2026-07-16 16:54:44] [INFO] [controller.cluster.cli] 192.168.47.132: [SKIPPED] Key auth already works
[2026-07-16 16:54:44] [INFO] [controller.cluster.cli] 192.168.47.142: [SKIPPED] Key auth already works
[2026-07-16 16:54:44] [INFO] [controller.cluster.cli] 192.168.47.141: [SKIPPED] Key auth already works
[2026-07-16 16:54:44] [INFO] [controller.cluster.cli] 192.168.47.130: [SKIPPED] Key auth already works
[2026-07-16 16:54:44] [INFO] [controller.cluster.cli] 192.168.47.140: [SKIPPED] Key auth already works
[2026-07-16 16:54:44] [INFO] [controller.cluster.cli] 192.168.47.131: [SKIPPED] Key auth already works
[2026-07-16 16:54:44] [INFO] [controller.cluster.cli] 192.168.47.133: [SKIPPED] Key auth already works
>>> kubecli system -a --user brinnatt --password 123456 192.168.47.150
[2026-07-16 16:54:45] [INFO] [controller.cluster.cli] 192.168.47.150: [SKIPPED] Key auth already works
[PASS] G5-system
========== G2 cluster (re)setup ==========
[2026-07-16 16:54:45] [INFO] [service.cluster.manager] Cluster test141 created. Next: edit /usr/local/kubeauto/clusters/test141/hosts and /usr/local/kubeauto/clusters/test141/config.yml, then run setup.
>>> kubecli setup test141 90
[2026-07-16 16:54:46] [INFO] [service.cluster.manager] Ansible Python policy (ansible-core 2.17): control node Python >=3.10, target module runtime Python >=3.9
[2026-07-16 16:54:46] [INFO] [service.cluster.manager] Setting up cluster with playbook 90.setup.yml.
[2026-07-16 16:54:46] [INFO] [service.cluster.manager] Component versions (kubernetes / etcd / network):
[2026-07-16 16:54:46] [INFO] [service.cluster.manager]   kubernetes: v1.33.6, etcd: v3.6.4, calico: v3.28.4
[WARNING]: Collection ansible.posix does not support Ansible version 2.17.14

PLAY [kube_master,kube_node,etcd,ex_lb,chrony] *********************************

TASK [Gathering Facts] *********************************************************
ok: [192.168.47.141]

TASK [chrony : check if chronyd running, break the role] ***********************
skipping: [192.168.47.141]

TASK [chrony : terminate the play if chronyd running] **************************
skipping: [192.168.47.141]

TASK [chrony : uninstall residual ntp chrony] **********************************
skipping: [192.168.47.141] => (item=ntp) 
skipping: [192.168.47.141] => (item=chrony) 
skipping: [192.168.47.141]

TASK [chrony : prepare some dirs] **********************************************
skipping: [192.168.47.141] => (item=/etc/chrony) 
skipping: [192.168.47.141] => (item=/var/lib/chrony) 
skipping: [192.168.47.141] => (item=/var/log/chrony) 
skipping: [192.168.47.141]

TASK [chrony : distribute chronyd binary] **************************************
skipping: [192.168.47.141]

TASK [chrony : create chronyd systemd unit file] *******************************
skipping: [192.168.47.141]

TASK [chrony : configure chrony server] ****************************************
skipping: [192.168.47.141]

TASK [chrony : configure chrony client] ****************************************
skipping: [192.168.47.141]

TASK [chrony : enable chronyd service on startup] ******************************
skipping: [192.168.47.141]

TASK [chrony : start chronyd service] ******************************************
skipping: [192.168.47.141]

TASK [chrony : wait for chronyd running] ***************************************
skipping: [192.168.47.141]

PLAY [localhost] ***************************************************************

TASK [Gathering Facts] *********************************************************
ok: [localhost]

TASK [deploy : prepare some dirs] **********************************************
changed: [localhost] => (item=/usr/local/kubeauto/clusters/test141/ssl)
changed: [localhost] => (item=/usr/local/kubeauto/clusters/test141/backup)
changed: [localhost] => (item=/usr/local/kubeauto/clusters/test141/yml)
ok: [localhost] => (item=~/.kube)

TASK [deploy : set extra-bin directory permission] *****************************
ok: [localhost]

TASK [deploy : read ca cert stat information into p] ***************************
ok: [localhost]

TASK [deploy : prepare ca configuration and cert request] **********************
changed: [localhost] => (item=ca-config.json)
changed: [localhost] => (item=ca-csr.json)

TASK [deploy : generate CA cert and private key] *******************************
changed: [localhost]

TASK [deploy : prepare admin csr for kubectl usage] ****************************
changed: [localhost]

TASK [deploy : create admin cert and private key] ******************************
changed: [localhost]

TASK [deploy : set cluster params] *********************************************
changed: [localhost]

TASK [deploy : set client credential params] ***********************************
changed: [localhost]

TASK [deploy : set context params] *********************************************
changed: [localhost]

TASK [deploy : choose default context] *****************************************
changed: [localhost]

TASK [deploy : install kubeconfig] *********************************************
changed: [localhost]

TASK [deploy : create self-defined user certs directory] ***********************
skipping: [localhost]

TASK [deploy : prepare CA configuration] ***************************************
skipping: [localhost]

TASK [deploy : prepare {{ USER_NAME }} cert request for kubectl] ***************
skipping: [localhost]

TASK [deploy : create {{ USER_NAME }} cert and private key] ********************
skipping: [localhost]

TASK [deploy : set cluster params] *********************************************
skipping: [localhost]

TASK [deploy : set client credential params] ***********************************
skipping: [localhost]

TASK [deploy : set context params] *********************************************
skipping: [localhost]

TASK [deploy : choose default context] *****************************************
skipping: [localhost]

TASK [deploy : generate clusterrolebind configuration] *************************
skipping: [localhost]

TASK [deploy : create clusterrolebind] *****************************************
skipping: [localhost]

TASK [deploy : debug] **********************************************************
skipping: [localhost]

TASK [deploy : prepare kube-proxy csr] *****************************************
changed: [localhost]

TASK [deploy : create kube-proxy cert and private key] *************************
changed: [localhost]

TASK [deploy : set cluster params] *********************************************
changed: [localhost]

TASK [deploy : set client credential params] ***********************************
changed: [localhost]

TASK [deploy : set context params] *********************************************
changed: [localhost]

TASK [deploy : choose default context] *****************************************
changed: [localhost]

TASK [deploy : prepare kube-controller-manager csr] ****************************
changed: [localhost]

TASK [deploy : create kube-controller-manager cert and private key] ************
changed: [localhost]

TASK [deploy : set cluster params] *********************************************
changed: [localhost]

TASK [deploy : set client credential params] ***********************************
changed: [localhost]

TASK [deploy : set context params] *********************************************
changed: [localhost]

TASK [deploy : choose default context] *****************************************
changed: [localhost]

TASK [deploy : prepare kube-scheduler csr] *************************************
changed: [localhost]

TASK [deploy : create kube-scheduler cert and private key] *********************
changed: [localhost]

TASK [deploy : set cluster params] *********************************************
changed: [localhost]

TASK [deploy : set client credential params] ***********************************
changed: [localhost]

TASK [deploy : set context params] *********************************************
changed: [localhost]

TASK [deploy : choose default context] *****************************************
changed: [localhost]

PLAY [kube_master,kube_node,etcd] **********************************************

TASK [Gathering Facts] *********************************************************
ok: [192.168.47.141]

TASK [prepare : read the prepare tasks file] ***********************************
ok: [192.168.47.141]

TASK [prepare : indicates the prepare tasks finished already] ******************
ok: [192.168.47.141] => {
    "msg": "The node has finished the prepare tasks, skipping!"
}

TASK [prepare : copy huawei cloud apt mirror script] ***************************
skipping: [192.168.47.141]

TASK [prepare : apply huawei cloud apt mirror] *********************************
skipping: [192.168.47.141]

TASK [prepare : update apt cache] **********************************************
skipping: [192.168.47.141]

TASK [prepare : delete ubuntu default software] ********************************
skipping: [192.168.47.141]

TASK [prepare : install ubuntu/debian basic software] **************************
skipping: [192.168.47.141]

TASK [prepare : create journal relative directory] *****************************
skipping: [192.168.47.141] => (item=/etc/systemd/journald.conf.d) 
skipping: [192.168.47.141] => (item=/var/log/journal) 
skipping: [192.168.47.141]

TASK [prepare : optimize journal params] ***************************************
skipping: [192.168.47.141]

TASK [prepare : restart journald service] **************************************
skipping: [192.168.47.141]

TASK [prepare : copy huawei cloud yum/dnf mirror script] ***********************
skipping: [192.168.47.141]

TASK [prepare : apply huawei cloud yum/dnf mirror] *****************************
skipping: [192.168.47.141]

TASK [prepare : detect ansible-compatible python on target] ********************
skipping: [192.168.47.141]

TASK [prepare : install python39 for ansible (RHEL8 family, only when no compatible python)] ***
skipping: [192.168.47.141]

TASK [prepare : delete centos/redhat default software] *************************
skipping: [192.168.47.141]

TASK [prepare : install basic system software] *********************************
skipping: [192.168.47.141]

TASK [prepare : disable selinux right now] *************************************
skipping: [192.168.47.141]

TASK [prepare : check if /etc/selinux/config exists] ***************************
skipping: [192.168.47.141]

TASK [prepare : disable selinux forever] ***************************************
skipping: [192.168.47.141]

TASK [prepare : disable selinux forever] ***************************************
skipping: [192.168.47.141]

TASK [prepare : forbidden rsyslog fetch journald 1, avoid double handling logs and wasting disk space] ***
skipping: [192.168.47.141]

TASK [prepare : forbidden rsyslog fetch journald 2, avoid double handling logs and wasting disk space] ***
skipping: [192.168.47.141]

TASK [prepare : restart rsyslog service] ***************************************
skipping: [192.168.47.141]

TASK [prepare : copy huawei cloud zypper mirror script] ************************
skipping: [192.168.47.141]

TASK [prepare : apply huawei cloud zypper mirror] ******************************
skipping: [192.168.47.141]

TASK [prepare : install basic system software] *********************************
skipping: [192.168.47.141]

TASK [prepare : copy huawei cloud yum/dnf mirror script] ***********************
skipping: [192.168.47.141]

TASK [prepare : apply huawei cloud yum/dnf mirror] *****************************
skipping: [192.168.47.141]

TASK [prepare : detect ansible-compatible python on target] ********************
skipping: [192.168.47.141]

TASK [prepare : install python39 for ansible (RHEL8 family, only when no compatible python)] ***
skipping: [192.168.47.141]

TASK [prepare : delete centos/redhat default software] *************************
skipping: [192.168.47.141]

TASK [prepare : install basic system software] *********************************
skipping: [192.168.47.141]

TASK [prepare : disable selinux right now] *************************************
skipping: [192.168.47.141]

TASK [prepare : check if /etc/selinux/config exists] ***************************
skipping: [192.168.47.141]

TASK [prepare : disable selinux forever] ***************************************
skipping: [192.168.47.141]

TASK [prepare : disable selinux forever] ***************************************
skipping: [192.168.47.141]

TASK [prepare : forbidden rsyslog fetch journald 1, avoid double handling logs and wasting disk space] ***
skipping: [192.168.47.141]

TASK [prepare : forbidden rsyslog fetch journald 2, avoid double handling logs and wasting disk space] ***
skipping: [192.168.47.141]

TASK [prepare : restart rsyslog service] ***************************************
skipping: [192.168.47.141]

TASK [prepare : disable swap] **************************************************
skipping: [192.168.47.141]

TASK [prepare : delete fstab swap configuration] *******************************
skipping: [192.168.47.141]

TASK [prepare : load kernel module] ********************************************
skipping: [192.168.47.141] => (item=br_netfilter) 
skipping: [192.168.47.141] => (item=dm_snapshot) 
skipping: [192.168.47.141] => (item=dm_thin_pool) 
skipping: [192.168.47.141] => (item=ip_vs) 
skipping: [192.168.47.141] => (item=ip_vs_rr) 
skipping: [192.168.47.141] => (item=ip_vs_wrr) 
skipping: [192.168.47.141] => (item=ip_vs_sh) 
skipping: [192.168.47.141] => (item=nf_conntrack) 
skipping: [192.168.47.141]

TASK [prepare : try to load nf_conntrack_ipv4] *********************************
skipping: [192.168.47.141]

TASK [prepare : enable systemd loading module automatically] *******************
skipping: [192.168.47.141]

TASK [prepare : load kernel module on startup] *********************************
skipping: [192.168.47.141]

TASK [prepare : set system params] *********************************************
skipping: [192.168.47.141]

TASK [prepare : check if fs.may_detach_mounts needs to be set] *****************
skipping: [192.168.47.141]

TASK [prepare : if needed, set fs.may_detach_mounts as 1] **********************
skipping: [192.168.47.141]

TASK [prepare : check if net.ipv4.tcp_tw_recycle needs to be set] **************
skipping: [192.168.47.141]

TASK [prepare : if needed, set tcp_tw_recycle] *********************************
skipping: [192.168.47.141]

TASK [prepare : take effect on system] *****************************************
skipping: [192.168.47.141]

TASK [prepare : create systemd configuration directory] ************************
skipping: [192.168.47.141]

TASK [prepare : set system param ulimits] **************************************
skipping: [192.168.47.141]

TASK [prepare : take SCTP to kernel module blacklist] **************************
skipping: [192.168.47.141]

TASK [prepare : prepare some dirs] *********************************************
skipping: [192.168.47.141] => (item=/usr/local/bin) 
skipping: [192.168.47.141] => (item=/etc/kubernetes/ssl) 
skipping: [192.168.47.141] => (item=/root/.kube) 
skipping: [192.168.47.141]

TASK [prepare : copy kubectl kubeconfig to home dir] ***************************
skipping: [192.168.47.141]

TASK [prepare : add hosts entry to resolve local registry] *********************
skipping: [192.168.47.141]

TASK [prepare : set node hostname] *********************************************
skipping: [192.168.47.141]

TASK [prepare : the master[0] resolves all hosts master-141 in /etc/hosts] *****
skipping: [192.168.47.141]

TASK [prepare : get /etc/hosts from the master[0]] *****************************
skipping: [192.168.47.141]

TASK [prepare : delete /etc/hosts in the master[0]] ****************************
skipping: [192.168.47.141]

TASK [prepare : sync /etc/hosts to all hosts] **********************************
skipping: [192.168.47.141] => (item=192.168.47.141) 
skipping: [192.168.47.141] => (item=192.168.47.141) 
skipping: [192.168.47.141]

TASK [prepare : set prepare tasks label file] **********************************
skipping: [192.168.47.141]

PLAY [etcd] ********************************************************************

TASK [Gathering Facts] *********************************************************
ok: [192.168.47.141]

TASK [etcd : prepare some dirs] ************************************************
changed: [192.168.47.141]

TASK [etcd : download etcd binary] *********************************************
ok: [192.168.47.141] => (item=etcd)
ok: [192.168.47.141] => (item=etcdctl)
ok: [192.168.47.141] => (item=etcdutl)

TASK [etcd : create etcd CSR] **************************************************
changed: [192.168.47.141 -> localhost]

TASK [etcd : create etcd certs and private key] ********************************
changed: [192.168.47.141 -> localhost]

TASK [etcd : distribute etcd cert-related files] *******************************
changed: [192.168.47.141] => (item=ca.pem)
changed: [192.168.47.141] => (item=etcd.pem)
changed: [192.168.47.141] => (item=etcd-key.pem)

TASK [etcd : create etcd systemd unit file] ************************************
changed: [192.168.47.141]

TASK [etcd : enable etcd service on startup] ***********************************
changed: [192.168.47.141]

TASK [etcd : start etcd service] ***********************************************
changed: [192.168.47.141]

TASK [etcd : wait for etcd service running] ************************************
changed: [192.168.47.141]

PLAY [kube_master,kube_node] ***************************************************

TASK [Gathering Facts] *********************************************************
ok: [192.168.47.141]

TASK [docker : check if docker was installed] **********************************
skipping: [192.168.47.141]

TASK [docker : get docker version information] *********************************
skipping: [192.168.47.141]

TASK [docker : debug info] *****************************************************
skipping: [192.168.47.141]

TASK [docker : revise docker version with float type] **************************
skipping: [192.168.47.141]

TASK [docker : infer docker installed] *****************************************
skipping: [192.168.47.141]

TASK [docker : prepare docker-related directories] *****************************
skipping: [192.168.47.141] => (item=/usr/local/bin) 
skipping: [192.168.47.141] => (item=/etc/docker) 
skipping: [192.168.47.141]

TASK [docker : download docker binary] *****************************************
skipping: [192.168.47.141] => (item=/usr/local/kubeauto/docker-bin/docker-compose) 
skipping: [192.168.47.141] => (item=/usr/local/kubeauto/docker-bin/runc) 
skipping: [192.168.47.141] => (item=/usr/local/kubeauto/docker-bin/dockerd) 
skipping: [192.168.47.141] => (item=/usr/local/kubeauto/docker-bin/docker) 
skipping: [192.168.47.141] => (item=/usr/local/kubeauto/docker-bin/docker-proxy) 
skipping: [192.168.47.141] => (item=/usr/local/kubeauto/docker-bin/docker-init) 
skipping: [192.168.47.141] => (item=/usr/local/kubeauto/docker-bin/docker-buildx) 
skipping: [192.168.47.141] => (item=/usr/local/kubeauto/docker-bin/ctr) 
skipping: [192.168.47.141] => (item=/usr/local/kubeauto/docker-bin/containerd) 
skipping: [192.168.47.141] => (item=/usr/local/kubeauto/docker-bin/containerd-shim-runc-v2) 
skipping: [192.168.47.141]

TASK [docker : configure docker daemon] ****************************************
skipping: [192.168.47.141]

TASK [docker : create docker systemd unit file] ********************************
skipping: [192.168.47.141]

TASK [docker : enable docker service on startup] *******************************
skipping: [192.168.47.141]

TASK [docker : start docker service] *******************************************
skipping: [192.168.47.141]

TASK [docker : wait for docker running] ****************************************
skipping: [192.168.47.141]

TASK [docker : configure docker symlink] ***************************************
skipping: [192.168.47.141]

TASK [containerd : prepare containerd-related directories] *********************
ok: [192.168.47.141] => (item=/etc/containerd)
ok: [192.168.47.141] => (item=/etc/containerd/certs.d/docker.io)
ok: [192.168.47.141] => (item=/etc/containerd/certs.d/registry.talkschool.cn:5000)
ok: [192.168.47.141] => (item=/etc/containerd/certs.d/harbor.brinnatt.io.local:8443)

TASK [containerd : prepare INSECURE REGISTRY dirs] *****************************
skipping: [192.168.47.141] => (item=http://registry.talkschool.cn:5000) 
ok: [192.168.47.141] => (item=https://reg.yourcompany.com)

TASK [containerd : load kernel module overlay] *********************************
ok: [192.168.47.141]

TASK [containerd : download containerd binary] *********************************
ok: [192.168.47.141] => (item=/usr/local/kubeauto/extra-bin/containerd-bin/runc)
ok: [192.168.47.141] => (item=/usr/local/kubeauto/extra-bin/containerd-bin/containerd-stress)
ok: [192.168.47.141] => (item=/usr/local/kubeauto/extra-bin/containerd-bin/ctr)
ok: [192.168.47.141] => (item=/usr/local/kubeauto/extra-bin/containerd-bin/containerd)
ok: [192.168.47.141] => (item=/usr/local/kubeauto/extra-bin/containerd-bin/containerd-shim-runc-v2)

TASK [containerd : download crictl] ********************************************
ok: [192.168.47.141]

TASK [containerd : crictl bash completion] *************************************
ok: [192.168.47.141]

TASK [containerd : create containerd configuration file] ***********************
ok: [192.168.47.141]

TASK [containerd : configure docker.io accelerator] ****************************
ok: [192.168.47.141]

TASK [containerd : configure local_registry] ***********************************
ok: [192.168.47.141]

TASK [containerd : configure trusted INSECURE REGISTRY registry] ***************
skipping: [192.168.47.141] => (item=http://registry.talkschool.cn:5000) 
ok: [192.168.47.141] => (item=https://reg.yourcompany.com)

TASK [containerd : configure harbor registry] **********************************
ok: [192.168.47.141]

TASK [containerd : create systemd unit file] ***********************************
ok: [192.168.47.141]

TASK [containerd : create crictl configuration] ********************************
ok: [192.168.47.141]

TASK [containerd : enable containerd service on startup] ***********************
changed: [192.168.47.141]

TASK [containerd : start containerd service] ***********************************
changed: [192.168.47.141]

TASK [containerd : wait for containerd service running] ************************
changed: [192.168.47.141]

PLAY [kube_master] *************************************************************

TASK [Gathering Facts] *********************************************************
ok: [192.168.47.141]

TASK [kube-lb : prepare some dirs] *********************************************
ok: [192.168.47.141] => (item=/etc/kube-lb/sbin)
ok: [192.168.47.141] => (item=/etc/kube-lb/logs)
ok: [192.168.47.141] => (item=/etc/kube-lb/conf)

TASK [kube-lb : download kube-lb(nginx)] ***************************************
ok: [192.168.47.141]

TASK [kube-lb : create kube-lb configuration file] *****************************
changed: [192.168.47.141]

TASK [kube-lb : create kube-lb systemd unit file] ******************************
ok: [192.168.47.141]

TASK [kube-lb : enable kube-lb service on startup] *****************************
changed: [192.168.47.141]

TASK [kube-lb : start kube-lb service] *****************************************
changed: [192.168.47.141]

TASK [kube-lb : wait for kube-lb service running] ******************************
changed: [192.168.47.141]

TASK [kube-master : assure k8s bin can be executable] **************************
ok: [192.168.47.141] => (item=kube-apiserver)
ok: [192.168.47.141] => (item=kube-controller-manager)
ok: [192.168.47.141] => (item=kube-scheduler)
ok: [192.168.47.141] => (item=kubectl)

TASK [kube-master : distribute controller/scheduler kubeconfig] ****************
changed: [192.168.47.141] => (item=kube-controller-manager.kubeconfig)
changed: [192.168.47.141] => (item=kube-scheduler.kubeconfig)

TASK [kube-master : create cluster audit related directories] ******************
skipping: [192.168.47.141] => (item=/etc/kubernetes/audit) 
skipping: [192.168.47.141] => (item=/var/log/kubernetes/audit) 
skipping: [192.168.47.141]

TASK [kube-master : distribute cluster audit configuration file] ***************
skipping: [192.168.47.141]

TASK [kube-master : create kubernetes CSR] *************************************
changed: [192.168.47.141 -> localhost]

TASK [kube-master : create kubernetes cert and private key] ********************
changed: [192.168.47.141 -> localhost]

TASK [kube-master : create aggregator proxy CSR] *******************************
changed: [192.168.47.141 -> localhost]

TASK [kube-master : create aggregator-proxy cert and private key] **************
changed: [192.168.47.141 -> localhost]

TASK [kube-master : distribute kubernetes cert-related files] ******************
ok: [192.168.47.141] => (item=ca.pem)
changed: [192.168.47.141] => (item=ca-key.pem)
changed: [192.168.47.141] => (item=kubernetes.pem)
changed: [192.168.47.141] => (item=kubernetes-key.pem)
changed: [192.168.47.141] => (item=aggregator-proxy.pem)
changed: [192.168.47.141] => (item=aggregator-proxy-key.pem)

TASK [kube-master : correct apiserver socket in kubeconfig] ********************
changed: [192.168.47.141] => (item=/etc/kubernetes/kube-controller-manager.kubeconfig)
changed: [192.168.47.141] => (item=/etc/kubernetes/kube-scheduler.kubeconfig)

TASK [kube-master : create master systemd unit file] ***************************
changed: [192.168.47.141] => (item=kube-apiserver.service)
changed: [192.168.47.141] => (item=kube-controller-manager.service)
changed: [192.168.47.141] => (item=kube-scheduler.service)

TASK [kube-master : enable master service on startup] **************************
changed: [192.168.47.141]

TASK [kube-master : reload systemd and restart kube-apiserver] *****************
changed: [192.168.47.141]

TASK [kube-master : wait for kube-apiserver running] ***************************
changed: [192.168.47.141]

TASK [kube-master : restart kube-controller-manager and kube-scheduler] ********
changed: [192.168.47.141]

TASK [kube-master : wait for kube-controller-manager running] ******************
FAILED - RETRYING: [192.168.47.141]: wait for kube-controller-manager running (8 retries left).
FAILED - RETRYING: [192.168.47.141]: wait for kube-controller-manager running (7 retries left).
changed: [192.168.47.141]

TASK [kube-master : wait for kube-scheduler running] ***************************
changed: [192.168.47.141]

TASK [kube-master : copy kubectl.kubeconfig] ***********************************
changed: [192.168.47.141 -> localhost]

TASK [kube-master : correct apiserver socket in kubeconfig] ********************
ok: [192.168.47.141 -> localhost]

TASK [kube-master : wait for master service running] ***************************
changed: [192.168.47.141 -> localhost]

TASK [kube-master : check if user:kubernetes was bond to related role] *********
changed: [192.168.47.141 -> localhost]

TASK [kube-master : create user:kubernetes role binding] ***********************
changed: [192.168.47.141 -> localhost]

TASK [kube-node : create kube_node related directories] ************************
ok: [192.168.47.141] => (item=/var/lib/kubelet)
ok: [192.168.47.141] => (item=/var/lib/kube-proxy)
ok: [192.168.47.141] => (item=/etc/cni/net.d)
ok: [192.168.47.141] => (item=/opt/cni/bin)

TASK [kube-node : download kubelet,kube-proxy binaries] ************************
ok: [192.168.47.141] => (item=kubectl)
ok: [192.168.47.141] => (item=kubelet)
ok: [192.168.47.141] => (item=kube-proxy)

TASK [kube-node : download cni plugins binaries] *******************************
changed: [192.168.47.141] => (item=/usr/local/kubeauto/extra-bin/cni-bin/portmap)
ok: [192.168.47.141] => (item=/usr/local/kubeauto/extra-bin/cni-bin/README.md)
ok: [192.168.47.141] => (item=/usr/local/kubeauto/extra-bin/cni-bin/static)
ok: [192.168.47.141] => (item=/usr/local/kubeauto/extra-bin/cni-bin/sbr)
changed: [192.168.47.141] => (item=/usr/local/kubeauto/extra-bin/cni-bin/host-local)
ok: [192.168.47.141] => (item=/usr/local/kubeauto/extra-bin/cni-bin/vrf)
ok: [192.168.47.141] => (item=/usr/local/kubeauto/extra-bin/cni-bin/macvlan)
changed: [192.168.47.141] => (item=/usr/local/kubeauto/extra-bin/cni-bin/bandwidth)
ok: [192.168.47.141] => (item=/usr/local/kubeauto/extra-bin/cni-bin/bridge)
ok: [192.168.47.141] => (item=/usr/local/kubeauto/extra-bin/cni-bin/tap)
ok: [192.168.47.141] => (item=/usr/local/kubeauto/extra-bin/cni-bin/ipvlan)
ok: [192.168.47.141] => (item=/usr/local/kubeauto/extra-bin/cni-bin/host-device)
changed: [192.168.47.141] => (item=/usr/local/kubeauto/extra-bin/cni-bin/tuning)
ok: [192.168.47.141] => (item=/usr/local/kubeauto/extra-bin/cni-bin/vlan)
ok: [192.168.47.141] => (item=/usr/local/kubeauto/extra-bin/cni-bin/firewall)
changed: [192.168.47.141] => (item=/usr/local/kubeauto/extra-bin/cni-bin/loopback)
ok: [192.168.47.141] => (item=/usr/local/kubeauto/extra-bin/cni-bin/ptp)
ok: [192.168.47.141] => (item=/usr/local/kubeauto/extra-bin/cni-bin/dummy)
ok: [192.168.47.141] => (item=/usr/local/kubeauto/extra-bin/cni-bin/LICENSE)
ok: [192.168.47.141] => (item=/usr/local/kubeauto/extra-bin/cni-bin/dhcp)

TASK [kube-node : kubectl bash completion] *************************************
ok: [192.168.47.141]

TASK [kube-node : prepare kubelet CSR] *****************************************
changed: [192.168.47.141 -> localhost]

TASK [kube-node : create kubelet cert and private key] *************************
changed: [192.168.47.141 -> localhost]

TASK [kube-node : set cluster params] ******************************************
changed: [192.168.47.141 -> localhost]

TASK [kube-node : set client credential params] ********************************
changed: [192.168.47.141 -> localhost]

TASK [kube-node : set context params] ******************************************
changed: [192.168.47.141 -> localhost]

TASK [kube-node : choose default context] **************************************
changed: [192.168.47.141 -> localhost]

TASK [kube-node : distribute ca cert] ******************************************
ok: [192.168.47.141]

TASK [kube-node : distribute kubelet cert] *************************************
changed: [192.168.47.141] => (item=kubelet.pem)
changed: [192.168.47.141] => (item=kubelet-key.pem)

TASK [kube-node : distribute kubeconfig] ***************************************
changed: [192.168.47.141]

TASK [kube-node : prepare cni configuration file] ******************************
changed: [192.168.47.141]

TASK [kube-node : create kubelet configuration file] ***************************
ok: [192.168.47.141]

TASK [kube-node : check if /run/systemd/resolve/resolv.conf exists] ************
ok: [192.168.47.141]

TASK [kube-node : replace resolvConf param] ************************************
skipping: [192.168.47.141]

TASK [kube-node : create kubelet systemd unit file] ****************************
changed: [192.168.47.141]

TASK [kube-node : enable kubelet service on startup] ***************************
changed: [192.168.47.141]

TASK [kube-node : start kubelet service] ***************************************
changed: [192.168.47.141]

TASK [kube-node : distribute kube-proxy.kubeconfig configuration file] *********
changed: [192.168.47.141]

TASK [kube-node : correct apiserver socket in kube-proxy.kubeconfig] ***********
changed: [192.168.47.141]

TASK [kube-node : create kube-proxy configuration] *****************************
changed: [192.168.47.141]

TASK [kube-node : create kube-proxy service file] ******************************
ok: [192.168.47.141]

TASK [kube-node : enable kube-proxy service on startup] ************************
changed: [192.168.47.141]

TASK [kube-node : start kube-proxy service] ************************************
changed: [192.168.47.141]

TASK [kube-node : wait for kube-proxy running] *********************************
changed: [192.168.47.141]

TASK [kube-node : wait for kubelet running] ************************************
changed: [192.168.47.141]

TASK [kube-node : wait for node Ready] *****************************************
changed: [192.168.47.141 -> localhost]

TASK [kube-node : Setting worker role name] ************************************
changed: [192.168.47.141 -> localhost]

TASK [kube-node : Setting master role name] ************************************
changed: [192.168.47.141 -> localhost]

TASK [kube-node : Making master nodes SchedulingDisabled] **********************
skipping: [192.168.47.141]

PLAY [kube_node] ***************************************************************

TASK [Gathering Facts] *********************************************************
ok: [192.168.47.141]

TASK [kube-lb : prepare some dirs] *********************************************
skipping: [192.168.47.141] => (item=/etc/kube-lb/sbin) 
skipping: [192.168.47.141] => (item=/etc/kube-lb/logs) 
skipping: [192.168.47.141] => (item=/etc/kube-lb/conf) 
skipping: [192.168.47.141]

TASK [kube-lb : download kube-lb(nginx)] ***************************************
skipping: [192.168.47.141]

TASK [kube-lb : create kube-lb configuration file] *****************************
skipping: [192.168.47.141]

TASK [kube-lb : create kube-lb systemd unit file] ******************************
skipping: [192.168.47.141]

TASK [kube-lb : enable kube-lb service on startup] *****************************
skipping: [192.168.47.141]

TASK [kube-lb : start kube-lb service] *****************************************
skipping: [192.168.47.141]

TASK [kube-lb : wait for kube-lb service running] ******************************
skipping: [192.168.47.141]

TASK [kube-node : create kube_node related directories] ************************
skipping: [192.168.47.141] => (item=/var/lib/kubelet) 
skipping: [192.168.47.141] => (item=/var/lib/kube-proxy) 
skipping: [192.168.47.141] => (item=/etc/cni/net.d) 
skipping: [192.168.47.141] => (item=/opt/cni/bin) 
skipping: [192.168.47.141]

TASK [kube-node : download kubelet,kube-proxy binaries] ************************
skipping: [192.168.47.141] => (item=kubectl) 
skipping: [192.168.47.141] => (item=kubelet) 
skipping: [192.168.47.141] => (item=kube-proxy) 
skipping: [192.168.47.141]

TASK [kube-node : download cni plugins binaries] *******************************
skipping: [192.168.47.141] => (item=/usr/local/kubeauto/extra-bin/cni-bin/portmap) 
skipping: [192.168.47.141] => (item=/usr/local/kubeauto/extra-bin/cni-bin/README.md) 
skipping: [192.168.47.141] => (item=/usr/local/kubeauto/extra-bin/cni-bin/static) 
skipping: [192.168.47.141] => (item=/usr/local/kubeauto/extra-bin/cni-bin/sbr) 
skipping: [192.168.47.141] => (item=/usr/local/kubeauto/extra-bin/cni-bin/host-local) 
skipping: [192.168.47.141] => (item=/usr/local/kubeauto/extra-bin/cni-bin/vrf) 
skipping: [192.168.47.141] => (item=/usr/local/kubeauto/extra-bin/cni-bin/macvlan) 
skipping: [192.168.47.141] => (item=/usr/local/kubeauto/extra-bin/cni-bin/bandwidth) 
skipping: [192.168.47.141] => (item=/usr/local/kubeauto/extra-bin/cni-bin/bridge) 
skipping: [192.168.47.141] => (item=/usr/local/kubeauto/extra-bin/cni-bin/tap) 
skipping: [192.168.47.141] => (item=/usr/local/kubeauto/extra-bin/cni-bin/ipvlan) 
skipping: [192.168.47.141] => (item=/usr/local/kubeauto/extra-bin/cni-bin/host-device) 
skipping: [192.168.47.141] => (item=/usr/local/kubeauto/extra-bin/cni-bin/tuning) 
skipping: [192.168.47.141] => (item=/usr/local/kubeauto/extra-bin/cni-bin/vlan) 
skipping: [192.168.47.141] => (item=/usr/local/kubeauto/extra-bin/cni-bin/firewall) 
skipping: [192.168.47.141] => (item=/usr/local/kubeauto/extra-bin/cni-bin/loopback) 
skipping: [192.168.47.141] => (item=/usr/local/kubeauto/extra-bin/cni-bin/ptp) 
skipping: [192.168.47.141] => (item=/usr/local/kubeauto/extra-bin/cni-bin/dummy) 
skipping: [192.168.47.141] => (item=/usr/local/kubeauto/extra-bin/cni-bin/LICENSE) 
skipping: [192.168.47.141] => (item=/usr/local/kubeauto/extra-bin/cni-bin/dhcp) 
skipping: [192.168.47.141]

TASK [kube-node : kubectl bash completion] *************************************
skipping: [192.168.47.141]

TASK [kube-node : prepare kubelet CSR] *****************************************
skipping: [192.168.47.141]

TASK [kube-node : create kubelet cert and private key] *************************
skipping: [192.168.47.141]

TASK [kube-node : set cluster params] ******************************************
skipping: [192.168.47.141]

TASK [kube-node : set client credential params] ********************************
skipping: [192.168.47.141]

TASK [kube-node : set context params] ******************************************
skipping: [192.168.47.141]

TASK [kube-node : choose default context] **************************************
skipping: [192.168.47.141]

TASK [kube-node : distribute ca cert] ******************************************
skipping: [192.168.47.141]

TASK [kube-node : distribute kubelet cert] *************************************
skipping: [192.168.47.141] => (item=kubelet.pem) 
skipping: [192.168.47.141] => (item=kubelet-key.pem) 
skipping: [192.168.47.141]

TASK [kube-node : distribute kubeconfig] ***************************************
skipping: [192.168.47.141]

TASK [kube-node : prepare cni configuration file] ******************************
skipping: [192.168.47.141]

TASK [kube-node : create kubelet configuration file] ***************************
skipping: [192.168.47.141]

TASK [kube-node : check if /run/systemd/resolve/resolv.conf exists] ************
skipping: [192.168.47.141]

TASK [kube-node : replace resolvConf param] ************************************
skipping: [192.168.47.141]

TASK [kube-node : create kubelet systemd unit file] ****************************
skipping: [192.168.47.141]

TASK [kube-node : enable kubelet service on startup] ***************************
skipping: [192.168.47.141]

TASK [kube-node : start kubelet service] ***************************************
skipping: [192.168.47.141]

TASK [kube-node : distribute kube-proxy.kubeconfig configuration file] *********
skipping: [192.168.47.141]

TASK [kube-node : correct apiserver socket in kube-proxy.kubeconfig] ***********
skipping: [192.168.47.141]

TASK [kube-node : create kube-proxy configuration] *****************************
skipping: [192.168.47.141]

TASK [kube-node : create kube-proxy service file] ******************************
skipping: [192.168.47.141]

TASK [kube-node : enable kube-proxy service on startup] ************************
skipping: [192.168.47.141]

TASK [kube-node : start kube-proxy service] ************************************
skipping: [192.168.47.141]

TASK [kube-node : wait for kube-proxy running] *********************************
skipping: [192.168.47.141]

TASK [kube-node : wait for kubelet running] ************************************
skipping: [192.168.47.141]

TASK [kube-node : wait for node Ready] *****************************************
skipping: [192.168.47.141]

TASK [kube-node : Setting worker role name] ************************************
skipping: [192.168.47.141]

TASK [kube-node : Setting master role name] ************************************
skipping: [192.168.47.141]

TASK [kube-node : Making master nodes SchedulingDisabled] **********************
skipping: [192.168.47.141]

PLAY [kube_master,kube_node] ***************************************************

TASK [Gathering Facts] *********************************************************
ok: [192.168.47.141]

TASK [calico : create calico CSR] **********************************************
changed: [192.168.47.141 -> localhost]

TASK [calico : create calico cert and private key] *****************************
changed: [192.168.47.141 -> localhost]

TASK [calico : delete old calico-etcd-secrets] *********************************
skipping: [192.168.47.141]

TASK [calico : create calico-etcd-secrets] *************************************
changed: [192.168.47.141 -> localhost]

TASK [calico : configure calico DaemonSet yaml file] ***************************
changed: [192.168.47.141 -> localhost]

TASK [calico : delete calico network] ******************************************
skipping: [192.168.47.141]

TASK [calico : apply calico network] *******************************************
changed: [192.168.47.141 -> localhost]

TASK [calico : prepare some dirs] **********************************************
ok: [192.168.47.141] => (item=/etc/calico/ssl)

TASK [calico : distribute calico cert-related files] ***************************
changed: [192.168.47.141] => (item=ca.pem)
changed: [192.168.47.141] => (item=calico.pem)
changed: [192.168.47.141] => (item=calico-key.pem)

TASK [calico : delete default cni configuration] *******************************
changed: [192.168.47.141]

TASK [calico : download calicoctl client command] ******************************
ok: [192.168.47.141] => (item=calicoctl)

TASK [calico : prepare calicoctl configuration file] ***************************
changed: [192.168.47.141]

TASK [calico : wait for calico-node running in a polling manner] ***************
changed: [192.168.47.141 -> localhost]

TASK [calico : choose default rr nodes(master nodes by default)] ***************
skipping: [192.168.47.141]

TASK [calico : choose user-defined rr nodes] ***********************************
skipping: [192.168.47.141]

TASK [calico : show rr nodes] **************************************************
skipping: [192.168.47.141]

TASK [calico : configure routeReflectorClusterID] ******************************
skipping: [192.168.47.141]

TASK [calico : node label] *****************************************************
skipping: [192.168.47.141]

TASK [calico : configure calico bgp yaml file] *********************************
skipping: [192.168.47.141] => (item=bgp-default.yaml) 
skipping: [192.168.47.141] => (item=bgp-rr.yaml) 
skipping: [192.168.47.141]

TASK [calico : apply calico bgp configuration] *********************************
skipping: [192.168.47.141]

TASK [calico : check bgp connection] *******************************************
skipping: [192.168.47.141]

TASK [calico : debug] **********************************************************
skipping: [192.168.47.141]

TASK [cilium : revise kernel version with float type] **************************
skipping: [192.168.47.141]

TASK [cilium : check if kernel version > 4.9] **********************************
skipping: [192.168.47.141]

TASK [cilium : create cilium chart setting] ************************************
skipping: [192.168.47.141]

TASK [cilium : helm delete cilium v1.19.5] *************************************
skipping: [192.168.47.141]

TASK [cilium : helm create cilium v1.19.5] *************************************
skipping: [192.168.47.141]

TASK [cilium : download client tools] ******************************************
skipping: [192.168.47.141] => (item=cilium) 
skipping: [192.168.47.141] => (item=hubble) 
skipping: [192.168.47.141]

TASK [cilium : delete default cni configurations] ******************************
skipping: [192.168.47.141]

TASK [cilium : wait for cilium-node running in a polling manner] ***************
skipping: [192.168.47.141]

TASK [cilium : restart hubble-ui after CNI is up (avoids frontend probe failure during bootstrap)] ***
skipping: [192.168.47.141]

TASK [cilium : restart hubble-relay pod] ***************************************
skipping: [192.168.47.141]

TASK [flannel : configure flannel DaemonSet yaml file] *************************
skipping: [192.168.47.141]

TASK [flannel : delete flannel network before applying] ************************
skipping: [192.168.47.141]

TASK [flannel : apply flannel network] *****************************************
skipping: [192.168.47.141]

TASK [flannel : delete default cni configuration] ******************************
skipping: [192.168.47.141]

TASK [flannel : wait for flannel running in a polling manner] ******************
skipping: [192.168.47.141]

TASK [kube-router : prepare to configure kube-router DaemonSet] ****************
skipping: [192.168.47.141]

TASK [kube-router : delete kube-router DaemonSet] ******************************
skipping: [192.168.47.141]

TASK [kube-router : apply kube-router DaemonSet] *******************************
skipping: [192.168.47.141]

TASK [kube-router : delete default cni configurations] *************************
skipping: [192.168.47.141]

TASK [kube-router : wait for kube-router running in a polling manner] **********
skipping: [192.168.47.141]

TASK [kube-ovn : delete default cni configurations] ****************************
skipping: [192.168.47.141]

TASK [kube-ovn : prepare kube-ovn-related files] *******************************
skipping: [192.168.47.141] => (item=install.sh) 
skipping: [192.168.47.141] => (item=coredns.yaml) 
skipping: [192.168.47.141]

TASK [kube-ovn : prepare dnscache deployment file with ipvs] *******************
skipping: [192.168.47.141]

TASK [kube-ovn : prepare dnscache deployment file with iptables] ***************
skipping: [192.168.47.141]

TASK [kube-ovn : apply coredns, dnscache yaml] *********************************
skipping: [192.168.47.141]

TASK [kube-ovn : install kube-ovn network] *************************************
skipping: [192.168.47.141]

TASK [kube-ovn : wait for kube-ovn running in a polling manner] ****************
skipping: [192.168.47.141]

PLAY [kube_master,kube_node] ***************************************************

TASK [Gathering Facts] *********************************************************
ok: [192.168.47.141]

TASK [wait for node Ready] *****************************************************
changed: [192.168.47.141 -> localhost]

TASK [Setting worker role name] ************************************************
changed: [192.168.47.141 -> localhost]

TASK [Setting master role name] ************************************************
changed: [192.168.47.141 -> localhost]

TASK [Making master nodes SchedulingDisabled] **********************************
skipping: [192.168.47.141]

PLAY [localhost] ***************************************************************

TASK [Gathering Facts] *********************************************************
ok: [localhost]

TASK [cluster-addon : 获取所有已经创建的POD信息] *******************************
changed: [localhost]

TASK [cluster-addon : 准备 DNS的部署文件] **************************************
changed: [localhost]

TASK [cluster-addon : 删除coredns部署] *****************************************
skipping: [localhost]

TASK [cluster-addon : 创建coredns部署] *****************************************
changed: [localhost]

TASK [cluster-addon : 准备dnscache的部署文件] **********************************
changed: [localhost]

TASK [cluster-addon : 准备dnscache的部署文件] **********************************
skipping: [localhost]

TASK [cluster-addon : 删除dnscache部署] ****************************************
skipping: [localhost]

TASK [cluster-addon : 创建dnscache部署] ****************************************
changed: [localhost]

TASK [cluster-addon : 准备 metrics-server的部署文件] ***************************
changed: [localhost]

TASK [cluster-addon : 删除 metrics-server部署] *********************************
skipping: [localhost]

TASK [cluster-addon : 创建 metrics-server部署] *********************************
changed: [localhost]

TASK [cluster-addon : prepare some dirs] ***************************************
skipping: [localhost]

TASK [cluster-addon : 准备 dashboard的部署文件] ********************************
skipping: [localhost] => (item=dashboard-values.yaml) 
skipping: [localhost] => (item=admin-user-sa-rbac.yaml) 
skipping: [localhost] => (item=read-user-sa-rbac.yaml) 
skipping: [localhost]

TASK [cluster-addon : 创建 dashboard部署] **************************************
skipping: [localhost]

TASK [cluster-addon : 创建用户admin,read] **************************************
skipping: [localhost]

TASK [cluster-addon : 准备 local-storage 配置目录] *****************************
skipping: [localhost]

TASK [cluster-addon : 准备 local-storage部署文件] ******************************
skipping: [localhost] => (item=local-path-storage.yaml) 
skipping: [localhost] => (item=test-pod.yaml) 
skipping: [localhost]

TASK [cluster-addon : 创建 local-storage部署] **********************************
skipping: [localhost]

TASK [cluster-addon : 准备 nfs-provisioner 配置目录] ***************************
skipping: [localhost]

TASK [cluster-addon : 准备 nfs-provisioner部署文件] ****************************
skipping: [localhost] => (item=nfs-provisioner.yaml) 
skipping: [localhost] => (item=test-pod.yaml) 
skipping: [localhost]

TASK [cluster-addon : 创建 nfs-provisioner部署] ********************************
skipping: [localhost]

TASK [cluster-addon : 清理 snapshot-controller crd] ****************************
skipping: [localhost]

TASK [cluster-addon : prepare some dirs] ***************************************
skipping: [localhost]

TASK [cluster-addon : 创建命名空间openebs] *************************************
skipping: [localhost]

TASK [cluster-addon : 创建chart 个性化设置] ************************************
skipping: [localhost] => (item=values.yaml) 
skipping: [localhost] => (item=sc.yaml) 
skipping: [localhost]

TASK [cluster-addon : helm 部署 openebs operator] ******************************
skipping: [localhost]

TASK [cluster-addon : 轮询等待部署 openebs] ************************************
skipping: [localhost]

TASK [cluster-addon : 轮询等待lvm-localpv-controller 运行] *********************
skipping: [localhost]

TASK [cluster-addon : 创建lvm storageclass] ************************************
skipping: [localhost]

TASK [cluster-addon : 获取是否已创建命名空间monitor] ***************************
skipping: [localhost]

TASK [cluster-addon : 创建命名空间monitor] *************************************
skipping: [localhost]

TASK [cluster-addon : get etcd-client-cert info] *******************************
skipping: [localhost]

TASK [cluster-addon : 创建etcd-client 证书请求] ********************************
skipping: [localhost]

TASK [cluster-addon : 创建 etcd-client证书和私钥] ******************************
skipping: [localhost]

TASK [cluster-addon : 删除 etcd-client-cert] ***********************************
skipping: [localhost]

TASK [cluster-addon : 创建 etcd-client-cert] ***********************************
skipping: [localhost]

TASK [cluster-addon : debug] ***************************************************
skipping: [localhost]

TASK [cluster-addon : 创建 prom chart 个性化设置] ******************************
skipping: [localhost]

TASK [cluster-addon : helm 删除 kube-prometheus-stack 75.7.0] ******************
skipping: [localhost]

TASK [cluster-addon : helm 创建 kube-prometheus-stack 75.7.0] ******************
skipping: [localhost]

TASK [cluster-addon : prepare some dirs] ***************************************
skipping: [localhost]

TASK [cluster-addon : 创建命名空间minio] ***************************************
skipping: [localhost]

TASK [cluster-addon : get minio-global-cert info] ******************************
skipping: [localhost]

TASK [cluster-addon : 创建 minio-global-cert] **********************************
skipping: [localhost]

TASK [cluster-addon : 创建chart 个性化设置] ************************************
skipping: [localhost] => (item=operator-values.yaml) 
skipping: [localhost] => (item=tenant-values.yaml) 
skipping: [localhost]

TASK [cluster-addon : helm 部署 minio operator] ********************************
skipping: [localhost]

TASK [cluster-addon : 轮询等待部署 minio operator] *****************************
skipping: [localhost]

TASK [cluster-addon : helm 部署 minio tenant] **********************************
skipping: [localhost]

TASK [cluster-addon : 准备 nacos的部署文件] ************************************
skipping: [localhost]

TASK [cluster-addon : 创建命名空间nacos] ***************************************
skipping: [localhost]

TASK [cluster-addon : 创建 nacos部署] ******************************************
skipping: [localhost]

TASK [cluster-addon : 创建命名空间rocketmq] ************************************
skipping: [localhost]

TASK [cluster-addon : helm 部署 rocketmq operator] *****************************
skipping: [localhost]

TASK [cluster-addon : 轮询等待 rocketmq operator 运行] *************************
skipping: [localhost]

TASK [cluster-addon : 准备 rocketmq 部署文件] **********************************
skipping: [localhost]

TASK [cluster-addon : 部署 rocketmq cluster] ***********************************
skipping: [localhost]

TASK [cluster-addon : 准备 cilium-check 配置目录] ******************************
skipping: [localhost]

TASK [cluster-addon : 准备部署文件] ********************************************
skipping: [localhost] => (item=connectivity-check.yaml) 
skipping: [localhost] => (item=check-part1.yaml) 
skipping: [localhost] => (item=namespace.yaml) 
skipping: [localhost]

TASK [cluster-addon : 创建测试namespace] ***************************************
skipping: [localhost]

TASK [cluster-addon : 创建测试part1] *******************************************
skipping: [localhost]

TASK [cluster-addon : 轮询等待echo pod运行，视下载镜像速度而定] ****************
skipping: [localhost]

TASK [cluster-addon : 创建完整测试connectivity-check] **************************
skipping: [localhost]

TASK [cluster-addon : debug] ***************************************************
skipping: [localhost]

TASK [cluster-addon : 准备 network-check 配置目录] *****************************
skipping: [localhost]

TASK [cluster-addon : 准备部署文件] ********************************************
skipping: [localhost] => (item=network-check.yaml) 
skipping: [localhost] => (item=namespace.yaml) 
skipping: [localhost]

TASK [cluster-addon : 创建测试namespace] ***************************************
skipping: [localhost]

TASK [cluster-addon : 创建完整测试network-check] *******************************
skipping: [localhost]

TASK [cluster-addon : debug] ***************************************************
skipping: [localhost]

TASK [cluster-addon : prepare some dirs] ***************************************
skipping: [localhost]

TASK [cluster-addon : 创建命名空间ingress-nginx] *******************************
skipping: [localhost]

TASK [cluster-addon : label nodes for ingress-nginx controller] ****************
skipping: [localhost]

TASK [cluster-addon : 创建chart 个性化设置] ************************************
skipping: [localhost] => (item=values.yaml) 
skipping: [localhost]

TASK [cluster-addon : helm 部署 ingress-nginx] *********************************
skipping: [localhost]

TASK [cluster-addon : 轮询等待部署 ingress-nginx] ******************************
skipping: [localhost]

TASK [cluster-addon : 提示 WARNNING] *******************************************
skipping: [localhost]

PLAY RECAP *********************************************************************
192.168.47.141             : ok=106  changed=68   unreachable=0    failed=0    skipped=166  rescued=0    ignored=0   
localhost                  : ok=39   changed=35   unreachable=0    failed=0    skipped=79   rescued=0    ignored=0   
[2026-07-16 16:56:35] [INFO] [service.cluster.manager] Cluster setup completed (playbook 90.setup.yml).
>>> kubecli setup test141 07
[2026-07-16 16:56:35] [INFO] [service.cluster.manager] Ansible Python policy (ansible-core 2.17): control node Python >=3.10, target module runtime Python >=3.9
[2026-07-16 16:56:35] [INFO] [service.cluster.manager] Setting up cluster with playbook 07.cluster-addon.yml.
[2026-07-16 16:56:35] [INFO] [service.cluster.manager] Component versions (kubernetes / etcd / network):
[2026-07-16 16:56:35] [INFO] [service.cluster.manager]   kubernetes: v1.33.6, etcd: v3.6.4, calico: v3.28.4

PLAY [localhost] ***************************************************************

TASK [Gathering Facts] *********************************************************
ok: [localhost]

TASK [cluster-addon : 获取所有已经创建的POD信息] *******************************
changed: [localhost]

TASK [cluster-addon : 准备 DNS的部署文件] **************************************
skipping: [localhost]

TASK [cluster-addon : 删除coredns部署] *****************************************
skipping: [localhost]

TASK [cluster-addon : 创建coredns部署] *****************************************
skipping: [localhost]

TASK [cluster-addon : 准备dnscache的部署文件] **********************************
skipping: [localhost]

TASK [cluster-addon : 准备dnscache的部署文件] **********************************
skipping: [localhost]

TASK [cluster-addon : 删除dnscache部署] ****************************************
skipping: [localhost]

TASK [cluster-addon : 创建dnscache部署] ****************************************
skipping: [localhost]

TASK [cluster-addon : 准备 metrics-server的部署文件] ***************************
skipping: [localhost]

TASK [cluster-addon : 删除 metrics-server部署] *********************************
skipping: [localhost]

TASK [cluster-addon : 创建 metrics-server部署] *********************************
skipping: [localhost]

TASK [cluster-addon : prepare some dirs] ***************************************
skipping: [localhost]

TASK [cluster-addon : 准备 dashboard的部署文件] ********************************
skipping: [localhost] => (item=dashboard-values.yaml) 
skipping: [localhost] => (item=admin-user-sa-rbac.yaml) 
skipping: [localhost] => (item=read-user-sa-rbac.yaml) 
skipping: [localhost]

TASK [cluster-addon : 创建 dashboard部署] **************************************
skipping: [localhost]

TASK [cluster-addon : 创建用户admin,read] **************************************
skipping: [localhost]

TASK [cluster-addon : 准备 local-storage 配置目录] *****************************
skipping: [localhost]

TASK [cluster-addon : 准备 local-storage部署文件] ******************************
skipping: [localhost] => (item=local-path-storage.yaml) 
skipping: [localhost] => (item=test-pod.yaml) 
skipping: [localhost]

TASK [cluster-addon : 创建 local-storage部署] **********************************
skipping: [localhost]

TASK [cluster-addon : 准备 nfs-provisioner 配置目录] ***************************
skipping: [localhost]

TASK [cluster-addon : 准备 nfs-provisioner部署文件] ****************************
skipping: [localhost] => (item=nfs-provisioner.yaml) 
skipping: [localhost] => (item=test-pod.yaml) 
skipping: [localhost]

TASK [cluster-addon : 创建 nfs-provisioner部署] ********************************
skipping: [localhost]

TASK [cluster-addon : 清理 snapshot-controller crd] ****************************
skipping: [localhost]

TASK [cluster-addon : prepare some dirs] ***************************************
skipping: [localhost]

TASK [cluster-addon : 创建命名空间openebs] *************************************
skipping: [localhost]

TASK [cluster-addon : 创建chart 个性化设置] ************************************
skipping: [localhost] => (item=values.yaml) 
skipping: [localhost] => (item=sc.yaml) 
skipping: [localhost]

TASK [cluster-addon : helm 部署 openebs operator] ******************************
skipping: [localhost]

TASK [cluster-addon : 轮询等待部署 openebs] ************************************
skipping: [localhost]

TASK [cluster-addon : 轮询等待lvm-localpv-controller 运行] *********************
skipping: [localhost]

TASK [cluster-addon : 创建lvm storageclass] ************************************
skipping: [localhost]

TASK [cluster-addon : 获取是否已创建命名空间monitor] ***************************
skipping: [localhost]

TASK [cluster-addon : 创建命名空间monitor] *************************************
skipping: [localhost]

TASK [cluster-addon : get etcd-client-cert info] *******************************
skipping: [localhost]

TASK [cluster-addon : 创建etcd-client 证书请求] ********************************
skipping: [localhost]

TASK [cluster-addon : 创建 etcd-client证书和私钥] ******************************
skipping: [localhost]

TASK [cluster-addon : 删除 etcd-client-cert] ***********************************
skipping: [localhost]

TASK [cluster-addon : 创建 etcd-client-cert] ***********************************
skipping: [localhost]

TASK [cluster-addon : debug] ***************************************************
skipping: [localhost]

TASK [cluster-addon : 创建 prom chart 个性化设置] ******************************
skipping: [localhost]

TASK [cluster-addon : helm 删除 kube-prometheus-stack 75.7.0] ******************
skipping: [localhost]

TASK [cluster-addon : helm 创建 kube-prometheus-stack 75.7.0] ******************
skipping: [localhost]

TASK [cluster-addon : prepare some dirs] ***************************************
skipping: [localhost]

TASK [cluster-addon : 创建命名空间minio] ***************************************
skipping: [localhost]

TASK [cluster-addon : get minio-global-cert info] ******************************
skipping: [localhost]

TASK [cluster-addon : 创建 minio-global-cert] **********************************
skipping: [localhost]

TASK [cluster-addon : 创建chart 个性化设置] ************************************
skipping: [localhost] => (item=operator-values.yaml) 
skipping: [localhost] => (item=tenant-values.yaml) 
skipping: [localhost]

TASK [cluster-addon : helm 部署 minio operator] ********************************
skipping: [localhost]

TASK [cluster-addon : 轮询等待部署 minio operator] *****************************
skipping: [localhost]

TASK [cluster-addon : helm 部署 minio tenant] **********************************
skipping: [localhost]

TASK [cluster-addon : 准备 nacos的部署文件] ************************************
skipping: [localhost]

TASK [cluster-addon : 创建命名空间nacos] ***************************************
skipping: [localhost]

TASK [cluster-addon : 创建 nacos部署] ******************************************
skipping: [localhost]

TASK [cluster-addon : 创建命名空间rocketmq] ************************************
skipping: [localhost]

TASK [cluster-addon : helm 部署 rocketmq operator] *****************************
skipping: [localhost]

TASK [cluster-addon : 轮询等待 rocketmq operator 运行] *************************
skipping: [localhost]

TASK [cluster-addon : 准备 rocketmq 部署文件] **********************************
skipping: [localhost]

TASK [cluster-addon : 部署 rocketmq cluster] ***********************************
skipping: [localhost]

TASK [cluster-addon : 准备 cilium-check 配置目录] ******************************
skipping: [localhost]

TASK [cluster-addon : 准备部署文件] ********************************************
skipping: [localhost] => (item=connectivity-check.yaml) 
skipping: [localhost] => (item=check-part1.yaml) 
skipping: [localhost] => (item=namespace.yaml) 
skipping: [localhost]

TASK [cluster-addon : 创建测试namespace] ***************************************
skipping: [localhost]

TASK [cluster-addon : 创建测试part1] *******************************************
skipping: [localhost]

TASK [cluster-addon : 轮询等待echo pod运行，视下载镜像速度而定] ****************
skipping: [localhost]

TASK [cluster-addon : 创建完整测试connectivity-check] **************************
skipping: [localhost]

TASK [cluster-addon : debug] ***************************************************
skipping: [localhost]

TASK [cluster-addon : 准备 network-check 配置目录] *****************************
skipping: [localhost]

TASK [cluster-addon : 准备部署文件] ********************************************
skipping: [localhost] => (item=network-check.yaml) 
skipping: [localhost] => (item=namespace.yaml) 
skipping: [localhost]

TASK [cluster-addon : 创建测试namespace] ***************************************
skipping: [localhost]

TASK [cluster-addon : 创建完整测试network-check] *******************************
skipping: [localhost]

TASK [cluster-addon : debug] ***************************************************
skipping: [localhost]

TASK [cluster-addon : prepare some dirs] ***************************************
skipping: [localhost]

TASK [cluster-addon : 创建命名空间ingress-nginx] *******************************
skipping: [localhost]

TASK [cluster-addon : label nodes for ingress-nginx controller] ****************
skipping: [localhost]

TASK [cluster-addon : 创建chart 个性化设置] ************************************
skipping: [localhost] => (item=values.yaml) 
skipping: [localhost]

TASK [cluster-addon : helm 部署 ingress-nginx] *********************************
skipping: [localhost]

TASK [cluster-addon : 轮询等待部署 ingress-nginx] ******************************
skipping: [localhost]

TASK [cluster-addon : 提示 WARNNING] *******************************************
skipping: [localhost]

PLAY RECAP *********************************************************************
localhost                  : ok=2    changed=1    unreachable=0    failed=0    skipped=74   rescued=0    ignored=0   
[2026-07-16 16:56:39] [INFO] [service.cluster.manager] Cluster setup completed (playbook 07.cluster-addon.yml).
>>> kubecli setup test141 11
[2026-07-16 16:56:39] [INFO] [service.cluster.manager] Ansible Python policy (ansible-core 2.17): control node Python >=3.10, target module runtime Python >=3.9
[2026-07-16 16:56:39] [INFO] [service.cluster.manager] Setting up cluster with playbook 11.harbor.yml.
[2026-07-16 16:56:39] [INFO] [service.cluster.manager] Component versions (kubernetes / etcd / network):
[2026-07-16 16:56:39] [INFO] [service.cluster.manager]   kubernetes: v1.33.6, etcd: v3.6.4, calico: v3.28.4
[WARNING]: Collection ansible.posix does not support Ansible version 2.17.14

PLAY [harbor] ******************************************************************

TASK [Gathering Facts] *********************************************************
ok: [192.168.47.141]

TASK [chrony : check if chronyd running, break the role] ***********************
skipping: [192.168.47.141]

TASK [chrony : terminate the play if chronyd running] **************************
skipping: [192.168.47.141]

TASK [chrony : uninstall residual ntp chrony] **********************************
skipping: [192.168.47.141] => (item=ntp) 
skipping: [192.168.47.141] => (item=chrony) 
skipping: [192.168.47.141]

TASK [chrony : prepare some dirs] **********************************************
skipping: [192.168.47.141] => (item=/etc/chrony) 
skipping: [192.168.47.141] => (item=/var/lib/chrony) 
skipping: [192.168.47.141] => (item=/var/log/chrony) 
skipping: [192.168.47.141]

TASK [chrony : distribute chronyd binary] **************************************
skipping: [192.168.47.141]

TASK [chrony : create chronyd systemd unit file] *******************************
skipping: [192.168.47.141]

TASK [chrony : configure chrony server] ****************************************
skipping: [192.168.47.141]

TASK [chrony : configure chrony client] ****************************************
skipping: [192.168.47.141]

TASK [chrony : enable chronyd service on startup] ******************************
skipping: [192.168.47.141]

TASK [chrony : start chronyd service] ******************************************
skipping: [192.168.47.141]

TASK [chrony : wait for chronyd running] ***************************************
skipping: [192.168.47.141]

TASK [prepare : read the prepare tasks file] ***********************************
ok: [192.168.47.141]

TASK [prepare : indicates the prepare tasks finished already] ******************
ok: [192.168.47.141] => {
    "msg": "The node has finished the prepare tasks, skipping!"
}

TASK [prepare : copy huawei cloud apt mirror script] ***************************
skipping: [192.168.47.141]

TASK [prepare : apply huawei cloud apt mirror] *********************************
skipping: [192.168.47.141]

TASK [prepare : update apt cache] **********************************************
skipping: [192.168.47.141]

TASK [prepare : delete ubuntu default software] ********************************
skipping: [192.168.47.141]

TASK [prepare : install ubuntu/debian basic software] **************************
skipping: [192.168.47.141]

TASK [prepare : create journal relative directory] *****************************
skipping: [192.168.47.141] => (item=/etc/systemd/journald.conf.d) 
skipping: [192.168.47.141] => (item=/var/log/journal) 
skipping: [192.168.47.141]

TASK [prepare : optimize journal params] ***************************************
skipping: [192.168.47.141]

TASK [prepare : restart journald service] **************************************
skipping: [192.168.47.141]

TASK [prepare : copy huawei cloud yum/dnf mirror script] ***********************
skipping: [192.168.47.141]

TASK [prepare : apply huawei cloud yum/dnf mirror] *****************************
skipping: [192.168.47.141]

TASK [prepare : detect ansible-compatible python on target] ********************
skipping: [192.168.47.141]

TASK [prepare : install python39 for ansible (RHEL8 family, only when no compatible python)] ***
skipping: [192.168.47.141]

TASK [prepare : delete centos/redhat default software] *************************
skipping: [192.168.47.141]

TASK [prepare : install basic system software] *********************************
skipping: [192.168.47.141]

TASK [prepare : disable selinux right now] *************************************
skipping: [192.168.47.141]

TASK [prepare : check if /etc/selinux/config exists] ***************************
skipping: [192.168.47.141]

TASK [prepare : disable selinux forever] ***************************************
skipping: [192.168.47.141]

TASK [prepare : disable selinux forever] ***************************************
skipping: [192.168.47.141]

TASK [prepare : forbidden rsyslog fetch journald 1, avoid double handling logs and wasting disk space] ***
skipping: [192.168.47.141]

TASK [prepare : forbidden rsyslog fetch journald 2, avoid double handling logs and wasting disk space] ***
skipping: [192.168.47.141]

TASK [prepare : restart rsyslog service] ***************************************
skipping: [192.168.47.141]

TASK [prepare : copy huawei cloud zypper mirror script] ************************
skipping: [192.168.47.141]

TASK [prepare : apply huawei cloud zypper mirror] ******************************
skipping: [192.168.47.141]

TASK [prepare : install basic system software] *********************************
skipping: [192.168.47.141]

TASK [prepare : copy huawei cloud yum/dnf mirror script] ***********************
skipping: [192.168.47.141]

TASK [prepare : apply huawei cloud yum/dnf mirror] *****************************
skipping: [192.168.47.141]

TASK [prepare : detect ansible-compatible python on target] ********************
skipping: [192.168.47.141]

TASK [prepare : install python39 for ansible (RHEL8 family, only when no compatible python)] ***
skipping: [192.168.47.141]

TASK [prepare : delete centos/redhat default software] *************************
skipping: [192.168.47.141]

TASK [prepare : install basic system software] *********************************
skipping: [192.168.47.141]

TASK [prepare : disable selinux right now] *************************************
skipping: [192.168.47.141]

TASK [prepare : check if /etc/selinux/config exists] ***************************
skipping: [192.168.47.141]

TASK [prepare : disable selinux forever] ***************************************
skipping: [192.168.47.141]

TASK [prepare : disable selinux forever] ***************************************
skipping: [192.168.47.141]

TASK [prepare : forbidden rsyslog fetch journald 1, avoid double handling logs and wasting disk space] ***
skipping: [192.168.47.141]

TASK [prepare : forbidden rsyslog fetch journald 2, avoid double handling logs and wasting disk space] ***
skipping: [192.168.47.141]

TASK [prepare : restart rsyslog service] ***************************************
skipping: [192.168.47.141]

TASK [prepare : disable swap] **************************************************
skipping: [192.168.47.141]

TASK [prepare : delete fstab swap configuration] *******************************
skipping: [192.168.47.141]

TASK [prepare : load kernel module] ********************************************
skipping: [192.168.47.141] => (item=br_netfilter) 
skipping: [192.168.47.141] => (item=dm_snapshot) 
skipping: [192.168.47.141] => (item=dm_thin_pool) 
skipping: [192.168.47.141] => (item=ip_vs) 
skipping: [192.168.47.141] => (item=ip_vs_rr) 
skipping: [192.168.47.141] => (item=ip_vs_wrr) 
skipping: [192.168.47.141] => (item=ip_vs_sh) 
skipping: [192.168.47.141] => (item=nf_conntrack) 
skipping: [192.168.47.141]

TASK [prepare : try to load nf_conntrack_ipv4] *********************************
skipping: [192.168.47.141]

TASK [prepare : enable systemd loading module automatically] *******************
skipping: [192.168.47.141]

TASK [prepare : load kernel module on startup] *********************************
skipping: [192.168.47.141]

TASK [prepare : set system params] *********************************************
skipping: [192.168.47.141]

TASK [prepare : check if fs.may_detach_mounts needs to be set] *****************
skipping: [192.168.47.141]

TASK [prepare : if needed, set fs.may_detach_mounts as 1] **********************
skipping: [192.168.47.141]

TASK [prepare : check if net.ipv4.tcp_tw_recycle needs to be set] **************
skipping: [192.168.47.141]

TASK [prepare : if needed, set tcp_tw_recycle] *********************************
skipping: [192.168.47.141]

TASK [prepare : take effect on system] *****************************************
skipping: [192.168.47.141]

TASK [prepare : create systemd configuration directory] ************************
skipping: [192.168.47.141]

TASK [prepare : set system param ulimits] **************************************
skipping: [192.168.47.141]

TASK [prepare : take SCTP to kernel module blacklist] **************************
skipping: [192.168.47.141]

TASK [prepare : prepare some dirs] *********************************************
skipping: [192.168.47.141] => (item=/usr/local/bin) 
skipping: [192.168.47.141] => (item=/etc/kubernetes/ssl) 
skipping: [192.168.47.141] => (item=/root/.kube) 
skipping: [192.168.47.141]

TASK [prepare : copy kubectl kubeconfig to home dir] ***************************
skipping: [192.168.47.141]

TASK [prepare : add hosts entry to resolve local registry] *********************
skipping: [192.168.47.141]

TASK [prepare : set node hostname] *********************************************
skipping: [192.168.47.141]

TASK [prepare : the master[0] resolves all hosts master-141 in /etc/hosts] *****
skipping: [192.168.47.141]

TASK [prepare : get /etc/hosts from the master[0]] *****************************
skipping: [192.168.47.141]

TASK [prepare : delete /etc/hosts in the master[0]] ****************************
skipping: [192.168.47.141]

TASK [prepare : sync /etc/hosts to all hosts] **********************************
skipping: [192.168.47.141] => (item=192.168.47.141) 
skipping: [192.168.47.141] => (item=192.168.47.141) 
skipping: [192.168.47.141]

TASK [prepare : set prepare tasks label file] **********************************
skipping: [192.168.47.141]

TASK [docker : check if docker was installed] **********************************
changed: [192.168.47.141]

TASK [docker : get docker version information] *********************************
changed: [192.168.47.141 -> localhost]

TASK [docker : debug info] *****************************************************
ok: [192.168.47.141 -> localhost] => {
    "docker_ver": {
        "changed": true,
        "cmd": "/usr/local/kubeauto/docker-bin/dockerd --version | awk '{print $3}' | tr -d ','",
        "delta": "0:00:00.030813",
        "end": "2026-07-16 16:56:43.769369",
        "failed": false,
        "msg": "",
        "rc": 0,
        "start": "2026-07-16 16:56:43.738556",
        "stderr": "",
        "stderr_lines": [],
        "stdout": "28.5.2",
        "stdout_lines": [
            "28.5.2"
        ]
    }
}

TASK [docker : revise docker version with float type] **************************
ok: [192.168.47.141 -> localhost]

TASK [docker : infer docker installed] *****************************************
ok: [192.168.47.141] => {
    "msg": "The docker has been installed yet"
}

TASK [docker : prepare docker-related directories] *****************************
skipping: [192.168.47.141] => (item=/usr/local/bin) 
skipping: [192.168.47.141] => (item=/etc/docker) 
skipping: [192.168.47.141]

TASK [docker : download docker binary] *****************************************
skipping: [192.168.47.141] => (item=/usr/local/kubeauto/docker-bin/docker-compose) 
skipping: [192.168.47.141] => (item=/usr/local/kubeauto/docker-bin/runc) 
skipping: [192.168.47.141] => (item=/usr/local/kubeauto/docker-bin/dockerd) 
skipping: [192.168.47.141] => (item=/usr/local/kubeauto/docker-bin/docker) 
skipping: [192.168.47.141] => (item=/usr/local/kubeauto/docker-bin/docker-proxy) 
skipping: [192.168.47.141] => (item=/usr/local/kubeauto/docker-bin/docker-init) 
skipping: [192.168.47.141] => (item=/usr/local/kubeauto/docker-bin/docker-buildx) 
skipping: [192.168.47.141] => (item=/usr/local/kubeauto/docker-bin/ctr) 
skipping: [192.168.47.141] => (item=/usr/local/kubeauto/docker-bin/containerd) 
skipping: [192.168.47.141] => (item=/usr/local/kubeauto/docker-bin/containerd-shim-runc-v2) 
skipping: [192.168.47.141]

TASK [docker : configure docker daemon] ****************************************
skipping: [192.168.47.141]

TASK [docker : create docker systemd unit file] ********************************
skipping: [192.168.47.141]

TASK [docker : enable docker service on startup] *******************************
skipping: [192.168.47.141]

TASK [docker : start docker service] *******************************************
skipping: [192.168.47.141]

TASK [docker : wait for docker running] ****************************************
skipping: [192.168.47.141]

TASK [docker : configure docker symlink] ***************************************
skipping: [192.168.47.141]

TASK [harbor : create /var/data directory] *************************************
ok: [192.168.47.141]

TASK [harbor : register variable result] ***************************************
changed: [192.168.47.141]

TASK [harbor : indicates that the harbor has been installed already] ***********
ok: [192.168.47.141] => {
    "msg": "It has been detected that Harbor installation already exists. To avoid conflicts, no reinstallation will be performed; only an attempt to start Harbor will be made."
}

TASK [harbor : Generate random password for Harbor] ****************************
skipping: [192.168.47.141]

TASK [harbor : debug] **********************************************************
skipping: [192.168.47.141]

TASK [harbor : Generate random password for DB] ********************************
skipping: [192.168.47.141]

TASK [harbor : debug] **********************************************************
skipping: [192.168.47.141]

TASK [harbor : distribute docker compose binary] *******************************
skipping: [192.168.47.141]

TASK [harbor : distribute harbor offline package] ******************************
skipping: [192.168.47.141]

TASK [harbor : uncompress harbor offline package] ******************************
skipping: [192.168.47.141]

TASK [harbor : load harbor docker images] **************************************
skipping: [192.168.47.141]

TASK [harbor : create harbor certificate request] ******************************
skipping: [192.168.47.141]

TASK [harbor : create harbor certificate and private key] **********************
skipping: [192.168.47.141]

TASK [harbor : distribute self-signed certificates] ****************************
skipping: [192.168.47.141] => (item=ca.pem) 
skipping: [192.168.47.141] => (item=harbor.pem) 
skipping: [192.168.47.141] => (item=harbor-key.pem) 
skipping: [192.168.47.141]

TASK [harbor : Push non-self-signed certificates (certificates must be downloaded in advance to /usr/local/kubeauto/down/)] ***
skipping: [192.168.47.141] => (item=harbor.pem) 
skipping: [192.168.47.141] => (item=harbor-key.pem) 
skipping: [192.168.47.141]

TASK [harbor : prepare harbor configuration] ***********************************
skipping: [192.168.47.141]

TASK [harbor : set_fact] *******************************************************
skipping: [192.168.47.141]

TASK [harbor : debug] **********************************************************
skipping: [192.168.47.141]

TASK [harbor : install harbor] *************************************************
skipping: [192.168.47.141]

TASK [harbor : check harbor status ready or not] *******************************
ok: [192.168.47.141]

PLAY [kube_master,kube_node] ***************************************************

TASK [Gathering Facts] *********************************************************
ok: [192.168.47.141]

TASK [Adding an '/etc/hosts' entry for the HARBOR DOMAIN] **********************
ok: [192.168.47.141]

PLAY RECAP *********************************************************************
192.168.47.141             : ok=14   changed=3    unreachable=0    failed=0    skipped=95   rescued=0    ignored=0   
[2026-07-16 16:56:47] [INFO] [service.cluster.manager] Cluster setup completed (playbook 11.harbor.yml).
[2026-07-16 16:56:47] [INFO] [service.cluster.manager] Cluster debian150 created. Next: edit /usr/local/kubeauto/clusters/debian150/hosts and /usr/local/kubeauto/clusters/debian150/config.yml, then run setup.
>>> kubecli setup debian150 90
[2026-07-16 16:56:48] [INFO] [service.cluster.manager] Ansible Python policy (ansible-core 2.17): control node Python >=3.10, target module runtime Python >=3.9
[2026-07-16 16:56:48] [INFO] [service.cluster.manager] Setting up cluster with playbook 90.setup.yml.
[2026-07-16 16:56:48] [INFO] [service.cluster.manager] Component versions (kubernetes / etcd / network):
[2026-07-16 16:56:48] [INFO] [service.cluster.manager]   kubernetes: v1.33.6, etcd: v3.6.4, calico: v3.28.4
[2026-07-16 16:56:48] [WARNING] [service.cluster.manager] 192.168.47.150: no compatible Python for ansible-core on this host.
[2026-07-16 16:56:48] [WARNING] [service.cluster.manager] 192.168.47.150: no compatible Python for ansible-core on this host.
[2026-07-16 16:56:49] [WARNING] [service.cluster.manager] 192.168.47.150: no compatible Python for ansible-core on this host.
[WARNING]: Collection ansible.posix does not support Ansible version 2.17.14

PLAY [kube_master,kube_node,etcd,ex_lb,chrony] *********************************

TASK [Gathering Facts] *********************************************************
ok: [192.168.47.150]

TASK [chrony : check if chronyd running, break the role] ***********************
skipping: [192.168.47.150]

TASK [chrony : terminate the play if chronyd running] **************************
skipping: [192.168.47.150]

TASK [chrony : uninstall residual ntp chrony] **********************************
skipping: [192.168.47.150] => (item=ntp) 
skipping: [192.168.47.150] => (item=chrony) 
skipping: [192.168.47.150]

TASK [chrony : prepare some dirs] **********************************************
skipping: [192.168.47.150] => (item=/etc/chrony) 
skipping: [192.168.47.150] => (item=/var/lib/chrony) 
skipping: [192.168.47.150] => (item=/var/log/chrony) 
skipping: [192.168.47.150]

TASK [chrony : distribute chronyd binary] **************************************
skipping: [192.168.47.150]

TASK [chrony : create chronyd systemd unit file] *******************************
skipping: [192.168.47.150]

TASK [chrony : configure chrony server] ****************************************
skipping: [192.168.47.150]

TASK [chrony : configure chrony client] ****************************************
skipping: [192.168.47.150]

TASK [chrony : enable chronyd service on startup] ******************************
skipping: [192.168.47.150]

TASK [chrony : start chronyd service] ******************************************
skipping: [192.168.47.150]

TASK [chrony : wait for chronyd running] ***************************************
skipping: [192.168.47.150]

PLAY [localhost] ***************************************************************

TASK [Gathering Facts] *********************************************************
ok: [localhost]

TASK [deploy : prepare some dirs] **********************************************
changed: [localhost] => (item=/usr/local/kubeauto/clusters/debian150/ssl)
changed: [localhost] => (item=/usr/local/kubeauto/clusters/debian150/backup)
changed: [localhost] => (item=/usr/local/kubeauto/clusters/debian150/yml)
ok: [localhost] => (item=~/.kube)

TASK [deploy : set extra-bin directory permission] *****************************
ok: [localhost]

TASK [deploy : read ca cert stat information into p] ***************************
ok: [localhost]

TASK [deploy : prepare ca configuration and cert request] **********************
changed: [localhost] => (item=ca-config.json)
changed: [localhost] => (item=ca-csr.json)

TASK [deploy : generate CA cert and private key] *******************************
changed: [localhost]

TASK [deploy : prepare admin csr for kubectl usage] ****************************
changed: [localhost]

TASK [deploy : create admin cert and private key] ******************************
changed: [localhost]

TASK [deploy : set cluster params] *********************************************
changed: [localhost]

TASK [deploy : set client credential params] ***********************************
changed: [localhost]

TASK [deploy : set context params] *********************************************
changed: [localhost]

TASK [deploy : choose default context] *****************************************
changed: [localhost]

TASK [deploy : install kubeconfig] *********************************************
changed: [localhost]

TASK [deploy : create self-defined user certs directory] ***********************
skipping: [localhost]

TASK [deploy : prepare CA configuration] ***************************************
skipping: [localhost]

TASK [deploy : prepare {{ USER_NAME }} cert request for kubectl] ***************
skipping: [localhost]

TASK [deploy : create {{ USER_NAME }} cert and private key] ********************
skipping: [localhost]

TASK [deploy : set cluster params] *********************************************
skipping: [localhost]

TASK [deploy : set client credential params] ***********************************
skipping: [localhost]

TASK [deploy : set context params] *********************************************
skipping: [localhost]

TASK [deploy : choose default context] *****************************************
skipping: [localhost]

TASK [deploy : generate clusterrolebind configuration] *************************
skipping: [localhost]

TASK [deploy : create clusterrolebind] *****************************************
skipping: [localhost]

TASK [deploy : debug] **********************************************************
skipping: [localhost]

TASK [deploy : prepare kube-proxy csr] *****************************************
changed: [localhost]

TASK [deploy : create kube-proxy cert and private key] *************************
changed: [localhost]

TASK [deploy : set cluster params] *********************************************
changed: [localhost]

TASK [deploy : set client credential params] ***********************************
changed: [localhost]

TASK [deploy : set context params] *********************************************
changed: [localhost]

TASK [deploy : choose default context] *****************************************
changed: [localhost]

TASK [deploy : prepare kube-controller-manager csr] ****************************
changed: [localhost]

TASK [deploy : create kube-controller-manager cert and private key] ************
changed: [localhost]

TASK [deploy : set cluster params] *********************************************
changed: [localhost]

TASK [deploy : set client credential params] ***********************************
changed: [localhost]

TASK [deploy : set context params] *********************************************
changed: [localhost]

TASK [deploy : choose default context] *****************************************
changed: [localhost]

TASK [deploy : prepare kube-scheduler csr] *************************************
changed: [localhost]

TASK [deploy : create kube-scheduler cert and private key] *********************
changed: [localhost]

TASK [deploy : set cluster params] *********************************************
changed: [localhost]

TASK [deploy : set client credential params] ***********************************
changed: [localhost]

TASK [deploy : set context params] *********************************************
changed: [localhost]

TASK [deploy : choose default context] *****************************************
changed: [localhost]

PLAY [kube_master,kube_node,etcd] **********************************************

TASK [Gathering Facts] *********************************************************
ok: [192.168.47.150]

TASK [prepare : read the prepare tasks file] ***********************************
ok: [192.168.47.150]

TASK [prepare : indicates the prepare tasks finished already] ******************
skipping: [192.168.47.150]

TASK [prepare : copy huawei cloud apt mirror script] ***************************
changed: [192.168.47.150]

TASK [prepare : apply huawei cloud apt mirror] *********************************
ok: [192.168.47.150]

TASK [prepare : update apt cache] **********************************************
ok: [192.168.47.150]

TASK [prepare : delete ubuntu default software] ********************************
ok: [192.168.47.150]

TASK [prepare : install ubuntu/debian basic software] **************************
changed: [192.168.47.150]

TASK [prepare : create journal relative directory] *****************************
ok: [192.168.47.150] => (item=/etc/systemd/journald.conf.d)
ok: [192.168.47.150] => (item=/var/log/journal)

TASK [prepare : optimize journal params] ***************************************
ok: [192.168.47.150]

TASK [prepare : restart journald service] **************************************
changed: [192.168.47.150]

TASK [prepare : copy huawei cloud yum/dnf mirror script] ***********************
skipping: [192.168.47.150]

TASK [prepare : apply huawei cloud yum/dnf mirror] *****************************
skipping: [192.168.47.150]

TASK [prepare : detect ansible-compatible python on target] ********************
skipping: [192.168.47.150]

TASK [prepare : install python39 for ansible (RHEL8 family, only when no compatible python)] ***
skipping: [192.168.47.150]

TASK [prepare : delete centos/redhat default software] *************************
skipping: [192.168.47.150]

TASK [prepare : install basic system software] *********************************
skipping: [192.168.47.150]

TASK [prepare : disable selinux right now] *************************************
skipping: [192.168.47.150]

TASK [prepare : check if /etc/selinux/config exists] ***************************
skipping: [192.168.47.150]

TASK [prepare : disable selinux forever] ***************************************
skipping: [192.168.47.150]

TASK [prepare : disable selinux forever] ***************************************
skipping: [192.168.47.150]

TASK [prepare : forbidden rsyslog fetch journald 1, avoid double handling logs and wasting disk space] ***
skipping: [192.168.47.150]

TASK [prepare : forbidden rsyslog fetch journald 2, avoid double handling logs and wasting disk space] ***
skipping: [192.168.47.150]

TASK [prepare : restart rsyslog service] ***************************************
skipping: [192.168.47.150]

TASK [prepare : copy huawei cloud zypper mirror script] ************************
skipping: [192.168.47.150]

TASK [prepare : apply huawei cloud zypper mirror] ******************************
skipping: [192.168.47.150]

TASK [prepare : install basic system software] *********************************
skipping: [192.168.47.150]

TASK [prepare : copy huawei cloud yum/dnf mirror script] ***********************
skipping: [192.168.47.150]

TASK [prepare : apply huawei cloud yum/dnf mirror] *****************************
skipping: [192.168.47.150]

TASK [prepare : detect ansible-compatible python on target] ********************
skipping: [192.168.47.150]

TASK [prepare : install python39 for ansible (RHEL8 family, only when no compatible python)] ***
skipping: [192.168.47.150]

TASK [prepare : delete centos/redhat default software] *************************
skipping: [192.168.47.150]

TASK [prepare : install basic system software] *********************************
skipping: [192.168.47.150]

TASK [prepare : disable selinux right now] *************************************
skipping: [192.168.47.150]

TASK [prepare : check if /etc/selinux/config exists] ***************************
skipping: [192.168.47.150]

TASK [prepare : disable selinux forever] ***************************************
skipping: [192.168.47.150]

TASK [prepare : disable selinux forever] ***************************************
skipping: [192.168.47.150]

TASK [prepare : forbidden rsyslog fetch journald 1, avoid double handling logs and wasting disk space] ***
skipping: [192.168.47.150]

TASK [prepare : forbidden rsyslog fetch journald 2, avoid double handling logs and wasting disk space] ***
skipping: [192.168.47.150]

TASK [prepare : restart rsyslog service] ***************************************
skipping: [192.168.47.150]

TASK [prepare : disable swap] **************************************************
changed: [192.168.47.150]

TASK [prepare : delete fstab swap configuration] *******************************
ok: [192.168.47.150]

TASK [prepare : load kernel module] ********************************************
ok: [192.168.47.150] => (item=br_netfilter)
ok: [192.168.47.150] => (item=dm_snapshot)
ok: [192.168.47.150] => (item=dm_thin_pool)
ok: [192.168.47.150] => (item=ip_vs)
ok: [192.168.47.150] => (item=ip_vs_rr)
ok: [192.168.47.150] => (item=ip_vs_wrr)
ok: [192.168.47.150] => (item=ip_vs_sh)
ok: [192.168.47.150] => (item=nf_conntrack)

TASK [prepare : try to load nf_conntrack_ipv4] *********************************
changed: [192.168.47.150]

TASK [prepare : enable systemd loading module automatically] *******************
ok: [192.168.47.150]

TASK [prepare : load kernel module on startup] *********************************
ok: [192.168.47.150]

TASK [prepare : set system params] *********************************************
ok: [192.168.47.150]

TASK [prepare : check if fs.may_detach_mounts needs to be set] *****************
ok: [192.168.47.150]

TASK [prepare : if needed, set fs.may_detach_mounts as 1] **********************
skipping: [192.168.47.150]

TASK [prepare : check if net.ipv4.tcp_tw_recycle needs to be set] **************
ok: [192.168.47.150]

TASK [prepare : if needed, set tcp_tw_recycle] *********************************
skipping: [192.168.47.150]

TASK [prepare : take effect on system] *****************************************
changed: [192.168.47.150]

TASK [prepare : create systemd configuration directory] ************************
ok: [192.168.47.150]

TASK [prepare : set system param ulimits] **************************************
ok: [192.168.47.150]

TASK [prepare : take SCTP to kernel module blacklist] **************************
ok: [192.168.47.150]

TASK [prepare : prepare some dirs] *********************************************
ok: [192.168.47.150] => (item=/usr/local/bin)
changed: [192.168.47.150] => (item=/etc/kubernetes/ssl)
ok: [192.168.47.150] => (item=/root/.kube)

TASK [prepare : copy kubectl kubeconfig to home dir] ***************************
changed: [192.168.47.150]

TASK [prepare : add hosts entry to resolve local registry] *********************
ok: [192.168.47.150]

TASK [prepare : set node hostname] *********************************************
changed: [192.168.47.150]

TASK [prepare : the master[0] resolves all hosts master-debian in /etc/hosts] ***
changed: [192.168.47.150]

TASK [prepare : get /etc/hosts from the master[0]] *****************************
changed: [192.168.47.150]

TASK [prepare : delete /etc/hosts in the master[0]] ****************************
changed: [192.168.47.150]

TASK [prepare : sync /etc/hosts to all hosts] **********************************
changed: [192.168.47.150] => (item=192.168.47.150)
ok: [192.168.47.150] => (item=192.168.47.150)

TASK [prepare : set prepare tasks label file] **********************************
changed: [192.168.47.150]

PLAY [etcd] ********************************************************************

TASK [Gathering Facts] *********************************************************
ok: [192.168.47.150]

TASK [etcd : prepare some dirs] ************************************************
changed: [192.168.47.150]

TASK [etcd : download etcd binary] *********************************************
ok: [192.168.47.150] => (item=etcd)
ok: [192.168.47.150] => (item=etcdctl)
ok: [192.168.47.150] => (item=etcdutl)

TASK [etcd : create etcd CSR] **************************************************
changed: [192.168.47.150 -> localhost]

TASK [etcd : create etcd certs and private key] ********************************
changed: [192.168.47.150 -> localhost]

TASK [etcd : distribute etcd cert-related files] *******************************
changed: [192.168.47.150] => (item=ca.pem)
changed: [192.168.47.150] => (item=etcd.pem)
changed: [192.168.47.150] => (item=etcd-key.pem)

TASK [etcd : create etcd systemd unit file] ************************************
changed: [192.168.47.150]

TASK [etcd : enable etcd service on startup] ***********************************
changed: [192.168.47.150]

TASK [etcd : start etcd service] ***********************************************
changed: [192.168.47.150]

TASK [etcd : wait for etcd service running] ************************************
changed: [192.168.47.150]

PLAY [kube_master,kube_node] ***************************************************

TASK [Gathering Facts] *********************************************************
ok: [192.168.47.150]

TASK [docker : check if docker was installed] **********************************
skipping: [192.168.47.150]

TASK [docker : get docker version information] *********************************
skipping: [192.168.47.150]

TASK [docker : debug info] *****************************************************
skipping: [192.168.47.150]

TASK [docker : revise docker version with float type] **************************
skipping: [192.168.47.150]

TASK [docker : infer docker installed] *****************************************
skipping: [192.168.47.150]

TASK [docker : prepare docker-related directories] *****************************
skipping: [192.168.47.150] => (item=/usr/local/bin) 
skipping: [192.168.47.150] => (item=/etc/docker) 
skipping: [192.168.47.150]

TASK [docker : download docker binary] *****************************************
skipping: [192.168.47.150] => (item=/usr/local/kubeauto/docker-bin/docker-compose) 
skipping: [192.168.47.150] => (item=/usr/local/kubeauto/docker-bin/runc) 
skipping: [192.168.47.150] => (item=/usr/local/kubeauto/docker-bin/dockerd) 
skipping: [192.168.47.150] => (item=/usr/local/kubeauto/docker-bin/docker) 
skipping: [192.168.47.150] => (item=/usr/local/kubeauto/docker-bin/docker-proxy) 
skipping: [192.168.47.150] => (item=/usr/local/kubeauto/docker-bin/docker-init) 
skipping: [192.168.47.150] => (item=/usr/local/kubeauto/docker-bin/docker-buildx) 
skipping: [192.168.47.150] => (item=/usr/local/kubeauto/docker-bin/ctr) 
skipping: [192.168.47.150] => (item=/usr/local/kubeauto/docker-bin/containerd) 
skipping: [192.168.47.150] => (item=/usr/local/kubeauto/docker-bin/containerd-shim-runc-v2) 
skipping: [192.168.47.150]

TASK [docker : configure docker daemon] ****************************************
skipping: [192.168.47.150]

TASK [docker : create docker systemd unit file] ********************************
skipping: [192.168.47.150]

TASK [docker : enable docker service on startup] *******************************
skipping: [192.168.47.150]

TASK [docker : start docker service] *******************************************
skipping: [192.168.47.150]

TASK [docker : wait for docker running] ****************************************
skipping: [192.168.47.150]

TASK [docker : configure docker symlink] ***************************************
skipping: [192.168.47.150]

TASK [containerd : prepare containerd-related directories] *********************
changed: [192.168.47.150] => (item=/etc/containerd)
changed: [192.168.47.150] => (item=/etc/containerd/certs.d/docker.io)
changed: [192.168.47.150] => (item=/etc/containerd/certs.d/registry.talkschool.cn:5000)
changed: [192.168.47.150] => (item=/etc/containerd/certs.d/harbor.brinnatt.io.local:8443)

TASK [containerd : prepare INSECURE REGISTRY dirs] *****************************
skipping: [192.168.47.150] => (item=http://registry.talkschool.cn:5000) 
changed: [192.168.47.150] => (item=https://reg.yourcompany.com)

TASK [containerd : load kernel module overlay] *********************************
ok: [192.168.47.150]

TASK [containerd : download containerd binary] *********************************
ok: [192.168.47.150] => (item=/usr/local/kubeauto/extra-bin/containerd-bin/runc)
ok: [192.168.47.150] => (item=/usr/local/kubeauto/extra-bin/containerd-bin/containerd-stress)
ok: [192.168.47.150] => (item=/usr/local/kubeauto/extra-bin/containerd-bin/ctr)
ok: [192.168.47.150] => (item=/usr/local/kubeauto/extra-bin/containerd-bin/containerd)
ok: [192.168.47.150] => (item=/usr/local/kubeauto/extra-bin/containerd-bin/containerd-shim-runc-v2)

TASK [containerd : download crictl] ********************************************
ok: [192.168.47.150]

TASK [containerd : crictl bash completion] *************************************
changed: [192.168.47.150]

TASK [containerd : create containerd configuration file] ***********************
changed: [192.168.47.150]

TASK [containerd : configure docker.io accelerator] ****************************
changed: [192.168.47.150]

TASK [containerd : configure local_registry] ***********************************
changed: [192.168.47.150]

TASK [containerd : configure trusted INSECURE REGISTRY registry] ***************
skipping: [192.168.47.150] => (item=http://registry.talkschool.cn:5000) 
changed: [192.168.47.150] => (item=https://reg.yourcompany.com)

TASK [containerd : configure harbor registry] **********************************
changed: [192.168.47.150]

TASK [containerd : create systemd unit file] ***********************************
changed: [192.168.47.150]

TASK [containerd : create crictl configuration] ********************************
changed: [192.168.47.150]

TASK [containerd : enable containerd service on startup] ***********************
changed: [192.168.47.150]

TASK [containerd : start containerd service] ***********************************
changed: [192.168.47.150]

TASK [containerd : wait for containerd service running] ************************
changed: [192.168.47.150]

PLAY [kube_master] *************************************************************

TASK [Gathering Facts] *********************************************************
ok: [192.168.47.150]

TASK [kube-lb : prepare some dirs] *********************************************
changed: [192.168.47.150] => (item=/etc/kube-lb/sbin)
changed: [192.168.47.150] => (item=/etc/kube-lb/logs)
changed: [192.168.47.150] => (item=/etc/kube-lb/conf)

TASK [kube-lb : download kube-lb(nginx)] ***************************************
changed: [192.168.47.150]

TASK [kube-lb : create kube-lb configuration file] *****************************
changed: [192.168.47.150]

TASK [kube-lb : create kube-lb systemd unit file] ******************************
changed: [192.168.47.150]

TASK [kube-lb : enable kube-lb service on startup] *****************************
changed: [192.168.47.150]

TASK [kube-lb : start kube-lb service] *****************************************
changed: [192.168.47.150]

TASK [kube-lb : wait for kube-lb service running] ******************************
changed: [192.168.47.150]

TASK [kube-master : assure k8s bin can be executable] **************************
ok: [192.168.47.150] => (item=kube-apiserver)
ok: [192.168.47.150] => (item=kube-controller-manager)
ok: [192.168.47.150] => (item=kube-scheduler)
ok: [192.168.47.150] => (item=kubectl)

TASK [kube-master : distribute controller/scheduler kubeconfig] ****************
changed: [192.168.47.150] => (item=kube-controller-manager.kubeconfig)
changed: [192.168.47.150] => (item=kube-scheduler.kubeconfig)

TASK [kube-master : create cluster audit related directories] ******************
skipping: [192.168.47.150] => (item=/etc/kubernetes/audit) 
skipping: [192.168.47.150] => (item=/var/log/kubernetes/audit) 
skipping: [192.168.47.150]

TASK [kube-master : distribute cluster audit configuration file] ***************
skipping: [192.168.47.150]

TASK [kube-master : create kubernetes CSR] *************************************
changed: [192.168.47.150 -> localhost]

TASK [kube-master : create kubernetes cert and private key] ********************
changed: [192.168.47.150 -> localhost]

TASK [kube-master : create aggregator proxy CSR] *******************************
changed: [192.168.47.150 -> localhost]

TASK [kube-master : create aggregator-proxy cert and private key] **************
changed: [192.168.47.150 -> localhost]

TASK [kube-master : distribute kubernetes cert-related files] ******************
ok: [192.168.47.150] => (item=ca.pem)
changed: [192.168.47.150] => (item=ca-key.pem)
changed: [192.168.47.150] => (item=kubernetes.pem)
changed: [192.168.47.150] => (item=kubernetes-key.pem)
changed: [192.168.47.150] => (item=aggregator-proxy.pem)
changed: [192.168.47.150] => (item=aggregator-proxy-key.pem)

TASK [kube-master : correct apiserver socket in kubeconfig] ********************
changed: [192.168.47.150] => (item=/etc/kubernetes/kube-controller-manager.kubeconfig)
changed: [192.168.47.150] => (item=/etc/kubernetes/kube-scheduler.kubeconfig)

TASK [kube-master : create master systemd unit file] ***************************
changed: [192.168.47.150] => (item=kube-apiserver.service)
changed: [192.168.47.150] => (item=kube-controller-manager.service)
changed: [192.168.47.150] => (item=kube-scheduler.service)

TASK [kube-master : enable master service on startup] **************************
changed: [192.168.47.150]

TASK [kube-master : reload systemd and restart kube-apiserver] *****************
changed: [192.168.47.150]

TASK [kube-master : wait for kube-apiserver running] ***************************
changed: [192.168.47.150]

TASK [kube-master : restart kube-controller-manager and kube-scheduler] ********
changed: [192.168.47.150]

TASK [kube-master : wait for kube-controller-manager running] ******************
changed: [192.168.47.150]

TASK [kube-master : wait for kube-scheduler running] ***************************
changed: [192.168.47.150]

TASK [kube-master : copy kubectl.kubeconfig] ***********************************
changed: [192.168.47.150 -> localhost]

TASK [kube-master : correct apiserver socket in kubeconfig] ********************
ok: [192.168.47.150 -> localhost]

TASK [kube-master : wait for master service running] ***************************
changed: [192.168.47.150 -> localhost]

TASK [kube-master : check if user:kubernetes was bond to related role] *********
changed: [192.168.47.150 -> localhost]

TASK [kube-master : create user:kubernetes role binding] ***********************
changed: [192.168.47.150 -> localhost]

TASK [kube-node : create kube_node related directories] ************************
changed: [192.168.47.150] => (item=/var/lib/kubelet)
changed: [192.168.47.150] => (item=/var/lib/kube-proxy)
ok: [192.168.47.150] => (item=/etc/cni/net.d)
ok: [192.168.47.150] => (item=/opt/cni/bin)

TASK [kube-node : download kubelet,kube-proxy binaries] ************************
ok: [192.168.47.150] => (item=kubectl)
ok: [192.168.47.150] => (item=kubelet)
ok: [192.168.47.150] => (item=kube-proxy)

TASK [kube-node : download cni plugins binaries] *******************************
changed: [192.168.47.150] => (item=/usr/local/kubeauto/extra-bin/cni-bin/portmap)
ok: [192.168.47.150] => (item=/usr/local/kubeauto/extra-bin/cni-bin/README.md)
ok: [192.168.47.150] => (item=/usr/local/kubeauto/extra-bin/cni-bin/static)
ok: [192.168.47.150] => (item=/usr/local/kubeauto/extra-bin/cni-bin/sbr)
changed: [192.168.47.150] => (item=/usr/local/kubeauto/extra-bin/cni-bin/host-local)
ok: [192.168.47.150] => (item=/usr/local/kubeauto/extra-bin/cni-bin/vrf)
ok: [192.168.47.150] => (item=/usr/local/kubeauto/extra-bin/cni-bin/macvlan)
changed: [192.168.47.150] => (item=/usr/local/kubeauto/extra-bin/cni-bin/bandwidth)
ok: [192.168.47.150] => (item=/usr/local/kubeauto/extra-bin/cni-bin/bridge)
ok: [192.168.47.150] => (item=/usr/local/kubeauto/extra-bin/cni-bin/tap)
ok: [192.168.47.150] => (item=/usr/local/kubeauto/extra-bin/cni-bin/ipvlan)
ok: [192.168.47.150] => (item=/usr/local/kubeauto/extra-bin/cni-bin/host-device)
changed: [192.168.47.150] => (item=/usr/local/kubeauto/extra-bin/cni-bin/tuning)
ok: [192.168.47.150] => (item=/usr/local/kubeauto/extra-bin/cni-bin/vlan)
ok: [192.168.47.150] => (item=/usr/local/kubeauto/extra-bin/cni-bin/firewall)
changed: [192.168.47.150] => (item=/usr/local/kubeauto/extra-bin/cni-bin/loopback)
ok: [192.168.47.150] => (item=/usr/local/kubeauto/extra-bin/cni-bin/ptp)
ok: [192.168.47.150] => (item=/usr/local/kubeauto/extra-bin/cni-bin/dummy)
ok: [192.168.47.150] => (item=/usr/local/kubeauto/extra-bin/cni-bin/LICENSE)
ok: [192.168.47.150] => (item=/usr/local/kubeauto/extra-bin/cni-bin/dhcp)

TASK [kube-node : kubectl bash completion] *************************************
changed: [192.168.47.150]

TASK [kube-node : prepare kubelet CSR] *****************************************
changed: [192.168.47.150 -> localhost]

TASK [kube-node : create kubelet cert and private key] *************************
changed: [192.168.47.150 -> localhost]

TASK [kube-node : set cluster params] ******************************************
changed: [192.168.47.150 -> localhost]

TASK [kube-node : set client credential params] ********************************
changed: [192.168.47.150 -> localhost]

TASK [kube-node : set context params] ******************************************
changed: [192.168.47.150 -> localhost]

TASK [kube-node : choose default context] **************************************
changed: [192.168.47.150 -> localhost]

TASK [kube-node : distribute ca cert] ******************************************
ok: [192.168.47.150]

TASK [kube-node : distribute kubelet cert] *************************************
changed: [192.168.47.150] => (item=kubelet.pem)
changed: [192.168.47.150] => (item=kubelet-key.pem)

TASK [kube-node : distribute kubeconfig] ***************************************
changed: [192.168.47.150]

TASK [kube-node : prepare cni configuration file] ******************************
changed: [192.168.47.150]

TASK [kube-node : create kubelet configuration file] ***************************
changed: [192.168.47.150]

TASK [kube-node : check if /run/systemd/resolve/resolv.conf exists] ************
ok: [192.168.47.150]

TASK [kube-node : replace resolvConf param] ************************************
skipping: [192.168.47.150]

TASK [kube-node : create kubelet systemd unit file] ****************************
changed: [192.168.47.150]

TASK [kube-node : enable kubelet service on startup] ***************************
changed: [192.168.47.150]

TASK [kube-node : start kubelet service] ***************************************
changed: [192.168.47.150]

TASK [kube-node : distribute kube-proxy.kubeconfig configuration file] *********
changed: [192.168.47.150]

TASK [kube-node : correct apiserver socket in kube-proxy.kubeconfig] ***********
changed: [192.168.47.150]

TASK [kube-node : create kube-proxy configuration] *****************************
changed: [192.168.47.150]

TASK [kube-node : create kube-proxy service file] ******************************
changed: [192.168.47.150]

TASK [kube-node : enable kube-proxy service on startup] ************************
changed: [192.168.47.150]

TASK [kube-node : start kube-proxy service] ************************************
changed: [192.168.47.150]

TASK [kube-node : wait for kube-proxy running] *********************************
changed: [192.168.47.150]

TASK [kube-node : wait for kubelet running] ************************************
changed: [192.168.47.150]

TASK [kube-node : wait for node Ready] *****************************************
changed: [192.168.47.150 -> localhost]

TASK [kube-node : Setting worker role name] ************************************
changed: [192.168.47.150 -> localhost]

TASK [kube-node : Setting master role name] ************************************
changed: [192.168.47.150 -> localhost]

TASK [kube-node : Making master nodes SchedulingDisabled] **********************
skipping: [192.168.47.150]

PLAY [kube_node] ***************************************************************

TASK [Gathering Facts] *********************************************************
ok: [192.168.47.150]

TASK [kube-lb : prepare some dirs] *********************************************
skipping: [192.168.47.150] => (item=/etc/kube-lb/sbin) 
skipping: [192.168.47.150] => (item=/etc/kube-lb/logs) 
skipping: [192.168.47.150] => (item=/etc/kube-lb/conf) 
skipping: [192.168.47.150]

TASK [kube-lb : download kube-lb(nginx)] ***************************************
skipping: [192.168.47.150]

TASK [kube-lb : create kube-lb configuration file] *****************************
skipping: [192.168.47.150]

TASK [kube-lb : create kube-lb systemd unit file] ******************************
skipping: [192.168.47.150]

TASK [kube-lb : enable kube-lb service on startup] *****************************
skipping: [192.168.47.150]

TASK [kube-lb : start kube-lb service] *****************************************
skipping: [192.168.47.150]

TASK [kube-lb : wait for kube-lb service running] ******************************
skipping: [192.168.47.150]

TASK [kube-node : create kube_node related directories] ************************
skipping: [192.168.47.150] => (item=/var/lib/kubelet) 
skipping: [192.168.47.150] => (item=/var/lib/kube-proxy) 
skipping: [192.168.47.150] => (item=/etc/cni/net.d) 
skipping: [192.168.47.150] => (item=/opt/cni/bin) 
skipping: [192.168.47.150]

TASK [kube-node : download kubelet,kube-proxy binaries] ************************
skipping: [192.168.47.150] => (item=kubectl) 
skipping: [192.168.47.150] => (item=kubelet) 
skipping: [192.168.47.150] => (item=kube-proxy) 
skipping: [192.168.47.150]

TASK [kube-node : download cni plugins binaries] *******************************
skipping: [192.168.47.150] => (item=/usr/local/kubeauto/extra-bin/cni-bin/portmap) 
skipping: [192.168.47.150] => (item=/usr/local/kubeauto/extra-bin/cni-bin/README.md) 
skipping: [192.168.47.150] => (item=/usr/local/kubeauto/extra-bin/cni-bin/static) 
skipping: [192.168.47.150] => (item=/usr/local/kubeauto/extra-bin/cni-bin/sbr) 
skipping: [192.168.47.150] => (item=/usr/local/kubeauto/extra-bin/cni-bin/host-local) 
skipping: [192.168.47.150] => (item=/usr/local/kubeauto/extra-bin/cni-bin/vrf) 
skipping: [192.168.47.150] => (item=/usr/local/kubeauto/extra-bin/cni-bin/macvlan) 
skipping: [192.168.47.150] => (item=/usr/local/kubeauto/extra-bin/cni-bin/bandwidth) 
skipping: [192.168.47.150] => (item=/usr/local/kubeauto/extra-bin/cni-bin/bridge) 
skipping: [192.168.47.150] => (item=/usr/local/kubeauto/extra-bin/cni-bin/tap) 
skipping: [192.168.47.150] => (item=/usr/local/kubeauto/extra-bin/cni-bin/ipvlan) 
skipping: [192.168.47.150] => (item=/usr/local/kubeauto/extra-bin/cni-bin/host-device) 
skipping: [192.168.47.150] => (item=/usr/local/kubeauto/extra-bin/cni-bin/tuning) 
skipping: [192.168.47.150] => (item=/usr/local/kubeauto/extra-bin/cni-bin/vlan) 
skipping: [192.168.47.150] => (item=/usr/local/kubeauto/extra-bin/cni-bin/firewall) 
skipping: [192.168.47.150] => (item=/usr/local/kubeauto/extra-bin/cni-bin/loopback) 
skipping: [192.168.47.150] => (item=/usr/local/kubeauto/extra-bin/cni-bin/ptp) 
skipping: [192.168.47.150] => (item=/usr/local/kubeauto/extra-bin/cni-bin/dummy) 
skipping: [192.168.47.150] => (item=/usr/local/kubeauto/extra-bin/cni-bin/LICENSE) 
skipping: [192.168.47.150] => (item=/usr/local/kubeauto/extra-bin/cni-bin/dhcp) 
skipping: [192.168.47.150]

TASK [kube-node : kubectl bash completion] *************************************
skipping: [192.168.47.150]

TASK [kube-node : prepare kubelet CSR] *****************************************
skipping: [192.168.47.150]

TASK [kube-node : create kubelet cert and private key] *************************
skipping: [192.168.47.150]

TASK [kube-node : set cluster params] ******************************************
skipping: [192.168.47.150]

TASK [kube-node : set client credential params] ********************************
skipping: [192.168.47.150]

TASK [kube-node : set context params] ******************************************
skipping: [192.168.47.150]

TASK [kube-node : choose default context] **************************************
skipping: [192.168.47.150]

TASK [kube-node : distribute ca cert] ******************************************
skipping: [192.168.47.150]

TASK [kube-node : distribute kubelet cert] *************************************
skipping: [192.168.47.150] => (item=kubelet.pem) 
skipping: [192.168.47.150] => (item=kubelet-key.pem) 
skipping: [192.168.47.150]

TASK [kube-node : distribute kubeconfig] ***************************************
skipping: [192.168.47.150]

TASK [kube-node : prepare cni configuration file] ******************************
skipping: [192.168.47.150]

TASK [kube-node : create kubelet configuration file] ***************************
skipping: [192.168.47.150]

TASK [kube-node : check if /run/systemd/resolve/resolv.conf exists] ************
skipping: [192.168.47.150]

TASK [kube-node : replace resolvConf param] ************************************
skipping: [192.168.47.150]

TASK [kube-node : create kubelet systemd unit file] ****************************
skipping: [192.168.47.150]

TASK [kube-node : enable kubelet service on startup] ***************************
skipping: [192.168.47.150]

TASK [kube-node : start kubelet service] ***************************************
skipping: [192.168.47.150]

TASK [kube-node : distribute kube-proxy.kubeconfig configuration file] *********
skipping: [192.168.47.150]

TASK [kube-node : correct apiserver socket in kube-proxy.kubeconfig] ***********
skipping: [192.168.47.150]

TASK [kube-node : create kube-proxy configuration] *****************************
skipping: [192.168.47.150]

TASK [kube-node : create kube-proxy service file] ******************************
skipping: [192.168.47.150]

TASK [kube-node : enable kube-proxy service on startup] ************************
skipping: [192.168.47.150]

TASK [kube-node : start kube-proxy service] ************************************
skipping: [192.168.47.150]

TASK [kube-node : wait for kube-proxy running] *********************************
skipping: [192.168.47.150]

TASK [kube-node : wait for kubelet running] ************************************
skipping: [192.168.47.150]

TASK [kube-node : wait for node Ready] *****************************************
skipping: [192.168.47.150]

TASK [kube-node : Setting worker role name] ************************************
skipping: [192.168.47.150]

TASK [kube-node : Setting master role name] ************************************
skipping: [192.168.47.150]

TASK [kube-node : Making master nodes SchedulingDisabled] **********************
skipping: [192.168.47.150]

PLAY [kube_master,kube_node] ***************************************************

TASK [Gathering Facts] *********************************************************
ok: [192.168.47.150]

TASK [calico : create calico CSR] **********************************************
changed: [192.168.47.150 -> localhost]

TASK [calico : create calico cert and private key] *****************************
changed: [192.168.47.150 -> localhost]

TASK [calico : delete old calico-etcd-secrets] *********************************
skipping: [192.168.47.150]

TASK [calico : create calico-etcd-secrets] *************************************
changed: [192.168.47.150 -> localhost]

TASK [calico : configure calico DaemonSet yaml file] ***************************
changed: [192.168.47.150 -> localhost]

TASK [calico : delete calico network] ******************************************
skipping: [192.168.47.150]

TASK [calico : apply calico network] *******************************************
changed: [192.168.47.150 -> localhost]

TASK [calico : prepare some dirs] **********************************************
changed: [192.168.47.150] => (item=/etc/calico/ssl)

TASK [calico : distribute calico cert-related files] ***************************
changed: [192.168.47.150] => (item=ca.pem)
changed: [192.168.47.150] => (item=calico.pem)
changed: [192.168.47.150] => (item=calico-key.pem)

TASK [calico : delete default cni configuration] *******************************
changed: [192.168.47.150]

TASK [calico : download calicoctl client command] ******************************
ok: [192.168.47.150] => (item=calicoctl)

TASK [calico : prepare calicoctl configuration file] ***************************
changed: [192.168.47.150]

TASK [calico : wait for calico-node running in a polling manner] ***************
FAILED - RETRYING: [192.168.47.150 -> localhost]: wait for calico-node running in a polling manner (15 retries left).
changed: [192.168.47.150 -> localhost]

TASK [calico : choose default rr nodes(master nodes by default)] ***************
skipping: [192.168.47.150]

TASK [calico : choose user-defined rr nodes] ***********************************
skipping: [192.168.47.150]

TASK [calico : show rr nodes] **************************************************
skipping: [192.168.47.150]

TASK [calico : configure routeReflectorClusterID] ******************************
skipping: [192.168.47.150]

TASK [calico : node label] *****************************************************
skipping: [192.168.47.150]

TASK [calico : configure calico bgp yaml file] *********************************
skipping: [192.168.47.150] => (item=bgp-default.yaml) 
skipping: [192.168.47.150] => (item=bgp-rr.yaml) 
skipping: [192.168.47.150]

TASK [calico : apply calico bgp configuration] *********************************
skipping: [192.168.47.150]

TASK [calico : check bgp connection] *******************************************
skipping: [192.168.47.150]

TASK [calico : debug] **********************************************************
skipping: [192.168.47.150]

TASK [cilium : revise kernel version with float type] **************************
skipping: [192.168.47.150]

TASK [cilium : check if kernel version > 4.9] **********************************
skipping: [192.168.47.150]

TASK [cilium : create cilium chart setting] ************************************
skipping: [192.168.47.150]

TASK [cilium : helm delete cilium v1.19.5] *************************************
skipping: [192.168.47.150]

TASK [cilium : helm create cilium v1.19.5] *************************************
skipping: [192.168.47.150]

TASK [cilium : download client tools] ******************************************
skipping: [192.168.47.150] => (item=cilium) 
skipping: [192.168.47.150] => (item=hubble) 
skipping: [192.168.47.150]

TASK [cilium : delete default cni configurations] ******************************
skipping: [192.168.47.150]

TASK [cilium : wait for cilium-node running in a polling manner] ***************
skipping: [192.168.47.150]

TASK [cilium : restart hubble-ui after CNI is up (avoids frontend probe failure during bootstrap)] ***
skipping: [192.168.47.150]

TASK [cilium : restart hubble-relay pod] ***************************************
skipping: [192.168.47.150]

TASK [flannel : configure flannel DaemonSet yaml file] *************************
skipping: [192.168.47.150]

TASK [flannel : delete flannel network before applying] ************************
skipping: [192.168.47.150]

TASK [flannel : apply flannel network] *****************************************
skipping: [192.168.47.150]

TASK [flannel : delete default cni configuration] ******************************
skipping: [192.168.47.150]

TASK [flannel : wait for flannel running in a polling manner] ******************
skipping: [192.168.47.150]

TASK [kube-router : prepare to configure kube-router DaemonSet] ****************
skipping: [192.168.47.150]

TASK [kube-router : delete kube-router DaemonSet] ******************************
skipping: [192.168.47.150]

TASK [kube-router : apply kube-router DaemonSet] *******************************
skipping: [192.168.47.150]

TASK [kube-router : delete default cni configurations] *************************
skipping: [192.168.47.150]

TASK [kube-router : wait for kube-router running in a polling manner] **********
skipping: [192.168.47.150]

TASK [kube-ovn : delete default cni configurations] ****************************
skipping: [192.168.47.150]

TASK [kube-ovn : prepare kube-ovn-related files] *******************************
skipping: [192.168.47.150] => (item=install.sh) 
skipping: [192.168.47.150] => (item=coredns.yaml) 
skipping: [192.168.47.150]

TASK [kube-ovn : prepare dnscache deployment file with ipvs] *******************
skipping: [192.168.47.150]

TASK [kube-ovn : prepare dnscache deployment file with iptables] ***************
skipping: [192.168.47.150]

TASK [kube-ovn : apply coredns, dnscache yaml] *********************************
skipping: [192.168.47.150]

TASK [kube-ovn : install kube-ovn network] *************************************
skipping: [192.168.47.150]

TASK [kube-ovn : wait for kube-ovn running in a polling manner] ****************
skipping: [192.168.47.150]

PLAY [kube_master,kube_node] ***************************************************

TASK [Gathering Facts] *********************************************************
ok: [192.168.47.150]

TASK [wait for node Ready] *****************************************************
changed: [192.168.47.150 -> localhost]

TASK [Setting worker role name] ************************************************
changed: [192.168.47.150 -> localhost]

TASK [Setting master role name] ************************************************
changed: [192.168.47.150 -> localhost]

TASK [Making master nodes SchedulingDisabled] **********************************
skipping: [192.168.47.150]

PLAY [localhost] ***************************************************************

TASK [Gathering Facts] *********************************************************
ok: [localhost]

TASK [cluster-addon : 获取所有已经创建的POD信息] *******************************
changed: [localhost]

TASK [cluster-addon : 准备 DNS的部署文件] **************************************
changed: [localhost]

TASK [cluster-addon : 删除coredns部署] *****************************************
skipping: [localhost]

TASK [cluster-addon : 创建coredns部署] *****************************************
changed: [localhost]

TASK [cluster-addon : 准备dnscache的部署文件] **********************************
changed: [localhost]

TASK [cluster-addon : 准备dnscache的部署文件] **********************************
skipping: [localhost]

TASK [cluster-addon : 删除dnscache部署] ****************************************
skipping: [localhost]

TASK [cluster-addon : 创建dnscache部署] ****************************************
changed: [localhost]

TASK [cluster-addon : 准备 metrics-server的部署文件] ***************************
changed: [localhost]

TASK [cluster-addon : 删除 metrics-server部署] *********************************
skipping: [localhost]

TASK [cluster-addon : 创建 metrics-server部署] *********************************
changed: [localhost]

TASK [cluster-addon : prepare some dirs] ***************************************
skipping: [localhost]

TASK [cluster-addon : 准备 dashboard的部署文件] ********************************
skipping: [localhost] => (item=dashboard-values.yaml) 
skipping: [localhost] => (item=admin-user-sa-rbac.yaml) 
skipping: [localhost] => (item=read-user-sa-rbac.yaml) 
skipping: [localhost]

TASK [cluster-addon : 创建 dashboard部署] **************************************
skipping: [localhost]

TASK [cluster-addon : 创建用户admin,read] **************************************
skipping: [localhost]

TASK [cluster-addon : 准备 local-storage 配置目录] *****************************
skipping: [localhost]

TASK [cluster-addon : 准备 local-storage部署文件] ******************************
skipping: [localhost] => (item=local-path-storage.yaml) 
skipping: [localhost] => (item=test-pod.yaml) 
skipping: [localhost]

TASK [cluster-addon : 创建 local-storage部署] **********************************
skipping: [localhost]

TASK [cluster-addon : 准备 nfs-provisioner 配置目录] ***************************
skipping: [localhost]

TASK [cluster-addon : 准备 nfs-provisioner部署文件] ****************************
skipping: [localhost] => (item=nfs-provisioner.yaml) 
skipping: [localhost] => (item=test-pod.yaml) 
skipping: [localhost]

TASK [cluster-addon : 创建 nfs-provisioner部署] ********************************
skipping: [localhost]

TASK [cluster-addon : 清理 snapshot-controller crd] ****************************
skipping: [localhost]

TASK [cluster-addon : prepare some dirs] ***************************************
skipping: [localhost]

TASK [cluster-addon : 创建命名空间openebs] *************************************
skipping: [localhost]

TASK [cluster-addon : 创建chart 个性化设置] ************************************
skipping: [localhost] => (item=values.yaml) 
skipping: [localhost] => (item=sc.yaml) 
skipping: [localhost]

TASK [cluster-addon : helm 部署 openebs operator] ******************************
skipping: [localhost]

TASK [cluster-addon : 轮询等待部署 openebs] ************************************
skipping: [localhost]

TASK [cluster-addon : 轮询等待lvm-localpv-controller 运行] *********************
skipping: [localhost]

TASK [cluster-addon : 创建lvm storageclass] ************************************
skipping: [localhost]

TASK [cluster-addon : 获取是否已创建命名空间monitor] ***************************
skipping: [localhost]

TASK [cluster-addon : 创建命名空间monitor] *************************************
skipping: [localhost]

TASK [cluster-addon : get etcd-client-cert info] *******************************
skipping: [localhost]

TASK [cluster-addon : 创建etcd-client 证书请求] ********************************
skipping: [localhost]

TASK [cluster-addon : 创建 etcd-client证书和私钥] ******************************
skipping: [localhost]

TASK [cluster-addon : 删除 etcd-client-cert] ***********************************
skipping: [localhost]

TASK [cluster-addon : 创建 etcd-client-cert] ***********************************
skipping: [localhost]

TASK [cluster-addon : debug] ***************************************************
skipping: [localhost]

TASK [cluster-addon : 创建 prom chart 个性化设置] ******************************
skipping: [localhost]

TASK [cluster-addon : helm 删除 kube-prometheus-stack 75.7.0] ******************
skipping: [localhost]

TASK [cluster-addon : helm 创建 kube-prometheus-stack 75.7.0] ******************
skipping: [localhost]

TASK [cluster-addon : prepare some dirs] ***************************************
skipping: [localhost]

TASK [cluster-addon : 创建命名空间minio] ***************************************
skipping: [localhost]

TASK [cluster-addon : get minio-global-cert info] ******************************
skipping: [localhost]

TASK [cluster-addon : 创建 minio-global-cert] **********************************
skipping: [localhost]

TASK [cluster-addon : 创建chart 个性化设置] ************************************
skipping: [localhost] => (item=operator-values.yaml) 
skipping: [localhost] => (item=tenant-values.yaml) 
skipping: [localhost]

TASK [cluster-addon : helm 部署 minio operator] ********************************
skipping: [localhost]

TASK [cluster-addon : 轮询等待部署 minio operator] *****************************
skipping: [localhost]

TASK [cluster-addon : helm 部署 minio tenant] **********************************
skipping: [localhost]

TASK [cluster-addon : 准备 nacos的部署文件] ************************************
skipping: [localhost]

TASK [cluster-addon : 创建命名空间nacos] ***************************************
skipping: [localhost]

TASK [cluster-addon : 创建 nacos部署] ******************************************
skipping: [localhost]

TASK [cluster-addon : 创建命名空间rocketmq] ************************************
skipping: [localhost]

TASK [cluster-addon : helm 部署 rocketmq operator] *****************************
skipping: [localhost]

TASK [cluster-addon : 轮询等待 rocketmq operator 运行] *************************
skipping: [localhost]

TASK [cluster-addon : 准备 rocketmq 部署文件] **********************************
skipping: [localhost]

TASK [cluster-addon : 部署 rocketmq cluster] ***********************************
skipping: [localhost]

TASK [cluster-addon : 准备 cilium-check 配置目录] ******************************
skipping: [localhost]

TASK [cluster-addon : 准备部署文件] ********************************************
skipping: [localhost] => (item=connectivity-check.yaml) 
skipping: [localhost] => (item=check-part1.yaml) 
skipping: [localhost] => (item=namespace.yaml) 
skipping: [localhost]

TASK [cluster-addon : 创建测试namespace] ***************************************
skipping: [localhost]

TASK [cluster-addon : 创建测试part1] *******************************************
skipping: [localhost]

TASK [cluster-addon : 轮询等待echo pod运行，视下载镜像速度而定] ****************
skipping: [localhost]

TASK [cluster-addon : 创建完整测试connectivity-check] **************************
skipping: [localhost]

TASK [cluster-addon : debug] ***************************************************
skipping: [localhost]

TASK [cluster-addon : 准备 network-check 配置目录] *****************************
skipping: [localhost]

TASK [cluster-addon : 准备部署文件] ********************************************
skipping: [localhost] => (item=network-check.yaml) 
skipping: [localhost] => (item=namespace.yaml) 
skipping: [localhost]

TASK [cluster-addon : 创建测试namespace] ***************************************
skipping: [localhost]

TASK [cluster-addon : 创建完整测试network-check] *******************************
skipping: [localhost]

TASK [cluster-addon : debug] ***************************************************
skipping: [localhost]

TASK [cluster-addon : prepare some dirs] ***************************************
skipping: [localhost]

TASK [cluster-addon : 创建命名空间ingress-nginx] *******************************
skipping: [localhost]

TASK [cluster-addon : label nodes for ingress-nginx controller] ****************
skipping: [localhost]

TASK [cluster-addon : 创建chart 个性化设置] ************************************
skipping: [localhost] => (item=values.yaml) 
skipping: [localhost]

TASK [cluster-addon : helm 部署 ingress-nginx] *********************************
skipping: [localhost]

TASK [cluster-addon : 轮询等待部署 ingress-nginx] ******************************
skipping: [localhost]

TASK [cluster-addon : 提示 WARNNING] *******************************************
skipping: [localhost]

PLAY RECAP *********************************************************************
192.168.47.150             : ok=135  changed=100  unreachable=0    failed=0    skipped=137  rescued=0    ignored=0   
localhost                  : ok=39   changed=35   unreachable=0    failed=0    skipped=79   rescued=0    ignored=0   
[2026-07-16 16:58:16] [INFO] [service.cluster.manager] Cluster setup completed (playbook 90.setup.yml).
[2026-07-16 16:58:17] [INFO] [service.cluster.manager] Cluster test-ded-etcd created. Next: edit /usr/local/kubeauto/clusters/test-ded-etcd/hosts and /usr/local/kubeauto/clusters/test-ded-etcd/config.yml, then run setup.
>>> kubecli setup test-ded-etcd 90
[2026-07-16 16:58:17] [INFO] [service.cluster.manager] Ansible Python policy (ansible-core 2.17): control node Python >=3.10, target module runtime Python >=3.9
[2026-07-16 16:58:17] [INFO] [service.cluster.manager] Setting up cluster with playbook 90.setup.yml.
[2026-07-16 16:58:17] [INFO] [service.cluster.manager] Component versions (kubernetes / etcd / network):
[2026-07-16 16:58:17] [INFO] [service.cluster.manager]   kubernetes: v1.33.6, etcd: v3.6.4, calico: v3.28.4
[WARNING]: Collection ansible.posix does not support Ansible version 2.17.14

PLAY [kube_master,kube_node,etcd,ex_lb,chrony] *********************************

TASK [Gathering Facts] *********************************************************
ok: [192.168.47.130]
ok: [192.168.47.142]

TASK [chrony : check if chronyd running, break the role] ***********************
skipping: [192.168.47.130]
skipping: [192.168.47.142]

TASK [chrony : terminate the play if chronyd running] **************************
skipping: [192.168.47.130]

TASK [chrony : uninstall residual ntp chrony] **********************************
skipping: [192.168.47.130] => (item=ntp) 
skipping: [192.168.47.130] => (item=chrony) 
skipping: [192.168.47.130]
skipping: [192.168.47.142] => (item=ntp) 
skipping: [192.168.47.142] => (item=chrony) 
skipping: [192.168.47.142]

TASK [chrony : prepare some dirs] **********************************************
skipping: [192.168.47.130] => (item=/etc/chrony) 
skipping: [192.168.47.130] => (item=/var/lib/chrony) 
skipping: [192.168.47.130] => (item=/var/log/chrony) 
skipping: [192.168.47.130]
skipping: [192.168.47.142] => (item=/etc/chrony) 
skipping: [192.168.47.142] => (item=/var/lib/chrony) 
skipping: [192.168.47.142] => (item=/var/log/chrony) 
skipping: [192.168.47.142]

TASK [chrony : distribute chronyd binary] **************************************
skipping: [192.168.47.130]
skipping: [192.168.47.142]

TASK [chrony : create chronyd systemd unit file] *******************************
skipping: [192.168.47.130]
skipping: [192.168.47.142]

TASK [chrony : configure chrony server] ****************************************
skipping: [192.168.47.130]
skipping: [192.168.47.142]

TASK [chrony : configure chrony client] ****************************************
skipping: [192.168.47.130]
skipping: [192.168.47.142]

TASK [chrony : enable chronyd service on startup] ******************************
skipping: [192.168.47.130]
skipping: [192.168.47.142]

TASK [chrony : start chronyd service] ******************************************
skipping: [192.168.47.130]
skipping: [192.168.47.142]

TASK [chrony : wait for chronyd running] ***************************************
skipping: [192.168.47.130]
skipping: [192.168.47.142]

PLAY [localhost] ***************************************************************

TASK [Gathering Facts] *********************************************************
ok: [localhost]

TASK [deploy : prepare some dirs] **********************************************
changed: [localhost] => (item=/usr/local/kubeauto/clusters/test-ded-etcd/ssl)
changed: [localhost] => (item=/usr/local/kubeauto/clusters/test-ded-etcd/backup)
changed: [localhost] => (item=/usr/local/kubeauto/clusters/test-ded-etcd/yml)
ok: [localhost] => (item=~/.kube)

TASK [deploy : set extra-bin directory permission] *****************************
ok: [localhost]

TASK [deploy : read ca cert stat information into p] ***************************
ok: [localhost]

TASK [deploy : prepare ca configuration and cert request] **********************
changed: [localhost] => (item=ca-config.json)
changed: [localhost] => (item=ca-csr.json)

TASK [deploy : generate CA cert and private key] *******************************
changed: [localhost]

TASK [deploy : prepare admin csr for kubectl usage] ****************************
changed: [localhost]

TASK [deploy : create admin cert and private key] ******************************
changed: [localhost]

TASK [deploy : set cluster params] *********************************************
changed: [localhost]

TASK [deploy : set client credential params] ***********************************
changed: [localhost]

TASK [deploy : set context params] *********************************************
changed: [localhost]

TASK [deploy : choose default context] *****************************************
changed: [localhost]

TASK [deploy : install kubeconfig] *********************************************
changed: [localhost]

TASK [deploy : create self-defined user certs directory] ***********************
skipping: [localhost]

TASK [deploy : prepare CA configuration] ***************************************
skipping: [localhost]

TASK [deploy : prepare {{ USER_NAME }} cert request for kubectl] ***************
skipping: [localhost]

TASK [deploy : create {{ USER_NAME }} cert and private key] ********************
skipping: [localhost]

TASK [deploy : set cluster params] *********************************************
skipping: [localhost]

TASK [deploy : set client credential params] ***********************************
skipping: [localhost]

TASK [deploy : set context params] *********************************************
skipping: [localhost]

TASK [deploy : choose default context] *****************************************
skipping: [localhost]

TASK [deploy : generate clusterrolebind configuration] *************************
skipping: [localhost]

TASK [deploy : create clusterrolebind] *****************************************
skipping: [localhost]

TASK [deploy : debug] **********************************************************
skipping: [localhost]

TASK [deploy : prepare kube-proxy csr] *****************************************
changed: [localhost]

TASK [deploy : create kube-proxy cert and private key] *************************
changed: [localhost]

TASK [deploy : set cluster params] *********************************************
changed: [localhost]

TASK [deploy : set client credential params] ***********************************
changed: [localhost]

TASK [deploy : set context params] *********************************************
changed: [localhost]

TASK [deploy : choose default context] *****************************************
changed: [localhost]

TASK [deploy : prepare kube-controller-manager csr] ****************************
changed: [localhost]

TASK [deploy : create kube-controller-manager cert and private key] ************
changed: [localhost]

TASK [deploy : set cluster params] *********************************************
changed: [localhost]

TASK [deploy : set client credential params] ***********************************
changed: [localhost]

TASK [deploy : set context params] *********************************************
changed: [localhost]

TASK [deploy : choose default context] *****************************************
changed: [localhost]

TASK [deploy : prepare kube-scheduler csr] *************************************
changed: [localhost]

TASK [deploy : create kube-scheduler cert and private key] *********************
changed: [localhost]

TASK [deploy : set cluster params] *********************************************
changed: [localhost]

TASK [deploy : set client credential params] ***********************************
changed: [localhost]

TASK [deploy : set context params] *********************************************
changed: [localhost]

TASK [deploy : choose default context] *****************************************
changed: [localhost]

PLAY [kube_master,kube_node,etcd] **********************************************

TASK [Gathering Facts] *********************************************************
ok: [192.168.47.130]
ok: [192.168.47.142]

TASK [prepare : read the prepare tasks file] ***********************************
ok: [192.168.47.142]
ok: [192.168.47.130]

TASK [prepare : indicates the prepare tasks finished already] ******************
ok: [192.168.47.130] => {
    "msg": "The node has finished the prepare tasks, skipping!"
}
skipping: [192.168.47.142]

TASK [prepare : copy huawei cloud apt mirror script] ***************************
skipping: [192.168.47.130]
skipping: [192.168.47.142]

TASK [prepare : apply huawei cloud apt mirror] *********************************
skipping: [192.168.47.130]
skipping: [192.168.47.142]

TASK [prepare : update apt cache] **********************************************
skipping: [192.168.47.130]
skipping: [192.168.47.142]

TASK [prepare : delete ubuntu default software] ********************************
skipping: [192.168.47.130]
skipping: [192.168.47.142]

TASK [prepare : install ubuntu/debian basic software] **************************
skipping: [192.168.47.130]
skipping: [192.168.47.142]

TASK [prepare : create journal relative directory] *****************************
skipping: [192.168.47.130] => (item=/etc/systemd/journald.conf.d) 
skipping: [192.168.47.130] => (item=/var/log/journal) 
skipping: [192.168.47.130]
skipping: [192.168.47.142] => (item=/etc/systemd/journald.conf.d) 
skipping: [192.168.47.142] => (item=/var/log/journal) 
skipping: [192.168.47.142]

TASK [prepare : optimize journal params] ***************************************
skipping: [192.168.47.130]
skipping: [192.168.47.142]

TASK [prepare : restart journald service] **************************************
skipping: [192.168.47.130]
skipping: [192.168.47.142]

TASK [prepare : copy huawei cloud yum/dnf mirror script] ***********************
skipping: [192.168.47.130]
ok: [192.168.47.142]

TASK [prepare : apply huawei cloud yum/dnf mirror] *****************************
skipping: [192.168.47.130]
ok: [192.168.47.142]

TASK [prepare : detect ansible-compatible python on target] ********************
skipping: [192.168.47.130]
ok: [192.168.47.142]

TASK [prepare : install python39 for ansible (RHEL8 family, only when no compatible python)] ***
skipping: [192.168.47.130]
skipping: [192.168.47.142]

TASK [prepare : delete centos/redhat default software] *************************
skipping: [192.168.47.130]
ok: [192.168.47.142]

TASK [prepare : install basic system software] *********************************
skipping: [192.168.47.130]
ok: [192.168.47.142]

TASK [prepare : disable selinux right now] *************************************
skipping: [192.168.47.130]
changed: [192.168.47.142]

TASK [prepare : check if /etc/selinux/config exists] ***************************
skipping: [192.168.47.130]
ok: [192.168.47.142]

TASK [prepare : disable selinux forever] ***************************************
skipping: [192.168.47.130]
ok: [192.168.47.142]

TASK [prepare : disable selinux forever] ***************************************
skipping: [192.168.47.130]
skipping: [192.168.47.142]

TASK [prepare : forbidden rsyslog fetch journald 1, avoid double handling logs and wasting disk space] ***
skipping: [192.168.47.130]
ok: [192.168.47.142]

TASK [prepare : forbidden rsyslog fetch journald 2, avoid double handling logs and wasting disk space] ***
skipping: [192.168.47.130]
ok: [192.168.47.142]

TASK [prepare : restart rsyslog service] ***************************************
skipping: [192.168.47.130]
changed: [192.168.47.142]

TASK [prepare : copy huawei cloud zypper mirror script] ************************
skipping: [192.168.47.130]
skipping: [192.168.47.142]

TASK [prepare : apply huawei cloud zypper mirror] ******************************
skipping: [192.168.47.130]
skipping: [192.168.47.142]

TASK [prepare : install basic system software] *********************************
skipping: [192.168.47.130]
skipping: [192.168.47.142]

TASK [prepare : copy huawei cloud yum/dnf mirror script] ***********************
skipping: [192.168.47.130]
skipping: [192.168.47.142]

TASK [prepare : apply huawei cloud yum/dnf mirror] *****************************
skipping: [192.168.47.130]
skipping: [192.168.47.142]

TASK [prepare : detect ansible-compatible python on target] ********************
skipping: [192.168.47.130]
skipping: [192.168.47.142]

TASK [prepare : install python39 for ansible (RHEL8 family, only when no compatible python)] ***
skipping: [192.168.47.130]
skipping: [192.168.47.142]

TASK [prepare : delete centos/redhat default software] *************************
skipping: [192.168.47.130]
skipping: [192.168.47.142]

TASK [prepare : install basic system software] *********************************
skipping: [192.168.47.130]
skipping: [192.168.47.142]

TASK [prepare : disable selinux right now] *************************************
skipping: [192.168.47.130]
skipping: [192.168.47.142]

TASK [prepare : check if /etc/selinux/config exists] ***************************
skipping: [192.168.47.130]
skipping: [192.168.47.142]

TASK [prepare : disable selinux forever] ***************************************
skipping: [192.168.47.130]
skipping: [192.168.47.142]

TASK [prepare : disable selinux forever] ***************************************
skipping: [192.168.47.130]
skipping: [192.168.47.142]

TASK [prepare : forbidden rsyslog fetch journald 1, avoid double handling logs and wasting disk space] ***
skipping: [192.168.47.130]
skipping: [192.168.47.142]

TASK [prepare : forbidden rsyslog fetch journald 2, avoid double handling logs and wasting disk space] ***
skipping: [192.168.47.130]
skipping: [192.168.47.142]

TASK [prepare : restart rsyslog service] ***************************************
skipping: [192.168.47.130]
skipping: [192.168.47.142]

TASK [prepare : disable swap] **************************************************
skipping: [192.168.47.130]
changed: [192.168.47.142]

TASK [prepare : delete fstab swap configuration] *******************************
skipping: [192.168.47.130]
ok: [192.168.47.142]

TASK [prepare : load kernel module] ********************************************
skipping: [192.168.47.130] => (item=br_netfilter) 
skipping: [192.168.47.130] => (item=dm_snapshot) 
skipping: [192.168.47.130] => (item=dm_thin_pool) 
skipping: [192.168.47.130] => (item=ip_vs) 
skipping: [192.168.47.130] => (item=ip_vs_rr) 
skipping: [192.168.47.130] => (item=ip_vs_wrr) 
skipping: [192.168.47.130] => (item=ip_vs_sh) 
skipping: [192.168.47.130] => (item=nf_conntrack) 
skipping: [192.168.47.130]
ok: [192.168.47.142] => (item=br_netfilter)
ok: [192.168.47.142] => (item=dm_snapshot)
ok: [192.168.47.142] => (item=dm_thin_pool)
ok: [192.168.47.142] => (item=ip_vs)
ok: [192.168.47.142] => (item=ip_vs_rr)
ok: [192.168.47.142] => (item=ip_vs_wrr)
ok: [192.168.47.142] => (item=ip_vs_sh)
ok: [192.168.47.142] => (item=nf_conntrack)

TASK [prepare : try to load nf_conntrack_ipv4] *********************************
skipping: [192.168.47.130]
changed: [192.168.47.142]

TASK [prepare : enable systemd loading module automatically] *******************
skipping: [192.168.47.130]
ok: [192.168.47.142]

TASK [prepare : load kernel module on startup] *********************************
skipping: [192.168.47.130]
ok: [192.168.47.142]

TASK [prepare : set system params] *********************************************
skipping: [192.168.47.130]
ok: [192.168.47.142]

TASK [prepare : check if fs.may_detach_mounts needs to be set] *****************
skipping: [192.168.47.130]
ok: [192.168.47.142]

TASK [prepare : if needed, set fs.may_detach_mounts as 1] **********************
skipping: [192.168.47.130]
skipping: [192.168.47.142]

TASK [prepare : check if net.ipv4.tcp_tw_recycle needs to be set] **************
skipping: [192.168.47.130]
ok: [192.168.47.142]

TASK [prepare : if needed, set tcp_tw_recycle] *********************************
skipping: [192.168.47.130]
skipping: [192.168.47.142]

TASK [prepare : take effect on system] *****************************************
skipping: [192.168.47.130]
changed: [192.168.47.142]

TASK [prepare : create systemd configuration directory] ************************
skipping: [192.168.47.130]
ok: [192.168.47.142]

TASK [prepare : set system param ulimits] **************************************
skipping: [192.168.47.130]
ok: [192.168.47.142]

TASK [prepare : take SCTP to kernel module blacklist] **************************
skipping: [192.168.47.130]
ok: [192.168.47.142]

TASK [prepare : prepare some dirs] *********************************************
skipping: [192.168.47.130] => (item=/usr/local/bin) 
skipping: [192.168.47.130] => (item=/etc/kubernetes/ssl) 
skipping: [192.168.47.130] => (item=/root/.kube) 
skipping: [192.168.47.130]
ok: [192.168.47.142] => (item=/usr/local/bin)
changed: [192.168.47.142] => (item=/etc/kubernetes/ssl)
ok: [192.168.47.142] => (item=/root/.kube)

TASK [prepare : copy kubectl kubeconfig to home dir] ***************************
skipping: [192.168.47.130]
skipping: [192.168.47.142]

TASK [prepare : add hosts entry to resolve local registry] *********************
skipping: [192.168.47.130]
ok: [192.168.47.142]

TASK [prepare : set node hostname] *********************************************
skipping: [192.168.47.130]
changed: [192.168.47.142]

TASK [prepare : the master[0] resolves all hosts master-130 in /etc/hosts] *****
skipping: [192.168.47.130]
ok: [192.168.47.142 -> 192.168.47.130]

TASK [prepare : get /etc/hosts from the master[0]] *****************************
skipping: [192.168.47.130]

TASK [prepare : delete /etc/hosts in the master[0]] ****************************
skipping: [192.168.47.130]

TASK [prepare : sync /etc/hosts to all hosts] **********************************
skipping: [192.168.47.130] => (item=192.168.47.130) 
skipping: [192.168.47.130] => (item=192.168.47.130) 
skipping: [192.168.47.130]

TASK [prepare : set prepare tasks label file] **********************************
skipping: [192.168.47.130]
changed: [192.168.47.142]

PLAY [etcd] ********************************************************************

TASK [Gathering Facts] *********************************************************
ok: [192.168.47.142]

TASK [etcd : prepare some dirs] ************************************************
changed: [192.168.47.142]

TASK [etcd : download etcd binary] *********************************************
ok: [192.168.47.142] => (item=etcd)
ok: [192.168.47.142] => (item=etcdctl)
ok: [192.168.47.142] => (item=etcdutl)

TASK [etcd : create etcd CSR] **************************************************
changed: [192.168.47.142 -> localhost]

TASK [etcd : create etcd certs and private key] ********************************
changed: [192.168.47.142 -> localhost]

TASK [etcd : distribute etcd cert-related files] *******************************
changed: [192.168.47.142] => (item=ca.pem)
changed: [192.168.47.142] => (item=etcd.pem)
changed: [192.168.47.142] => (item=etcd-key.pem)

TASK [etcd : create etcd systemd unit file] ************************************
changed: [192.168.47.142]

TASK [etcd : enable etcd service on startup] ***********************************
changed: [192.168.47.142]

TASK [etcd : start etcd service] ***********************************************
changed: [192.168.47.142]

TASK [etcd : wait for etcd service running] ************************************
changed: [192.168.47.142]

PLAY [kube_master,kube_node] ***************************************************

TASK [Gathering Facts] *********************************************************
ok: [192.168.47.130]

TASK [docker : check if docker was installed] **********************************
skipping: [192.168.47.130]

TASK [docker : get docker version information] *********************************
skipping: [192.168.47.130]

TASK [docker : debug info] *****************************************************
skipping: [192.168.47.130]

TASK [docker : revise docker version with float type] **************************
skipping: [192.168.47.130]

TASK [docker : infer docker installed] *****************************************
skipping: [192.168.47.130]

TASK [docker : prepare docker-related directories] *****************************
skipping: [192.168.47.130] => (item=/usr/local/bin) 
skipping: [192.168.47.130] => (item=/etc/docker) 
skipping: [192.168.47.130]

TASK [docker : download docker binary] *****************************************
skipping: [192.168.47.130] => (item=/usr/local/kubeauto/docker-bin/docker-compose) 
skipping: [192.168.47.130] => (item=/usr/local/kubeauto/docker-bin/runc) 
skipping: [192.168.47.130] => (item=/usr/local/kubeauto/docker-bin/dockerd) 
skipping: [192.168.47.130] => (item=/usr/local/kubeauto/docker-bin/docker) 
skipping: [192.168.47.130] => (item=/usr/local/kubeauto/docker-bin/docker-proxy) 
skipping: [192.168.47.130] => (item=/usr/local/kubeauto/docker-bin/docker-init) 
skipping: [192.168.47.130] => (item=/usr/local/kubeauto/docker-bin/docker-buildx) 
skipping: [192.168.47.130] => (item=/usr/local/kubeauto/docker-bin/ctr) 
skipping: [192.168.47.130] => (item=/usr/local/kubeauto/docker-bin/containerd) 
skipping: [192.168.47.130] => (item=/usr/local/kubeauto/docker-bin/containerd-shim-runc-v2) 
skipping: [192.168.47.130]

TASK [docker : configure docker daemon] ****************************************
skipping: [192.168.47.130]

TASK [docker : create docker systemd unit file] ********************************
skipping: [192.168.47.130]

TASK [docker : enable docker service on startup] *******************************
skipping: [192.168.47.130]

TASK [docker : start docker service] *******************************************
skipping: [192.168.47.130]

TASK [docker : wait for docker running] ****************************************
skipping: [192.168.47.130]

TASK [docker : configure docker symlink] ***************************************
skipping: [192.168.47.130]

TASK [containerd : prepare containerd-related directories] *********************
ok: [192.168.47.130] => (item=/etc/containerd)
ok: [192.168.47.130] => (item=/etc/containerd/certs.d/docker.io)
ok: [192.168.47.130] => (item=/etc/containerd/certs.d/registry.talkschool.cn:5000)
ok: [192.168.47.130] => (item=/etc/containerd/certs.d/harbor.brinnatt.io.local:8443)

TASK [containerd : prepare INSECURE REGISTRY dirs] *****************************
skipping: [192.168.47.130] => (item=http://registry.talkschool.cn:5000) 
ok: [192.168.47.130] => (item=https://reg.yourcompany.com)

TASK [containerd : load kernel module overlay] *********************************
ok: [192.168.47.130]

TASK [containerd : download containerd binary] *********************************
ok: [192.168.47.130] => (item=/usr/local/kubeauto/extra-bin/containerd-bin/runc)
ok: [192.168.47.130] => (item=/usr/local/kubeauto/extra-bin/containerd-bin/containerd-stress)
ok: [192.168.47.130] => (item=/usr/local/kubeauto/extra-bin/containerd-bin/ctr)
ok: [192.168.47.130] => (item=/usr/local/kubeauto/extra-bin/containerd-bin/containerd)
ok: [192.168.47.130] => (item=/usr/local/kubeauto/extra-bin/containerd-bin/containerd-shim-runc-v2)

TASK [containerd : download crictl] ********************************************
ok: [192.168.47.130]

TASK [containerd : crictl bash completion] *************************************
ok: [192.168.47.130]

TASK [containerd : create containerd configuration file] ***********************
ok: [192.168.47.130]

TASK [containerd : configure docker.io accelerator] ****************************
ok: [192.168.47.130]

TASK [containerd : configure local_registry] ***********************************
ok: [192.168.47.130]

TASK [containerd : configure trusted INSECURE REGISTRY registry] ***************
skipping: [192.168.47.130] => (item=http://registry.talkschool.cn:5000) 
ok: [192.168.47.130] => (item=https://reg.yourcompany.com)

TASK [containerd : configure harbor registry] **********************************
ok: [192.168.47.130]

TASK [containerd : create systemd unit file] ***********************************
ok: [192.168.47.130]

TASK [containerd : create crictl configuration] ********************************
ok: [192.168.47.130]

TASK [containerd : enable containerd service on startup] ***********************
changed: [192.168.47.130]

TASK [containerd : start containerd service] ***********************************
changed: [192.168.47.130]

TASK [containerd : wait for containerd service running] ************************
changed: [192.168.47.130]

PLAY [kube_master] *************************************************************

TASK [Gathering Facts] *********************************************************
ok: [192.168.47.130]

TASK [kube-lb : prepare some dirs] *********************************************
ok: [192.168.47.130] => (item=/etc/kube-lb/sbin)
ok: [192.168.47.130] => (item=/etc/kube-lb/logs)
ok: [192.168.47.130] => (item=/etc/kube-lb/conf)

TASK [kube-lb : download kube-lb(nginx)] ***************************************
ok: [192.168.47.130]

TASK [kube-lb : create kube-lb configuration file] *****************************
changed: [192.168.47.130]

TASK [kube-lb : create kube-lb systemd unit file] ******************************
ok: [192.168.47.130]

TASK [kube-lb : enable kube-lb service on startup] *****************************
changed: [192.168.47.130]

TASK [kube-lb : start kube-lb service] *****************************************
changed: [192.168.47.130]

TASK [kube-lb : wait for kube-lb service running] ******************************
changed: [192.168.47.130]

TASK [kube-master : assure k8s bin can be executable] **************************
ok: [192.168.47.130] => (item=kube-apiserver)
ok: [192.168.47.130] => (item=kube-controller-manager)
ok: [192.168.47.130] => (item=kube-scheduler)
ok: [192.168.47.130] => (item=kubectl)

TASK [kube-master : distribute controller/scheduler kubeconfig] ****************
changed: [192.168.47.130] => (item=kube-controller-manager.kubeconfig)
changed: [192.168.47.130] => (item=kube-scheduler.kubeconfig)

TASK [kube-master : create cluster audit related directories] ******************
skipping: [192.168.47.130] => (item=/etc/kubernetes/audit) 
skipping: [192.168.47.130] => (item=/var/log/kubernetes/audit) 
skipping: [192.168.47.130]

TASK [kube-master : distribute cluster audit configuration file] ***************
skipping: [192.168.47.130]

TASK [kube-master : create kubernetes CSR] *************************************
changed: [192.168.47.130 -> localhost]

TASK [kube-master : create kubernetes cert and private key] ********************
changed: [192.168.47.130 -> localhost]

TASK [kube-master : create aggregator proxy CSR] *******************************
changed: [192.168.47.130 -> localhost]

TASK [kube-master : create aggregator-proxy cert and private key] **************
changed: [192.168.47.130 -> localhost]

TASK [kube-master : distribute kubernetes cert-related files] ******************
changed: [192.168.47.130] => (item=ca.pem)
changed: [192.168.47.130] => (item=ca-key.pem)
changed: [192.168.47.130] => (item=kubernetes.pem)
changed: [192.168.47.130] => (item=kubernetes-key.pem)
changed: [192.168.47.130] => (item=aggregator-proxy.pem)
changed: [192.168.47.130] => (item=aggregator-proxy-key.pem)

TASK [kube-master : correct apiserver socket in kubeconfig] ********************
changed: [192.168.47.130] => (item=/etc/kubernetes/kube-controller-manager.kubeconfig)
changed: [192.168.47.130] => (item=/etc/kubernetes/kube-scheduler.kubeconfig)

TASK [kube-master : create master systemd unit file] ***************************
changed: [192.168.47.130] => (item=kube-apiserver.service)
changed: [192.168.47.130] => (item=kube-controller-manager.service)
ok: [192.168.47.130] => (item=kube-scheduler.service)

TASK [kube-master : enable master service on startup] **************************
changed: [192.168.47.130]

TASK [kube-master : reload systemd and restart kube-apiserver] *****************
changed: [192.168.47.130]

TASK [kube-master : wait for kube-apiserver running] ***************************
changed: [192.168.47.130]

TASK [kube-master : restart kube-controller-manager and kube-scheduler] ********
changed: [192.168.47.130]

TASK [kube-master : wait for kube-controller-manager running] ******************
FAILED - RETRYING: [192.168.47.130]: wait for kube-controller-manager running (8 retries left).
FAILED - RETRYING: [192.168.47.130]: wait for kube-controller-manager running (7 retries left).
changed: [192.168.47.130]

TASK [kube-master : wait for kube-scheduler running] ***************************
changed: [192.168.47.130]

TASK [kube-master : copy kubectl.kubeconfig] ***********************************
changed: [192.168.47.130 -> localhost]

TASK [kube-master : correct apiserver socket in kubeconfig] ********************
ok: [192.168.47.130 -> localhost]

TASK [kube-master : wait for master service running] ***************************
changed: [192.168.47.130 -> localhost]

TASK [kube-master : check if user:kubernetes was bond to related role] *********
changed: [192.168.47.130 -> localhost]

TASK [kube-master : create user:kubernetes role binding] ***********************
changed: [192.168.47.130 -> localhost]

TASK [kube-node : create kube_node related directories] ************************
ok: [192.168.47.130] => (item=/var/lib/kubelet)
ok: [192.168.47.130] => (item=/var/lib/kube-proxy)
ok: [192.168.47.130] => (item=/etc/cni/net.d)
ok: [192.168.47.130] => (item=/opt/cni/bin)

TASK [kube-node : download kubelet,kube-proxy binaries] ************************
ok: [192.168.47.130] => (item=kubectl)
ok: [192.168.47.130] => (item=kubelet)
ok: [192.168.47.130] => (item=kube-proxy)

TASK [kube-node : download cni plugins binaries] *******************************
changed: [192.168.47.130] => (item=/usr/local/kubeauto/extra-bin/cni-bin/portmap)
ok: [192.168.47.130] => (item=/usr/local/kubeauto/extra-bin/cni-bin/README.md)
ok: [192.168.47.130] => (item=/usr/local/kubeauto/extra-bin/cni-bin/static)
ok: [192.168.47.130] => (item=/usr/local/kubeauto/extra-bin/cni-bin/sbr)
changed: [192.168.47.130] => (item=/usr/local/kubeauto/extra-bin/cni-bin/host-local)
ok: [192.168.47.130] => (item=/usr/local/kubeauto/extra-bin/cni-bin/vrf)
ok: [192.168.47.130] => (item=/usr/local/kubeauto/extra-bin/cni-bin/macvlan)
changed: [192.168.47.130] => (item=/usr/local/kubeauto/extra-bin/cni-bin/bandwidth)
ok: [192.168.47.130] => (item=/usr/local/kubeauto/extra-bin/cni-bin/bridge)
ok: [192.168.47.130] => (item=/usr/local/kubeauto/extra-bin/cni-bin/tap)
ok: [192.168.47.130] => (item=/usr/local/kubeauto/extra-bin/cni-bin/ipvlan)
ok: [192.168.47.130] => (item=/usr/local/kubeauto/extra-bin/cni-bin/host-device)
changed: [192.168.47.130] => (item=/usr/local/kubeauto/extra-bin/cni-bin/tuning)
ok: [192.168.47.130] => (item=/usr/local/kubeauto/extra-bin/cni-bin/vlan)
ok: [192.168.47.130] => (item=/usr/local/kubeauto/extra-bin/cni-bin/firewall)
changed: [192.168.47.130] => (item=/usr/local/kubeauto/extra-bin/cni-bin/loopback)
ok: [192.168.47.130] => (item=/usr/local/kubeauto/extra-bin/cni-bin/ptp)
ok: [192.168.47.130] => (item=/usr/local/kubeauto/extra-bin/cni-bin/dummy)
ok: [192.168.47.130] => (item=/usr/local/kubeauto/extra-bin/cni-bin/LICENSE)
ok: [192.168.47.130] => (item=/usr/local/kubeauto/extra-bin/cni-bin/dhcp)

TASK [kube-node : kubectl bash completion] *************************************
ok: [192.168.47.130]

TASK [kube-node : prepare kubelet CSR] *****************************************
changed: [192.168.47.130 -> localhost]

TASK [kube-node : create kubelet cert and private key] *************************
changed: [192.168.47.130 -> localhost]

TASK [kube-node : set cluster params] ******************************************
changed: [192.168.47.130 -> localhost]

TASK [kube-node : set client credential params] ********************************
changed: [192.168.47.130 -> localhost]

TASK [kube-node : set context params] ******************************************
changed: [192.168.47.130 -> localhost]

TASK [kube-node : choose default context] **************************************
changed: [192.168.47.130 -> localhost]

TASK [kube-node : distribute ca cert] ******************************************
ok: [192.168.47.130]

TASK [kube-node : distribute kubelet cert] *************************************
changed: [192.168.47.130] => (item=kubelet.pem)
changed: [192.168.47.130] => (item=kubelet-key.pem)

TASK [kube-node : distribute kubeconfig] ***************************************
changed: [192.168.47.130]

TASK [kube-node : prepare cni configuration file] ******************************
changed: [192.168.47.130]

TASK [kube-node : create kubelet configuration file] ***************************
ok: [192.168.47.130]

TASK [kube-node : check if /run/systemd/resolve/resolv.conf exists] ************
ok: [192.168.47.130]

TASK [kube-node : replace resolvConf param] ************************************
skipping: [192.168.47.130]

TASK [kube-node : create kubelet systemd unit file] ****************************
changed: [192.168.47.130]

TASK [kube-node : enable kubelet service on startup] ***************************
changed: [192.168.47.130]

TASK [kube-node : start kubelet service] ***************************************
changed: [192.168.47.130]

TASK [kube-node : distribute kube-proxy.kubeconfig configuration file] *********
changed: [192.168.47.130]

TASK [kube-node : correct apiserver socket in kube-proxy.kubeconfig] ***********
changed: [192.168.47.130]

TASK [kube-node : create kube-proxy configuration] *****************************
changed: [192.168.47.130]

TASK [kube-node : create kube-proxy service file] ******************************
ok: [192.168.47.130]

TASK [kube-node : enable kube-proxy service on startup] ************************
changed: [192.168.47.130]

TASK [kube-node : start kube-proxy service] ************************************
changed: [192.168.47.130]

TASK [kube-node : wait for kube-proxy running] *********************************
changed: [192.168.47.130]

TASK [kube-node : wait for kubelet running] ************************************
changed: [192.168.47.130]

TASK [kube-node : wait for node Ready] *****************************************
changed: [192.168.47.130 -> localhost]

TASK [kube-node : Setting worker role name] ************************************
changed: [192.168.47.130 -> localhost]

TASK [kube-node : Setting master role name] ************************************
changed: [192.168.47.130 -> localhost]

TASK [kube-node : Making master nodes SchedulingDisabled] **********************
skipping: [192.168.47.130]

PLAY [kube_node] ***************************************************************

TASK [Gathering Facts] *********************************************************
ok: [192.168.47.130]

TASK [kube-lb : prepare some dirs] *********************************************
skipping: [192.168.47.130] => (item=/etc/kube-lb/sbin) 
skipping: [192.168.47.130] => (item=/etc/kube-lb/logs) 
skipping: [192.168.47.130] => (item=/etc/kube-lb/conf) 
skipping: [192.168.47.130]

TASK [kube-lb : download kube-lb(nginx)] ***************************************
skipping: [192.168.47.130]

TASK [kube-lb : create kube-lb configuration file] *****************************
skipping: [192.168.47.130]

TASK [kube-lb : create kube-lb systemd unit file] ******************************
skipping: [192.168.47.130]

TASK [kube-lb : enable kube-lb service on startup] *****************************
skipping: [192.168.47.130]

TASK [kube-lb : start kube-lb service] *****************************************
skipping: [192.168.47.130]

TASK [kube-lb : wait for kube-lb service running] ******************************
skipping: [192.168.47.130]

TASK [kube-node : create kube_node related directories] ************************
skipping: [192.168.47.130] => (item=/var/lib/kubelet) 
skipping: [192.168.47.130] => (item=/var/lib/kube-proxy) 
skipping: [192.168.47.130] => (item=/etc/cni/net.d) 
skipping: [192.168.47.130] => (item=/opt/cni/bin) 
skipping: [192.168.47.130]

TASK [kube-node : download kubelet,kube-proxy binaries] ************************
skipping: [192.168.47.130] => (item=kubectl) 
skipping: [192.168.47.130] => (item=kubelet) 
skipping: [192.168.47.130] => (item=kube-proxy) 
skipping: [192.168.47.130]

TASK [kube-node : download cni plugins binaries] *******************************
skipping: [192.168.47.130] => (item=/usr/local/kubeauto/extra-bin/cni-bin/portmap) 
skipping: [192.168.47.130] => (item=/usr/local/kubeauto/extra-bin/cni-bin/README.md) 
skipping: [192.168.47.130] => (item=/usr/local/kubeauto/extra-bin/cni-bin/static) 
skipping: [192.168.47.130] => (item=/usr/local/kubeauto/extra-bin/cni-bin/sbr) 
skipping: [192.168.47.130] => (item=/usr/local/kubeauto/extra-bin/cni-bin/host-local) 
skipping: [192.168.47.130] => (item=/usr/local/kubeauto/extra-bin/cni-bin/vrf) 
skipping: [192.168.47.130] => (item=/usr/local/kubeauto/extra-bin/cni-bin/macvlan) 
skipping: [192.168.47.130] => (item=/usr/local/kubeauto/extra-bin/cni-bin/bandwidth) 
skipping: [192.168.47.130] => (item=/usr/local/kubeauto/extra-bin/cni-bin/bridge) 
skipping: [192.168.47.130] => (item=/usr/local/kubeauto/extra-bin/cni-bin/tap) 
skipping: [192.168.47.130] => (item=/usr/local/kubeauto/extra-bin/cni-bin/ipvlan) 
skipping: [192.168.47.130] => (item=/usr/local/kubeauto/extra-bin/cni-bin/host-device) 
skipping: [192.168.47.130] => (item=/usr/local/kubeauto/extra-bin/cni-bin/tuning) 
skipping: [192.168.47.130] => (item=/usr/local/kubeauto/extra-bin/cni-bin/vlan) 
skipping: [192.168.47.130] => (item=/usr/local/kubeauto/extra-bin/cni-bin/firewall) 
skipping: [192.168.47.130] => (item=/usr/local/kubeauto/extra-bin/cni-bin/loopback) 
skipping: [192.168.47.130] => (item=/usr/local/kubeauto/extra-bin/cni-bin/ptp) 
skipping: [192.168.47.130] => (item=/usr/local/kubeauto/extra-bin/cni-bin/dummy) 
skipping: [192.168.47.130] => (item=/usr/local/kubeauto/extra-bin/cni-bin/LICENSE) 
skipping: [192.168.47.130] => (item=/usr/local/kubeauto/extra-bin/cni-bin/dhcp) 
skipping: [192.168.47.130]

TASK [kube-node : kubectl bash completion] *************************************
skipping: [192.168.47.130]

TASK [kube-node : prepare kubelet CSR] *****************************************
skipping: [192.168.47.130]

TASK [kube-node : create kubelet cert and private key] *************************
skipping: [192.168.47.130]

TASK [kube-node : set cluster params] ******************************************
skipping: [192.168.47.130]

TASK [kube-node : set client credential params] ********************************
skipping: [192.168.47.130]

TASK [kube-node : set context params] ******************************************
skipping: [192.168.47.130]

TASK [kube-node : choose default context] **************************************
skipping: [192.168.47.130]

TASK [kube-node : distribute ca cert] ******************************************
skipping: [192.168.47.130]

TASK [kube-node : distribute kubelet cert] *************************************
skipping: [192.168.47.130] => (item=kubelet.pem) 
skipping: [192.168.47.130] => (item=kubelet-key.pem) 
skipping: [192.168.47.130]

TASK [kube-node : distribute kubeconfig] ***************************************
skipping: [192.168.47.130]

TASK [kube-node : prepare cni configuration file] ******************************
skipping: [192.168.47.130]

TASK [kube-node : create kubelet configuration file] ***************************
skipping: [192.168.47.130]

TASK [kube-node : check if /run/systemd/resolve/resolv.conf exists] ************
skipping: [192.168.47.130]

TASK [kube-node : replace resolvConf param] ************************************
skipping: [192.168.47.130]

TASK [kube-node : create kubelet systemd unit file] ****************************
skipping: [192.168.47.130]

TASK [kube-node : enable kubelet service on startup] ***************************
skipping: [192.168.47.130]

TASK [kube-node : start kubelet service] ***************************************
skipping: [192.168.47.130]

TASK [kube-node : distribute kube-proxy.kubeconfig configuration file] *********
skipping: [192.168.47.130]

TASK [kube-node : correct apiserver socket in kube-proxy.kubeconfig] ***********
skipping: [192.168.47.130]

TASK [kube-node : create kube-proxy configuration] *****************************
skipping: [192.168.47.130]

TASK [kube-node : create kube-proxy service file] ******************************
skipping: [192.168.47.130]

TASK [kube-node : enable kube-proxy service on startup] ************************
skipping: [192.168.47.130]

TASK [kube-node : start kube-proxy service] ************************************
skipping: [192.168.47.130]

TASK [kube-node : wait for kube-proxy running] *********************************
skipping: [192.168.47.130]

TASK [kube-node : wait for kubelet running] ************************************
skipping: [192.168.47.130]

TASK [kube-node : wait for node Ready] *****************************************
skipping: [192.168.47.130]

TASK [kube-node : Setting worker role name] ************************************
skipping: [192.168.47.130]

TASK [kube-node : Setting master role name] ************************************
skipping: [192.168.47.130]

TASK [kube-node : Making master nodes SchedulingDisabled] **********************
skipping: [192.168.47.130]

PLAY [kube_master,kube_node] ***************************************************

TASK [Gathering Facts] *********************************************************
ok: [192.168.47.130]

TASK [calico : create calico CSR] **********************************************
changed: [192.168.47.130 -> localhost]

TASK [calico : create calico cert and private key] *****************************
changed: [192.168.47.130 -> localhost]

TASK [calico : delete old calico-etcd-secrets] *********************************
skipping: [192.168.47.130]

TASK [calico : create calico-etcd-secrets] *************************************
changed: [192.168.47.130 -> localhost]

TASK [calico : configure calico DaemonSet yaml file] ***************************
changed: [192.168.47.130 -> localhost]

TASK [calico : delete calico network] ******************************************
skipping: [192.168.47.130]

TASK [calico : apply calico network] *******************************************
changed: [192.168.47.130 -> localhost]

TASK [calico : prepare some dirs] **********************************************
ok: [192.168.47.130] => (item=/etc/calico/ssl)

TASK [calico : distribute calico cert-related files] ***************************
changed: [192.168.47.130] => (item=ca.pem)
changed: [192.168.47.130] => (item=calico.pem)
changed: [192.168.47.130] => (item=calico-key.pem)

TASK [calico : delete default cni configuration] *******************************
changed: [192.168.47.130]

TASK [calico : download calicoctl client command] ******************************
ok: [192.168.47.130] => (item=calicoctl)

TASK [calico : prepare calicoctl configuration file] ***************************
changed: [192.168.47.130]

TASK [calico : wait for calico-node running in a polling manner] ***************
changed: [192.168.47.130 -> localhost]

TASK [calico : choose default rr nodes(master nodes by default)] ***************
skipping: [192.168.47.130]

TASK [calico : choose user-defined rr nodes] ***********************************
skipping: [192.168.47.130]

TASK [calico : show rr nodes] **************************************************
skipping: [192.168.47.130]

TASK [calico : configure routeReflectorClusterID] ******************************
skipping: [192.168.47.130]

TASK [calico : node label] *****************************************************
skipping: [192.168.47.130]

TASK [calico : configure calico bgp yaml file] *********************************
skipping: [192.168.47.130] => (item=bgp-default.yaml) 
skipping: [192.168.47.130] => (item=bgp-rr.yaml) 
skipping: [192.168.47.130]

TASK [calico : apply calico bgp configuration] *********************************
skipping: [192.168.47.130]

TASK [calico : check bgp connection] *******************************************
skipping: [192.168.47.130]

TASK [calico : debug] **********************************************************
skipping: [192.168.47.130]

TASK [cilium : revise kernel version with float type] **************************
skipping: [192.168.47.130]

TASK [cilium : check if kernel version > 4.9] **********************************
skipping: [192.168.47.130]

TASK [cilium : create cilium chart setting] ************************************
skipping: [192.168.47.130]

TASK [cilium : helm delete cilium v1.19.5] *************************************
skipping: [192.168.47.130]

TASK [cilium : helm create cilium v1.19.5] *************************************
skipping: [192.168.47.130]

TASK [cilium : download client tools] ******************************************
skipping: [192.168.47.130] => (item=cilium) 
skipping: [192.168.47.130] => (item=hubble) 
skipping: [192.168.47.130]

TASK [cilium : delete default cni configurations] ******************************
skipping: [192.168.47.130]

TASK [cilium : wait for cilium-node running in a polling manner] ***************
skipping: [192.168.47.130]

TASK [cilium : restart hubble-ui after CNI is up (avoids frontend probe failure during bootstrap)] ***
skipping: [192.168.47.130]

TASK [cilium : restart hubble-relay pod] ***************************************
skipping: [192.168.47.130]

TASK [flannel : configure flannel DaemonSet yaml file] *************************
skipping: [192.168.47.130]

TASK [flannel : delete flannel network before applying] ************************
skipping: [192.168.47.130]

TASK [flannel : apply flannel network] *****************************************
skipping: [192.168.47.130]

TASK [flannel : delete default cni configuration] ******************************
skipping: [192.168.47.130]

TASK [flannel : wait for flannel running in a polling manner] ******************
skipping: [192.168.47.130]

TASK [kube-router : prepare to configure kube-router DaemonSet] ****************
skipping: [192.168.47.130]

TASK [kube-router : delete kube-router DaemonSet] ******************************
skipping: [192.168.47.130]

TASK [kube-router : apply kube-router DaemonSet] *******************************
skipping: [192.168.47.130]

TASK [kube-router : delete default cni configurations] *************************
skipping: [192.168.47.130]

TASK [kube-router : wait for kube-router running in a polling manner] **********
skipping: [192.168.47.130]

TASK [kube-ovn : delete default cni configurations] ****************************
skipping: [192.168.47.130]

TASK [kube-ovn : prepare kube-ovn-related files] *******************************
skipping: [192.168.47.130] => (item=install.sh) 
skipping: [192.168.47.130] => (item=coredns.yaml) 
skipping: [192.168.47.130]

TASK [kube-ovn : prepare dnscache deployment file with ipvs] *******************
skipping: [192.168.47.130]

TASK [kube-ovn : prepare dnscache deployment file with iptables] ***************
skipping: [192.168.47.130]

TASK [kube-ovn : apply coredns, dnscache yaml] *********************************
skipping: [192.168.47.130]

TASK [kube-ovn : install kube-ovn network] *************************************
skipping: [192.168.47.130]

TASK [kube-ovn : wait for kube-ovn running in a polling manner] ****************
skipping: [192.168.47.130]

PLAY [kube_master,kube_node] ***************************************************

TASK [Gathering Facts] *********************************************************
ok: [192.168.47.130]

TASK [wait for node Ready] *****************************************************
changed: [192.168.47.130 -> localhost]

TASK [Setting worker role name] ************************************************
changed: [192.168.47.130 -> localhost]

TASK [Setting master role name] ************************************************
changed: [192.168.47.130 -> localhost]

TASK [Making master nodes SchedulingDisabled] **********************************
skipping: [192.168.47.130]

PLAY [localhost] ***************************************************************

TASK [Gathering Facts] *********************************************************
ok: [localhost]

TASK [cluster-addon : 获取所有已经创建的POD信息] *******************************
changed: [localhost]

TASK [cluster-addon : 准备 DNS的部署文件] **************************************
changed: [localhost]

TASK [cluster-addon : 删除coredns部署] *****************************************
skipping: [localhost]

TASK [cluster-addon : 创建coredns部署] *****************************************
changed: [localhost]

TASK [cluster-addon : 准备dnscache的部署文件] **********************************
changed: [localhost]

TASK [cluster-addon : 准备dnscache的部署文件] **********************************
skipping: [localhost]

TASK [cluster-addon : 删除dnscache部署] ****************************************
skipping: [localhost]

TASK [cluster-addon : 创建dnscache部署] ****************************************
changed: [localhost]

TASK [cluster-addon : 准备 metrics-server的部署文件] ***************************
changed: [localhost]

TASK [cluster-addon : 删除 metrics-server部署] *********************************
skipping: [localhost]

TASK [cluster-addon : 创建 metrics-server部署] *********************************
changed: [localhost]

TASK [cluster-addon : prepare some dirs] ***************************************
skipping: [localhost]

TASK [cluster-addon : 准备 dashboard的部署文件] ********************************
skipping: [localhost] => (item=dashboard-values.yaml) 
skipping: [localhost] => (item=admin-user-sa-rbac.yaml) 
skipping: [localhost] => (item=read-user-sa-rbac.yaml) 
skipping: [localhost]

TASK [cluster-addon : 创建 dashboard部署] **************************************
skipping: [localhost]

TASK [cluster-addon : 创建用户admin,read] **************************************
skipping: [localhost]

TASK [cluster-addon : 准备 local-storage 配置目录] *****************************
skipping: [localhost]

TASK [cluster-addon : 准备 local-storage部署文件] ******************************
skipping: [localhost] => (item=local-path-storage.yaml) 
skipping: [localhost] => (item=test-pod.yaml) 
skipping: [localhost]

TASK [cluster-addon : 创建 local-storage部署] **********************************
skipping: [localhost]

TASK [cluster-addon : 准备 nfs-provisioner 配置目录] ***************************
skipping: [localhost]

TASK [cluster-addon : 准备 nfs-provisioner部署文件] ****************************
skipping: [localhost] => (item=nfs-provisioner.yaml) 
skipping: [localhost] => (item=test-pod.yaml) 
skipping: [localhost]

TASK [cluster-addon : 创建 nfs-provisioner部署] ********************************
skipping: [localhost]

TASK [cluster-addon : 清理 snapshot-controller crd] ****************************
skipping: [localhost]

TASK [cluster-addon : prepare some dirs] ***************************************
skipping: [localhost]

TASK [cluster-addon : 创建命名空间openebs] *************************************
skipping: [localhost]

TASK [cluster-addon : 创建chart 个性化设置] ************************************
skipping: [localhost] => (item=values.yaml) 
skipping: [localhost] => (item=sc.yaml) 
skipping: [localhost]

TASK [cluster-addon : helm 部署 openebs operator] ******************************
skipping: [localhost]

TASK [cluster-addon : 轮询等待部署 openebs] ************************************
skipping: [localhost]

TASK [cluster-addon : 轮询等待lvm-localpv-controller 运行] *********************
skipping: [localhost]

TASK [cluster-addon : 创建lvm storageclass] ************************************
skipping: [localhost]

TASK [cluster-addon : 获取是否已创建命名空间monitor] ***************************
skipping: [localhost]

TASK [cluster-addon : 创建命名空间monitor] *************************************
skipping: [localhost]

TASK [cluster-addon : get etcd-client-cert info] *******************************
skipping: [localhost]

TASK [cluster-addon : 创建etcd-client 证书请求] ********************************
skipping: [localhost]

TASK [cluster-addon : 创建 etcd-client证书和私钥] ******************************
skipping: [localhost]

TASK [cluster-addon : 删除 etcd-client-cert] ***********************************
skipping: [localhost]

TASK [cluster-addon : 创建 etcd-client-cert] ***********************************
skipping: [localhost]

TASK [cluster-addon : debug] ***************************************************
skipping: [localhost]

TASK [cluster-addon : 创建 prom chart 个性化设置] ******************************
skipping: [localhost]

TASK [cluster-addon : helm 删除 kube-prometheus-stack 75.7.0] ******************
skipping: [localhost]

TASK [cluster-addon : helm 创建 kube-prometheus-stack 75.7.0] ******************
skipping: [localhost]

TASK [cluster-addon : prepare some dirs] ***************************************
skipping: [localhost]

TASK [cluster-addon : 创建命名空间minio] ***************************************
skipping: [localhost]

TASK [cluster-addon : get minio-global-cert info] ******************************
skipping: [localhost]

TASK [cluster-addon : 创建 minio-global-cert] **********************************
skipping: [localhost]

TASK [cluster-addon : 创建chart 个性化设置] ************************************
skipping: [localhost] => (item=operator-values.yaml) 
skipping: [localhost] => (item=tenant-values.yaml) 
skipping: [localhost]

TASK [cluster-addon : helm 部署 minio operator] ********************************
skipping: [localhost]

TASK [cluster-addon : 轮询等待部署 minio operator] *****************************
skipping: [localhost]

TASK [cluster-addon : helm 部署 minio tenant] **********************************
skipping: [localhost]

TASK [cluster-addon : 准备 nacos的部署文件] ************************************
skipping: [localhost]

TASK [cluster-addon : 创建命名空间nacos] ***************************************
skipping: [localhost]

TASK [cluster-addon : 创建 nacos部署] ******************************************
skipping: [localhost]

TASK [cluster-addon : 创建命名空间rocketmq] ************************************
skipping: [localhost]

TASK [cluster-addon : helm 部署 rocketmq operator] *****************************
skipping: [localhost]

TASK [cluster-addon : 轮询等待 rocketmq operator 运行] *************************
skipping: [localhost]

TASK [cluster-addon : 准备 rocketmq 部署文件] **********************************
skipping: [localhost]

TASK [cluster-addon : 部署 rocketmq cluster] ***********************************
skipping: [localhost]

TASK [cluster-addon : 准备 cilium-check 配置目录] ******************************
skipping: [localhost]

TASK [cluster-addon : 准备部署文件] ********************************************
skipping: [localhost] => (item=connectivity-check.yaml) 
skipping: [localhost] => (item=check-part1.yaml) 
skipping: [localhost] => (item=namespace.yaml) 
skipping: [localhost]

TASK [cluster-addon : 创建测试namespace] ***************************************
skipping: [localhost]

TASK [cluster-addon : 创建测试part1] *******************************************
skipping: [localhost]

TASK [cluster-addon : 轮询等待echo pod运行，视下载镜像速度而定] ****************
skipping: [localhost]

TASK [cluster-addon : 创建完整测试connectivity-check] **************************
skipping: [localhost]

TASK [cluster-addon : debug] ***************************************************
skipping: [localhost]

TASK [cluster-addon : 准备 network-check 配置目录] *****************************
skipping: [localhost]

TASK [cluster-addon : 准备部署文件] ********************************************
skipping: [localhost] => (item=network-check.yaml) 
skipping: [localhost] => (item=namespace.yaml) 
skipping: [localhost]

TASK [cluster-addon : 创建测试namespace] ***************************************
skipping: [localhost]

TASK [cluster-addon : 创建完整测试network-check] *******************************
skipping: [localhost]

TASK [cluster-addon : debug] ***************************************************
skipping: [localhost]

TASK [cluster-addon : prepare some dirs] ***************************************
skipping: [localhost]

TASK [cluster-addon : 创建命名空间ingress-nginx] *******************************
skipping: [localhost]

TASK [cluster-addon : label nodes for ingress-nginx controller] ****************
skipping: [localhost]

TASK [cluster-addon : 创建chart 个性化设置] ************************************
skipping: [localhost] => (item=values.yaml) 
skipping: [localhost]

TASK [cluster-addon : helm 部署 ingress-nginx] *********************************
skipping: [localhost]

TASK [cluster-addon : 轮询等待部署 ingress-nginx] ******************************
skipping: [localhost]

TASK [cluster-addon : 提示 WARNNING] *******************************************
skipping: [localhost]

PLAY RECAP *********************************************************************
192.168.47.130             : ok=96   changed=60   unreachable=0    failed=0    skipped=166  rescued=0    ignored=0   
192.168.47.142             : ok=42   changed=16   unreachable=0    failed=0    skipped=40   rescued=0    ignored=0   
localhost                  : ok=39   changed=35   unreachable=0    failed=0    skipped=79   rescued=0    ignored=0   
[2026-07-16 17:01:31] [INFO] [service.cluster.manager] Cluster setup completed (playbook 90.setup.yml).
[2026-07-16 17:01:32] [INFO] [service.cluster.manager] Cluster test-ha created. Next: edit /usr/local/kubeauto/clusters/test-ha/hosts and /usr/local/kubeauto/clusters/test-ha/config.yml, then run setup.
>>> kubecli setup test-ha 90
[2026-07-16 17:01:33] [INFO] [service.cluster.manager] Ansible Python policy (ansible-core 2.17): control node Python >=3.10, target module runtime Python >=3.9
[2026-07-16 17:01:33] [INFO] [service.cluster.manager] Setting up cluster with playbook 90.setup.yml.
[2026-07-16 17:01:33] [INFO] [service.cluster.manager] Component versions (kubernetes / etcd / network):
[2026-07-16 17:01:33] [INFO] [service.cluster.manager]   kubernetes: v1.33.6, etcd: v3.6.4, calico: v3.28.4
[WARNING]: Collection ansible.posix does not support Ansible version 2.17.14

PLAY [kube_master,kube_node,etcd,ex_lb,chrony] *********************************

TASK [Gathering Facts] *********************************************************
ok: [192.168.47.140]
ok: [192.168.47.131]
ok: [192.168.47.142]
ok: [192.168.47.132]

TASK [chrony : check if chronyd running, break the role] ***********************
skipping: [192.168.47.132]
skipping: [192.168.47.140]
skipping: [192.168.47.131]
skipping: [192.168.47.142]

TASK [chrony : terminate the play if chronyd running] **************************
skipping: [192.168.47.132]

TASK [chrony : uninstall residual ntp chrony] **********************************
skipping: [192.168.47.132] => (item=ntp) 
skipping: [192.168.47.132] => (item=chrony) 
skipping: [192.168.47.140] => (item=ntp) 
skipping: [192.168.47.132]
skipping: [192.168.47.140] => (item=chrony) 
skipping: [192.168.47.131] => (item=ntp) 
skipping: [192.168.47.140]
skipping: [192.168.47.131] => (item=chrony) 
skipping: [192.168.47.131]
skipping: [192.168.47.142] => (item=ntp) 
skipping: [192.168.47.142] => (item=chrony) 
skipping: [192.168.47.142]

TASK [chrony : prepare some dirs] **********************************************
skipping: [192.168.47.132] => (item=/etc/chrony) 
skipping: [192.168.47.132] => (item=/var/lib/chrony) 
skipping: [192.168.47.132] => (item=/var/log/chrony) 
skipping: [192.168.47.140] => (item=/etc/chrony) 
skipping: [192.168.47.140] => (item=/var/lib/chrony) 
skipping: [192.168.47.132]
skipping: [192.168.47.140] => (item=/var/log/chrony) 
skipping: [192.168.47.131] => (item=/etc/chrony) 
skipping: [192.168.47.140]
skipping: [192.168.47.131] => (item=/var/lib/chrony) 
skipping: [192.168.47.131] => (item=/var/log/chrony) 
skipping: [192.168.47.131]
skipping: [192.168.47.142] => (item=/etc/chrony) 
skipping: [192.168.47.142] => (item=/var/lib/chrony) 
skipping: [192.168.47.142] => (item=/var/log/chrony) 
skipping: [192.168.47.142]

TASK [chrony : distribute chronyd binary] **************************************
skipping: [192.168.47.132]
skipping: [192.168.47.140]
skipping: [192.168.47.131]
skipping: [192.168.47.142]

TASK [chrony : create chronyd systemd unit file] *******************************
skipping: [192.168.47.132]
skipping: [192.168.47.140]
skipping: [192.168.47.131]
skipping: [192.168.47.142]

TASK [chrony : configure chrony server] ****************************************
skipping: [192.168.47.132]
skipping: [192.168.47.140]
skipping: [192.168.47.131]
skipping: [192.168.47.142]

TASK [chrony : configure chrony client] ****************************************
skipping: [192.168.47.132]
skipping: [192.168.47.140]
skipping: [192.168.47.131]
skipping: [192.168.47.142]

TASK [chrony : enable chronyd service on startup] ******************************
skipping: [192.168.47.132]
skipping: [192.168.47.140]
skipping: [192.168.47.131]
skipping: [192.168.47.142]

TASK [chrony : start chronyd service] ******************************************
skipping: [192.168.47.132]
skipping: [192.168.47.140]
skipping: [192.168.47.131]
skipping: [192.168.47.142]

TASK [chrony : wait for chronyd running] ***************************************
skipping: [192.168.47.132]
skipping: [192.168.47.140]
skipping: [192.168.47.131]
skipping: [192.168.47.142]

PLAY [localhost] ***************************************************************

TASK [Gathering Facts] *********************************************************
ok: [localhost]

TASK [deploy : prepare some dirs] **********************************************
changed: [localhost] => (item=/usr/local/kubeauto/clusters/test-ha/ssl)
changed: [localhost] => (item=/usr/local/kubeauto/clusters/test-ha/backup)
changed: [localhost] => (item=/usr/local/kubeauto/clusters/test-ha/yml)
ok: [localhost] => (item=~/.kube)

TASK [deploy : set extra-bin directory permission] *****************************
ok: [localhost]

TASK [deploy : read ca cert stat information into p] ***************************
ok: [localhost]

TASK [deploy : prepare ca configuration and cert request] **********************
changed: [localhost] => (item=ca-config.json)
changed: [localhost] => (item=ca-csr.json)

TASK [deploy : generate CA cert and private key] *******************************
changed: [localhost]

TASK [deploy : prepare admin csr for kubectl usage] ****************************
changed: [localhost]

TASK [deploy : create admin cert and private key] ******************************
changed: [localhost]

TASK [deploy : set cluster params] *********************************************
changed: [localhost]

TASK [deploy : set client credential params] ***********************************
changed: [localhost]

TASK [deploy : set context params] *********************************************
changed: [localhost]

TASK [deploy : choose default context] *****************************************
changed: [localhost]

TASK [deploy : install kubeconfig] *********************************************
changed: [localhost]

TASK [deploy : create self-defined user certs directory] ***********************
skipping: [localhost]

TASK [deploy : prepare CA configuration] ***************************************
skipping: [localhost]

TASK [deploy : prepare {{ USER_NAME }} cert request for kubectl] ***************
skipping: [localhost]

TASK [deploy : create {{ USER_NAME }} cert and private key] ********************
skipping: [localhost]

TASK [deploy : set cluster params] *********************************************
skipping: [localhost]

TASK [deploy : set client credential params] ***********************************
skipping: [localhost]

TASK [deploy : set context params] *********************************************
skipping: [localhost]

TASK [deploy : choose default context] *****************************************
skipping: [localhost]

TASK [deploy : generate clusterrolebind configuration] *************************
skipping: [localhost]

TASK [deploy : create clusterrolebind] *****************************************
skipping: [localhost]

TASK [deploy : debug] **********************************************************
skipping: [localhost]

TASK [deploy : prepare kube-proxy csr] *****************************************
changed: [localhost]

TASK [deploy : create kube-proxy cert and private key] *************************
changed: [localhost]

TASK [deploy : set cluster params] *********************************************
changed: [localhost]

TASK [deploy : set client credential params] ***********************************
changed: [localhost]

TASK [deploy : set context params] *********************************************
changed: [localhost]

TASK [deploy : choose default context] *****************************************
changed: [localhost]

TASK [deploy : prepare kube-controller-manager csr] ****************************
changed: [localhost]

TASK [deploy : create kube-controller-manager cert and private key] ************
changed: [localhost]

TASK [deploy : set cluster params] *********************************************
changed: [localhost]

TASK [deploy : set client credential params] ***********************************
changed: [localhost]

TASK [deploy : set context params] *********************************************
changed: [localhost]

TASK [deploy : choose default context] *****************************************
changed: [localhost]

TASK [deploy : prepare kube-scheduler csr] *************************************
changed: [localhost]

TASK [deploy : create kube-scheduler cert and private key] *********************
changed: [localhost]

TASK [deploy : set cluster params] *********************************************
changed: [localhost]

TASK [deploy : set client credential params] ***********************************
changed: [localhost]

TASK [deploy : set context params] *********************************************
changed: [localhost]

TASK [deploy : choose default context] *****************************************
changed: [localhost]

PLAY [kube_master,kube_node,etcd] **********************************************

TASK [Gathering Facts] *********************************************************
ok: [192.168.47.140]
ok: [192.168.47.131]
ok: [192.168.47.132]

TASK [prepare : read the prepare tasks file] ***********************************
ok: [192.168.47.132]
ok: [192.168.47.140]
ok: [192.168.47.131]

TASK [prepare : indicates the prepare tasks finished already] ******************
skipping: [192.168.47.132]
ok: [192.168.47.140] => {
    "msg": "The node has finished the prepare tasks, skipping!"
}
ok: [192.168.47.131] => {
    "msg": "The node has finished the prepare tasks, skipping!"
}

TASK [prepare : copy huawei cloud apt mirror script] ***************************
skipping: [192.168.47.132]
skipping: [192.168.47.140]
skipping: [192.168.47.131]

TASK [prepare : apply huawei cloud apt mirror] *********************************
skipping: [192.168.47.132]
skipping: [192.168.47.140]
skipping: [192.168.47.131]

TASK [prepare : update apt cache] **********************************************
skipping: [192.168.47.132]
skipping: [192.168.47.140]
skipping: [192.168.47.131]

TASK [prepare : delete ubuntu default software] ********************************
skipping: [192.168.47.132]
skipping: [192.168.47.140]
skipping: [192.168.47.131]

TASK [prepare : install ubuntu/debian basic software] **************************
skipping: [192.168.47.132]
skipping: [192.168.47.140]
skipping: [192.168.47.131]

TASK [prepare : create journal relative directory] *****************************
skipping: [192.168.47.132] => (item=/etc/systemd/journald.conf.d) 
skipping: [192.168.47.132] => (item=/var/log/journal) 
skipping: [192.168.47.140] => (item=/etc/systemd/journald.conf.d) 
skipping: [192.168.47.132]
skipping: [192.168.47.140] => (item=/var/log/journal) 
skipping: [192.168.47.140]
skipping: [192.168.47.131] => (item=/etc/systemd/journald.conf.d) 
skipping: [192.168.47.131] => (item=/var/log/journal) 
skipping: [192.168.47.131]

TASK [prepare : optimize journal params] ***************************************
skipping: [192.168.47.132]
skipping: [192.168.47.140]
skipping: [192.168.47.131]

TASK [prepare : restart journald service] **************************************
skipping: [192.168.47.132]
skipping: [192.168.47.140]
skipping: [192.168.47.131]

TASK [prepare : copy huawei cloud yum/dnf mirror script] ***********************
skipping: [192.168.47.140]
skipping: [192.168.47.131]
ok: [192.168.47.132]

TASK [prepare : apply huawei cloud yum/dnf mirror] *****************************
skipping: [192.168.47.140]
skipping: [192.168.47.131]
ok: [192.168.47.132]

TASK [prepare : detect ansible-compatible python on target] ********************
skipping: [192.168.47.140]
skipping: [192.168.47.131]
ok: [192.168.47.132]

TASK [prepare : install python39 for ansible (RHEL8 family, only when no compatible python)] ***
skipping: [192.168.47.132]
skipping: [192.168.47.140]
skipping: [192.168.47.131]

TASK [prepare : delete centos/redhat default software] *************************
skipping: [192.168.47.140]
skipping: [192.168.47.131]
ok: [192.168.47.132]

TASK [prepare : install basic system software] *********************************
skipping: [192.168.47.140]
skipping: [192.168.47.131]
ok: [192.168.47.132]

TASK [prepare : disable selinux right now] *************************************
skipping: [192.168.47.140]
skipping: [192.168.47.131]
changed: [192.168.47.132]

TASK [prepare : check if /etc/selinux/config exists] ***************************
skipping: [192.168.47.140]
skipping: [192.168.47.131]
ok: [192.168.47.132]

TASK [prepare : disable selinux forever] ***************************************
skipping: [192.168.47.140]
skipping: [192.168.47.131]
ok: [192.168.47.132]

TASK [prepare : disable selinux forever] ***************************************
skipping: [192.168.47.132]
skipping: [192.168.47.140]
skipping: [192.168.47.131]

TASK [prepare : forbidden rsyslog fetch journald 1, avoid double handling logs and wasting disk space] ***
skipping: [192.168.47.140]
skipping: [192.168.47.131]
ok: [192.168.47.132]

TASK [prepare : forbidden rsyslog fetch journald 2, avoid double handling logs and wasting disk space] ***
skipping: [192.168.47.140]
skipping: [192.168.47.131]
ok: [192.168.47.132]

TASK [prepare : restart rsyslog service] ***************************************
skipping: [192.168.47.140]
skipping: [192.168.47.131]
changed: [192.168.47.132]

TASK [prepare : copy huawei cloud zypper mirror script] ************************
skipping: [192.168.47.132]
skipping: [192.168.47.140]
skipping: [192.168.47.131]

TASK [prepare : apply huawei cloud zypper mirror] ******************************
skipping: [192.168.47.132]
skipping: [192.168.47.140]
skipping: [192.168.47.131]

TASK [prepare : install basic system software] *********************************
skipping: [192.168.47.132]
skipping: [192.168.47.140]
skipping: [192.168.47.131]

TASK [prepare : copy huawei cloud yum/dnf mirror script] ***********************
skipping: [192.168.47.132]
skipping: [192.168.47.140]
skipping: [192.168.47.131]

TASK [prepare : apply huawei cloud yum/dnf mirror] *****************************
skipping: [192.168.47.132]
skipping: [192.168.47.140]
skipping: [192.168.47.131]

TASK [prepare : detect ansible-compatible python on target] ********************
skipping: [192.168.47.132]
skipping: [192.168.47.140]
skipping: [192.168.47.131]

TASK [prepare : install python39 for ansible (RHEL8 family, only when no compatible python)] ***
skipping: [192.168.47.132]
skipping: [192.168.47.140]
skipping: [192.168.47.131]

TASK [prepare : delete centos/redhat default software] *************************
skipping: [192.168.47.132]
skipping: [192.168.47.140]
skipping: [192.168.47.131]

TASK [prepare : install basic system software] *********************************
skipping: [192.168.47.132]
skipping: [192.168.47.140]
skipping: [192.168.47.131]

TASK [prepare : disable selinux right now] *************************************
skipping: [192.168.47.132]
skipping: [192.168.47.140]
skipping: [192.168.47.131]

TASK [prepare : check if /etc/selinux/config exists] ***************************
skipping: [192.168.47.132]
skipping: [192.168.47.140]
skipping: [192.168.47.131]

TASK [prepare : disable selinux forever] ***************************************
skipping: [192.168.47.132]
skipping: [192.168.47.140]
skipping: [192.168.47.131]

TASK [prepare : disable selinux forever] ***************************************
skipping: [192.168.47.132]
skipping: [192.168.47.140]
skipping: [192.168.47.131]

TASK [prepare : forbidden rsyslog fetch journald 1, avoid double handling logs and wasting disk space] ***
skipping: [192.168.47.132]
skipping: [192.168.47.140]
skipping: [192.168.47.131]

TASK [prepare : forbidden rsyslog fetch journald 2, avoid double handling logs and wasting disk space] ***
skipping: [192.168.47.132]
skipping: [192.168.47.140]
skipping: [192.168.47.131]

TASK [prepare : restart rsyslog service] ***************************************
skipping: [192.168.47.132]
skipping: [192.168.47.140]
skipping: [192.168.47.131]

TASK [prepare : disable swap] **************************************************
skipping: [192.168.47.140]
skipping: [192.168.47.131]
changed: [192.168.47.132]

TASK [prepare : delete fstab swap configuration] *******************************
skipping: [192.168.47.140]
skipping: [192.168.47.131]
ok: [192.168.47.132]

TASK [prepare : load kernel module] ********************************************
skipping: [192.168.47.140] => (item=br_netfilter) 
skipping: [192.168.47.140] => (item=dm_snapshot) 
skipping: [192.168.47.140] => (item=dm_thin_pool) 
skipping: [192.168.47.140] => (item=ip_vs) 
skipping: [192.168.47.140] => (item=ip_vs_rr) 
skipping: [192.168.47.131] => (item=br_netfilter) 
skipping: [192.168.47.140] => (item=ip_vs_wrr) 
skipping: [192.168.47.131] => (item=dm_snapshot) 
skipping: [192.168.47.140] => (item=ip_vs_sh) 
skipping: [192.168.47.140] => (item=nf_conntrack) 
skipping: [192.168.47.140]
skipping: [192.168.47.131] => (item=dm_thin_pool) 
skipping: [192.168.47.131] => (item=ip_vs) 
skipping: [192.168.47.131] => (item=ip_vs_rr) 
skipping: [192.168.47.131] => (item=ip_vs_wrr) 
skipping: [192.168.47.131] => (item=ip_vs_sh) 
skipping: [192.168.47.131] => (item=nf_conntrack) 
skipping: [192.168.47.131]
ok: [192.168.47.132] => (item=br_netfilter)
ok: [192.168.47.132] => (item=dm_snapshot)
ok: [192.168.47.132] => (item=dm_thin_pool)
ok: [192.168.47.132] => (item=ip_vs)
ok: [192.168.47.132] => (item=ip_vs_rr)
ok: [192.168.47.132] => (item=ip_vs_wrr)
ok: [192.168.47.132] => (item=ip_vs_sh)
ok: [192.168.47.132] => (item=nf_conntrack)

TASK [prepare : try to load nf_conntrack_ipv4] *********************************
skipping: [192.168.47.140]
skipping: [192.168.47.131]
changed: [192.168.47.132]

TASK [prepare : enable systemd loading module automatically] *******************
skipping: [192.168.47.140]
skipping: [192.168.47.131]
ok: [192.168.47.132]

TASK [prepare : load kernel module on startup] *********************************
skipping: [192.168.47.140]
skipping: [192.168.47.131]
ok: [192.168.47.132]

TASK [prepare : set system params] *********************************************
skipping: [192.168.47.140]
skipping: [192.168.47.131]
ok: [192.168.47.132]

TASK [prepare : check if fs.may_detach_mounts needs to be set] *****************
skipping: [192.168.47.140]
skipping: [192.168.47.131]
ok: [192.168.47.132]

TASK [prepare : if needed, set fs.may_detach_mounts as 1] **********************
skipping: [192.168.47.132]
skipping: [192.168.47.140]
skipping: [192.168.47.131]

TASK [prepare : check if net.ipv4.tcp_tw_recycle needs to be set] **************
skipping: [192.168.47.140]
skipping: [192.168.47.131]
ok: [192.168.47.132]

TASK [prepare : if needed, set tcp_tw_recycle] *********************************
skipping: [192.168.47.132]
skipping: [192.168.47.140]
skipping: [192.168.47.131]

TASK [prepare : take effect on system] *****************************************
skipping: [192.168.47.140]
skipping: [192.168.47.131]
changed: [192.168.47.132]

TASK [prepare : create systemd configuration directory] ************************
skipping: [192.168.47.140]
skipping: [192.168.47.131]
ok: [192.168.47.132]

TASK [prepare : set system param ulimits] **************************************
skipping: [192.168.47.140]
skipping: [192.168.47.131]
ok: [192.168.47.132]

TASK [prepare : take SCTP to kernel module blacklist] **************************
skipping: [192.168.47.140]
skipping: [192.168.47.131]
ok: [192.168.47.132]

TASK [prepare : prepare some dirs] *********************************************
skipping: [192.168.47.140] => (item=/usr/local/bin) 
skipping: [192.168.47.140] => (item=/etc/kubernetes/ssl) 
skipping: [192.168.47.140] => (item=/root/.kube) 
skipping: [192.168.47.140]
skipping: [192.168.47.131] => (item=/usr/local/bin) 
skipping: [192.168.47.131] => (item=/etc/kubernetes/ssl) 
skipping: [192.168.47.131] => (item=/root/.kube) 
skipping: [192.168.47.131]
ok: [192.168.47.132] => (item=/usr/local/bin)
changed: [192.168.47.132] => (item=/etc/kubernetes/ssl)
ok: [192.168.47.132] => (item=/root/.kube)

TASK [prepare : copy kubectl kubeconfig to home dir] ***************************
skipping: [192.168.47.140]
skipping: [192.168.47.131]
changed: [192.168.47.132]

TASK [prepare : add hosts entry to resolve local registry] *********************
skipping: [192.168.47.140]
skipping: [192.168.47.131]
ok: [192.168.47.132]

TASK [prepare : set node hostname] *********************************************
skipping: [192.168.47.140]
skipping: [192.168.47.131]
changed: [192.168.47.132]

TASK [prepare : the master[0] resolves all hosts master-132 in /etc/hosts] *****
skipping: [192.168.47.140]
skipping: [192.168.47.131]
changed: [192.168.47.132]

TASK [prepare : get /etc/hosts from the master[0]] *****************************
changed: [192.168.47.132]

TASK [prepare : delete /etc/hosts in the master[0]] ****************************
changed: [192.168.47.132]

TASK [prepare : sync /etc/hosts to all hosts] **********************************
changed: [192.168.47.132] => (item=192.168.47.132)
changed: [192.168.47.132 -> 192.168.47.140] => (item=192.168.47.140)
ok: [192.168.47.132] => (item=192.168.47.132)
ok: [192.168.47.132 -> 192.168.47.140] => (item=192.168.47.140)

TASK [prepare : set prepare tasks label file] **********************************
skipping: [192.168.47.140]
skipping: [192.168.47.131]
changed: [192.168.47.132]

PLAY [etcd] ********************************************************************

TASK [Gathering Facts] *********************************************************
ok: [192.168.47.132]
ok: [192.168.47.131]
ok: [192.168.47.140]

TASK [etcd : prepare some dirs] ************************************************
changed: [192.168.47.132]
changed: [192.168.47.140]
changed: [192.168.47.131]

TASK [etcd : download etcd binary] *********************************************
ok: [192.168.47.132] => (item=etcd)
ok: [192.168.47.140] => (item=etcd)
ok: [192.168.47.131] => (item=etcd)
ok: [192.168.47.132] => (item=etcdctl)
ok: [192.168.47.132] => (item=etcdutl)
ok: [192.168.47.140] => (item=etcdctl)
ok: [192.168.47.131] => (item=etcdctl)
ok: [192.168.47.140] => (item=etcdutl)
ok: [192.168.47.131] => (item=etcdutl)

TASK [etcd : create etcd CSR] **************************************************
changed: [192.168.47.131 -> localhost]

TASK [etcd : create etcd certs and private key] ********************************
changed: [192.168.47.131 -> localhost]

TASK [etcd : distribute etcd cert-related files] *******************************
changed: [192.168.47.132] => (item=ca.pem)
changed: [192.168.47.132] => (item=etcd.pem)
changed: [192.168.47.140] => (item=ca.pem)
changed: [192.168.47.131] => (item=ca.pem)
changed: [192.168.47.132] => (item=etcd-key.pem)
changed: [192.168.47.140] => (item=etcd.pem)
changed: [192.168.47.131] => (item=etcd.pem)
changed: [192.168.47.140] => (item=etcd-key.pem)
changed: [192.168.47.131] => (item=etcd-key.pem)

TASK [etcd : create etcd systemd unit file] ************************************
changed: [192.168.47.132]
changed: [192.168.47.140]
changed: [192.168.47.131]

TASK [etcd : enable etcd service on startup] ***********************************
changed: [192.168.47.132]
changed: [192.168.47.140]
changed: [192.168.47.131]

TASK [etcd : start etcd service] ***********************************************
changed: [192.168.47.132]
changed: [192.168.47.140]
changed: [192.168.47.131]

TASK [etcd : wait for etcd service running] ************************************
changed: [192.168.47.132]
changed: [192.168.47.131]
changed: [192.168.47.140]

PLAY [kube_master,kube_node] ***************************************************

TASK [Gathering Facts] *********************************************************
ok: [192.168.47.132]
ok: [192.168.47.140]

TASK [docker : check if docker was installed] **********************************
skipping: [192.168.47.132]
skipping: [192.168.47.140]

TASK [docker : get docker version information] *********************************
skipping: [192.168.47.132]

TASK [docker : debug info] *****************************************************
skipping: [192.168.47.132]

TASK [docker : revise docker version with float type] **************************
skipping: [192.168.47.132]

TASK [docker : infer docker installed] *****************************************
skipping: [192.168.47.132]
skipping: [192.168.47.140]

TASK [docker : prepare docker-related directories] *****************************
skipping: [192.168.47.132] => (item=/usr/local/bin) 
skipping: [192.168.47.132] => (item=/etc/docker) 
skipping: [192.168.47.132]
skipping: [192.168.47.140] => (item=/usr/local/bin) 
skipping: [192.168.47.140] => (item=/etc/docker) 
skipping: [192.168.47.140]

TASK [docker : download docker binary] *****************************************
skipping: [192.168.47.132] => (item=/usr/local/kubeauto/docker-bin/docker-compose) 
skipping: [192.168.47.132] => (item=/usr/local/kubeauto/docker-bin/runc) 
skipping: [192.168.47.132] => (item=/usr/local/kubeauto/docker-bin/dockerd) 
skipping: [192.168.47.132] => (item=/usr/local/kubeauto/docker-bin/docker) 
skipping: [192.168.47.132] => (item=/usr/local/kubeauto/docker-bin/docker-proxy) 
skipping: [192.168.47.132] => (item=/usr/local/kubeauto/docker-bin/docker-init) 
skipping: [192.168.47.140] => (item=/usr/local/kubeauto/docker-bin/docker-compose) 
skipping: [192.168.47.132] => (item=/usr/local/kubeauto/docker-bin/docker-buildx) 
skipping: [192.168.47.140] => (item=/usr/local/kubeauto/docker-bin/runc) 
skipping: [192.168.47.132] => (item=/usr/local/kubeauto/docker-bin/ctr) 
skipping: [192.168.47.140] => (item=/usr/local/kubeauto/docker-bin/dockerd) 
skipping: [192.168.47.132] => (item=/usr/local/kubeauto/docker-bin/containerd) 
skipping: [192.168.47.140] => (item=/usr/local/kubeauto/docker-bin/docker) 
skipping: [192.168.47.132] => (item=/usr/local/kubeauto/docker-bin/containerd-shim-runc-v2) 
skipping: [192.168.47.140] => (item=/usr/local/kubeauto/docker-bin/docker-proxy) 
skipping: [192.168.47.140] => (item=/usr/local/kubeauto/docker-bin/docker-init) 
skipping: [192.168.47.132]
skipping: [192.168.47.140] => (item=/usr/local/kubeauto/docker-bin/docker-buildx) 
skipping: [192.168.47.140] => (item=/usr/local/kubeauto/docker-bin/ctr) 
skipping: [192.168.47.140] => (item=/usr/local/kubeauto/docker-bin/containerd) 
skipping: [192.168.47.140] => (item=/usr/local/kubeauto/docker-bin/containerd-shim-runc-v2) 
skipping: [192.168.47.140]

TASK [docker : configure docker daemon] ****************************************
skipping: [192.168.47.132]
skipping: [192.168.47.140]

TASK [docker : create docker systemd unit file] ********************************
skipping: [192.168.47.132]
skipping: [192.168.47.140]

TASK [docker : enable docker service on startup] *******************************
skipping: [192.168.47.132]
skipping: [192.168.47.140]

TASK [docker : start docker service] *******************************************
skipping: [192.168.47.132]
skipping: [192.168.47.140]

TASK [docker : wait for docker running] ****************************************
skipping: [192.168.47.132]
skipping: [192.168.47.140]

TASK [docker : configure docker symlink] ***************************************
skipping: [192.168.47.132]
skipping: [192.168.47.140]

TASK [containerd : prepare containerd-related directories] *********************
changed: [192.168.47.132] => (item=/etc/containerd)
changed: [192.168.47.132] => (item=/etc/containerd/certs.d/docker.io)
ok: [192.168.47.140] => (item=/etc/containerd)
changed: [192.168.47.132] => (item=/etc/containerd/certs.d/registry.talkschool.cn:5000)
changed: [192.168.47.132] => (item=/etc/containerd/certs.d/harbor.brinnatt.io.local:8443)
ok: [192.168.47.140] => (item=/etc/containerd/certs.d/docker.io)
ok: [192.168.47.140] => (item=/etc/containerd/certs.d/registry.talkschool.cn:5000)
ok: [192.168.47.140] => (item=/etc/containerd/certs.d/harbor.brinnatt.io.local:8443)

TASK [containerd : prepare INSECURE REGISTRY dirs] *****************************
skipping: [192.168.47.132] => (item=http://registry.talkschool.cn:5000) 
skipping: [192.168.47.140] => (item=http://registry.talkschool.cn:5000) 
changed: [192.168.47.132] => (item=https://reg.yourcompany.com)
ok: [192.168.47.140] => (item=https://reg.yourcompany.com)

TASK [containerd : load kernel module overlay] *********************************
ok: [192.168.47.132]
ok: [192.168.47.140]

TASK [containerd : download containerd binary] *********************************
ok: [192.168.47.132] => (item=/usr/local/kubeauto/extra-bin/containerd-bin/runc)
ok: [192.168.47.140] => (item=/usr/local/kubeauto/extra-bin/containerd-bin/runc)
ok: [192.168.47.132] => (item=/usr/local/kubeauto/extra-bin/containerd-bin/containerd-stress)
ok: [192.168.47.132] => (item=/usr/local/kubeauto/extra-bin/containerd-bin/ctr)
ok: [192.168.47.140] => (item=/usr/local/kubeauto/extra-bin/containerd-bin/containerd-stress)
ok: [192.168.47.132] => (item=/usr/local/kubeauto/extra-bin/containerd-bin/containerd)
ok: [192.168.47.132] => (item=/usr/local/kubeauto/extra-bin/containerd-bin/containerd-shim-runc-v2)
ok: [192.168.47.140] => (item=/usr/local/kubeauto/extra-bin/containerd-bin/ctr)
ok: [192.168.47.140] => (item=/usr/local/kubeauto/extra-bin/containerd-bin/containerd)
ok: [192.168.47.140] => (item=/usr/local/kubeauto/extra-bin/containerd-bin/containerd-shim-runc-v2)

TASK [containerd : download crictl] ********************************************
ok: [192.168.47.132]
ok: [192.168.47.140]

TASK [containerd : crictl bash completion] *************************************
changed: [192.168.47.132]
ok: [192.168.47.140]

TASK [containerd : create containerd configuration file] ***********************
changed: [192.168.47.132]
ok: [192.168.47.140]

TASK [containerd : configure docker.io accelerator] ****************************
changed: [192.168.47.132]
ok: [192.168.47.140]

TASK [containerd : configure local_registry] ***********************************
changed: [192.168.47.132]
ok: [192.168.47.140]

TASK [containerd : configure trusted INSECURE REGISTRY registry] ***************
skipping: [192.168.47.132] => (item=http://registry.talkschool.cn:5000) 
skipping: [192.168.47.140] => (item=http://registry.talkschool.cn:5000) 
changed: [192.168.47.132] => (item=https://reg.yourcompany.com)
ok: [192.168.47.140] => (item=https://reg.yourcompany.com)

TASK [containerd : configure harbor registry] **********************************
changed: [192.168.47.132]
ok: [192.168.47.140]

TASK [containerd : create systemd unit file] ***********************************
changed: [192.168.47.132]
ok: [192.168.47.140]

TASK [containerd : create crictl configuration] ********************************
changed: [192.168.47.132]
ok: [192.168.47.140]

TASK [containerd : enable containerd service on startup] ***********************
changed: [192.168.47.132]
changed: [192.168.47.140]

TASK [containerd : start containerd service] ***********************************
changed: [192.168.47.132]
changed: [192.168.47.140]

TASK [containerd : wait for containerd service running] ************************
changed: [192.168.47.132]
changed: [192.168.47.140]

PLAY [kube_master] *************************************************************

TASK [Gathering Facts] *********************************************************
ok: [192.168.47.132]

TASK [kube-lb : prepare some dirs] *********************************************
changed: [192.168.47.132] => (item=/etc/kube-lb/sbin)
changed: [192.168.47.132] => (item=/etc/kube-lb/logs)
changed: [192.168.47.132] => (item=/etc/kube-lb/conf)

TASK [kube-lb : download kube-lb(nginx)] ***************************************
changed: [192.168.47.132]

TASK [kube-lb : create kube-lb configuration file] *****************************
changed: [192.168.47.132]

TASK [kube-lb : create kube-lb systemd unit file] ******************************
changed: [192.168.47.132]

TASK [kube-lb : enable kube-lb service on startup] *****************************
changed: [192.168.47.132]

TASK [kube-lb : start kube-lb service] *****************************************
changed: [192.168.47.132]

TASK [kube-lb : wait for kube-lb service running] ******************************
changed: [192.168.47.132]

TASK [kube-master : assure k8s bin can be executable] **************************
ok: [192.168.47.132] => (item=kube-apiserver)
ok: [192.168.47.132] => (item=kube-controller-manager)
ok: [192.168.47.132] => (item=kube-scheduler)
ok: [192.168.47.132] => (item=kubectl)

TASK [kube-master : distribute controller/scheduler kubeconfig] ****************
changed: [192.168.47.132] => (item=kube-controller-manager.kubeconfig)
changed: [192.168.47.132] => (item=kube-scheduler.kubeconfig)

TASK [kube-master : create cluster audit related directories] ******************
skipping: [192.168.47.132] => (item=/etc/kubernetes/audit) 
skipping: [192.168.47.132] => (item=/var/log/kubernetes/audit) 
skipping: [192.168.47.132]

TASK [kube-master : distribute cluster audit configuration file] ***************
skipping: [192.168.47.132]

TASK [kube-master : create kubernetes CSR] *************************************
changed: [192.168.47.132 -> localhost]

TASK [kube-master : create kubernetes cert and private key] ********************
changed: [192.168.47.132 -> localhost]

TASK [kube-master : create aggregator proxy CSR] *******************************
changed: [192.168.47.132 -> localhost]

TASK [kube-master : create aggregator-proxy cert and private key] **************
changed: [192.168.47.132 -> localhost]

TASK [kube-master : distribute kubernetes cert-related files] ******************
ok: [192.168.47.132] => (item=ca.pem)
changed: [192.168.47.132] => (item=ca-key.pem)
changed: [192.168.47.132] => (item=kubernetes.pem)
changed: [192.168.47.132] => (item=kubernetes-key.pem)
changed: [192.168.47.132] => (item=aggregator-proxy.pem)
changed: [192.168.47.132] => (item=aggregator-proxy-key.pem)

TASK [kube-master : correct apiserver socket in kubeconfig] ********************
changed: [192.168.47.132] => (item=/etc/kubernetes/kube-controller-manager.kubeconfig)
changed: [192.168.47.132] => (item=/etc/kubernetes/kube-scheduler.kubeconfig)

TASK [kube-master : create master systemd unit file] ***************************
changed: [192.168.47.132] => (item=kube-apiserver.service)
changed: [192.168.47.132] => (item=kube-controller-manager.service)
changed: [192.168.47.132] => (item=kube-scheduler.service)

TASK [kube-master : enable master service on startup] **************************
changed: [192.168.47.132]

TASK [kube-master : reload systemd and restart kube-apiserver] *****************
changed: [192.168.47.132]

TASK [kube-master : wait for kube-apiserver running] ***************************
changed: [192.168.47.132]

TASK [kube-master : restart kube-controller-manager and kube-scheduler] ********
changed: [192.168.47.132]

TASK [kube-master : wait for kube-controller-manager running] ******************
FAILED - RETRYING: [192.168.47.132]: wait for kube-controller-manager running (8 retries left).
FAILED - RETRYING: [192.168.47.132]: wait for kube-controller-manager running (7 retries left).
changed: [192.168.47.132]

TASK [kube-master : wait for kube-scheduler running] ***************************
changed: [192.168.47.132]

TASK [kube-master : copy kubectl.kubeconfig] ***********************************
changed: [192.168.47.132 -> localhost]

TASK [kube-master : correct apiserver socket in kubeconfig] ********************
ok: [192.168.47.132 -> localhost]

TASK [kube-master : wait for master service running] ***************************
changed: [192.168.47.132 -> localhost]

TASK [kube-master : check if user:kubernetes was bond to related role] *********
changed: [192.168.47.132 -> localhost]

TASK [kube-master : create user:kubernetes role binding] ***********************
changed: [192.168.47.132 -> localhost]

TASK [kube-node : create kube_node related directories] ************************
changed: [192.168.47.132] => (item=/var/lib/kubelet)
changed: [192.168.47.132] => (item=/var/lib/kube-proxy)
ok: [192.168.47.132] => (item=/etc/cni/net.d)
ok: [192.168.47.132] => (item=/opt/cni/bin)

TASK [kube-node : download kubelet,kube-proxy binaries] ************************
ok: [192.168.47.132] => (item=kubectl)
ok: [192.168.47.132] => (item=kubelet)
ok: [192.168.47.132] => (item=kube-proxy)

TASK [kube-node : download cni plugins binaries] *******************************
changed: [192.168.47.132] => (item=/usr/local/kubeauto/extra-bin/cni-bin/portmap)
ok: [192.168.47.132] => (item=/usr/local/kubeauto/extra-bin/cni-bin/README.md)
ok: [192.168.47.132] => (item=/usr/local/kubeauto/extra-bin/cni-bin/static)
ok: [192.168.47.132] => (item=/usr/local/kubeauto/extra-bin/cni-bin/sbr)
changed: [192.168.47.132] => (item=/usr/local/kubeauto/extra-bin/cni-bin/host-local)
ok: [192.168.47.132] => (item=/usr/local/kubeauto/extra-bin/cni-bin/vrf)
ok: [192.168.47.132] => (item=/usr/local/kubeauto/extra-bin/cni-bin/macvlan)
changed: [192.168.47.132] => (item=/usr/local/kubeauto/extra-bin/cni-bin/bandwidth)
ok: [192.168.47.132] => (item=/usr/local/kubeauto/extra-bin/cni-bin/bridge)
ok: [192.168.47.132] => (item=/usr/local/kubeauto/extra-bin/cni-bin/tap)
ok: [192.168.47.132] => (item=/usr/local/kubeauto/extra-bin/cni-bin/ipvlan)
ok: [192.168.47.132] => (item=/usr/local/kubeauto/extra-bin/cni-bin/host-device)
changed: [192.168.47.132] => (item=/usr/local/kubeauto/extra-bin/cni-bin/tuning)
ok: [192.168.47.132] => (item=/usr/local/kubeauto/extra-bin/cni-bin/vlan)
ok: [192.168.47.132] => (item=/usr/local/kubeauto/extra-bin/cni-bin/firewall)
changed: [192.168.47.132] => (item=/usr/local/kubeauto/extra-bin/cni-bin/loopback)
ok: [192.168.47.132] => (item=/usr/local/kubeauto/extra-bin/cni-bin/ptp)
ok: [192.168.47.132] => (item=/usr/local/kubeauto/extra-bin/cni-bin/dummy)
ok: [192.168.47.132] => (item=/usr/local/kubeauto/extra-bin/cni-bin/LICENSE)
ok: [192.168.47.132] => (item=/usr/local/kubeauto/extra-bin/cni-bin/dhcp)

TASK [kube-node : kubectl bash completion] *************************************
changed: [192.168.47.132]

TASK [kube-node : prepare kubelet CSR] *****************************************
changed: [192.168.47.132 -> localhost]

TASK [kube-node : create kubelet cert and private key] *************************
changed: [192.168.47.132 -> localhost]

TASK [kube-node : set cluster params] ******************************************
changed: [192.168.47.132 -> localhost]

TASK [kube-node : set client credential params] ********************************
changed: [192.168.47.132 -> localhost]

TASK [kube-node : set context params] ******************************************
changed: [192.168.47.132 -> localhost]

TASK [kube-node : choose default context] **************************************
changed: [192.168.47.132 -> localhost]

TASK [kube-node : distribute ca cert] ******************************************
ok: [192.168.47.132]

TASK [kube-node : distribute kubelet cert] *************************************
changed: [192.168.47.132] => (item=kubelet.pem)
changed: [192.168.47.132] => (item=kubelet-key.pem)

TASK [kube-node : distribute kubeconfig] ***************************************
changed: [192.168.47.132]

TASK [kube-node : prepare cni configuration file] ******************************
changed: [192.168.47.132]

TASK [kube-node : create kubelet configuration file] ***************************
changed: [192.168.47.132]

TASK [kube-node : check if /run/systemd/resolve/resolv.conf exists] ************
ok: [192.168.47.132]

TASK [kube-node : replace resolvConf param] ************************************
skipping: [192.168.47.132]

TASK [kube-node : create kubelet systemd unit file] ****************************
changed: [192.168.47.132]

TASK [kube-node : enable kubelet service on startup] ***************************
changed: [192.168.47.132]

TASK [kube-node : start kubelet service] ***************************************
changed: [192.168.47.132]

TASK [kube-node : distribute kube-proxy.kubeconfig configuration file] *********
changed: [192.168.47.132]

TASK [kube-node : correct apiserver socket in kube-proxy.kubeconfig] ***********
changed: [192.168.47.132]

TASK [kube-node : create kube-proxy configuration] *****************************
changed: [192.168.47.132]

TASK [kube-node : create kube-proxy service file] ******************************
changed: [192.168.47.132]

TASK [kube-node : enable kube-proxy service on startup] ************************
changed: [192.168.47.132]

TASK [kube-node : start kube-proxy service] ************************************
changed: [192.168.47.132]

TASK [kube-node : wait for kube-proxy running] *********************************
changed: [192.168.47.132]

TASK [kube-node : wait for kubelet running] ************************************
changed: [192.168.47.132]

TASK [kube-node : wait for node Ready] *****************************************
changed: [192.168.47.132 -> localhost]

TASK [kube-node : Setting worker role name] ************************************
changed: [192.168.47.132 -> localhost]

TASK [kube-node : Setting master role name] ************************************
changed: [192.168.47.132 -> localhost]

TASK [kube-node : Making master nodes SchedulingDisabled] **********************
skipping: [192.168.47.132]

PLAY [kube_master] *************************************************************

TASK [Gathering Facts] *********************************************************
ok: [192.168.47.140]

TASK [kube-lb : prepare some dirs] *********************************************
ok: [192.168.47.140] => (item=/etc/kube-lb/sbin)
ok: [192.168.47.140] => (item=/etc/kube-lb/logs)
ok: [192.168.47.140] => (item=/etc/kube-lb/conf)

TASK [kube-lb : download kube-lb(nginx)] ***************************************
ok: [192.168.47.140]

TASK [kube-lb : create kube-lb configuration file] *****************************
changed: [192.168.47.140]

TASK [kube-lb : create kube-lb systemd unit file] ******************************
ok: [192.168.47.140]

TASK [kube-lb : enable kube-lb service on startup] *****************************
changed: [192.168.47.140]

TASK [kube-lb : start kube-lb service] *****************************************
changed: [192.168.47.140]

TASK [kube-lb : wait for kube-lb service running] ******************************
changed: [192.168.47.140]

TASK [kube-master : assure k8s bin can be executable] **************************
ok: [192.168.47.140] => (item=kube-apiserver)
ok: [192.168.47.140] => (item=kube-controller-manager)
ok: [192.168.47.140] => (item=kube-scheduler)
ok: [192.168.47.140] => (item=kubectl)

TASK [kube-master : distribute controller/scheduler kubeconfig] ****************
changed: [192.168.47.140] => (item=kube-controller-manager.kubeconfig)
changed: [192.168.47.140] => (item=kube-scheduler.kubeconfig)

TASK [kube-master : create cluster audit related directories] ******************
skipping: [192.168.47.140] => (item=/etc/kubernetes/audit) 
skipping: [192.168.47.140] => (item=/var/log/kubernetes/audit) 
skipping: [192.168.47.140]

TASK [kube-master : distribute cluster audit configuration file] ***************
skipping: [192.168.47.140]

TASK [kube-master : create kubernetes CSR] *************************************
ok: [192.168.47.140 -> localhost]

TASK [kube-master : create kubernetes cert and private key] ********************
changed: [192.168.47.140 -> localhost]

TASK [kube-master : create aggregator proxy CSR] *******************************
ok: [192.168.47.140 -> localhost]

TASK [kube-master : create aggregator-proxy cert and private key] **************
changed: [192.168.47.140 -> localhost]

TASK [kube-master : distribute kubernetes cert-related files] ******************
ok: [192.168.47.140] => (item=ca.pem)
changed: [192.168.47.140] => (item=ca-key.pem)
changed: [192.168.47.140] => (item=kubernetes.pem)
changed: [192.168.47.140] => (item=kubernetes-key.pem)
changed: [192.168.47.140] => (item=aggregator-proxy.pem)
changed: [192.168.47.140] => (item=aggregator-proxy-key.pem)

TASK [kube-master : correct apiserver socket in kubeconfig] ********************
changed: [192.168.47.140] => (item=/etc/kubernetes/kube-controller-manager.kubeconfig)
changed: [192.168.47.140] => (item=/etc/kubernetes/kube-scheduler.kubeconfig)

TASK [kube-master : create master systemd unit file] ***************************
changed: [192.168.47.140] => (item=kube-apiserver.service)
changed: [192.168.47.140] => (item=kube-controller-manager.service)
changed: [192.168.47.140] => (item=kube-scheduler.service)

TASK [kube-master : enable master service on startup] **************************
changed: [192.168.47.140]

TASK [kube-master : reload systemd and restart kube-apiserver] *****************
changed: [192.168.47.140]

TASK [kube-master : wait for kube-apiserver running] ***************************
changed: [192.168.47.140]

TASK [kube-master : restart kube-controller-manager and kube-scheduler] ********
changed: [192.168.47.140]

TASK [kube-master : wait for kube-controller-manager running] ******************
changed: [192.168.47.140]

TASK [kube-master : wait for kube-scheduler running] ***************************
changed: [192.168.47.140]

TASK [kube-master : copy kubectl.kubeconfig] ***********************************
changed: [192.168.47.140 -> localhost]

TASK [kube-master : correct apiserver socket in kubeconfig] ********************
changed: [192.168.47.140 -> localhost]

TASK [kube-master : wait for master service running] ***************************
changed: [192.168.47.140 -> localhost]

TASK [kube-master : check if user:kubernetes was bond to related role] *********
changed: [192.168.47.140 -> localhost]

TASK [kube-master : create user:kubernetes role binding] ***********************
skipping: [192.168.47.140]

TASK [kube-node : create kube_node related directories] ************************
ok: [192.168.47.140] => (item=/var/lib/kubelet)
ok: [192.168.47.140] => (item=/var/lib/kube-proxy)
ok: [192.168.47.140] => (item=/etc/cni/net.d)
ok: [192.168.47.140] => (item=/opt/cni/bin)

TASK [kube-node : download kubelet,kube-proxy binaries] ************************
ok: [192.168.47.140] => (item=kubectl)
ok: [192.168.47.140] => (item=kubelet)
ok: [192.168.47.140] => (item=kube-proxy)

TASK [kube-node : download cni plugins binaries] *******************************
changed: [192.168.47.140] => (item=/usr/local/kubeauto/extra-bin/cni-bin/portmap)
ok: [192.168.47.140] => (item=/usr/local/kubeauto/extra-bin/cni-bin/README.md)
ok: [192.168.47.140] => (item=/usr/local/kubeauto/extra-bin/cni-bin/static)
ok: [192.168.47.140] => (item=/usr/local/kubeauto/extra-bin/cni-bin/sbr)
changed: [192.168.47.140] => (item=/usr/local/kubeauto/extra-bin/cni-bin/host-local)
ok: [192.168.47.140] => (item=/usr/local/kubeauto/extra-bin/cni-bin/vrf)
ok: [192.168.47.140] => (item=/usr/local/kubeauto/extra-bin/cni-bin/macvlan)
changed: [192.168.47.140] => (item=/usr/local/kubeauto/extra-bin/cni-bin/bandwidth)
ok: [192.168.47.140] => (item=/usr/local/kubeauto/extra-bin/cni-bin/bridge)
ok: [192.168.47.140] => (item=/usr/local/kubeauto/extra-bin/cni-bin/tap)
ok: [192.168.47.140] => (item=/usr/local/kubeauto/extra-bin/cni-bin/ipvlan)
ok: [192.168.47.140] => (item=/usr/local/kubeauto/extra-bin/cni-bin/host-device)
changed: [192.168.47.140] => (item=/usr/local/kubeauto/extra-bin/cni-bin/tuning)
ok: [192.168.47.140] => (item=/usr/local/kubeauto/extra-bin/cni-bin/vlan)
ok: [192.168.47.140] => (item=/usr/local/kubeauto/extra-bin/cni-bin/firewall)
changed: [192.168.47.140] => (item=/usr/local/kubeauto/extra-bin/cni-bin/loopback)
ok: [192.168.47.140] => (item=/usr/local/kubeauto/extra-bin/cni-bin/ptp)
ok: [192.168.47.140] => (item=/usr/local/kubeauto/extra-bin/cni-bin/dummy)
ok: [192.168.47.140] => (item=/usr/local/kubeauto/extra-bin/cni-bin/LICENSE)
ok: [192.168.47.140] => (item=/usr/local/kubeauto/extra-bin/cni-bin/dhcp)

TASK [kube-node : kubectl bash completion] *************************************
ok: [192.168.47.140]

TASK [kube-node : prepare kubelet CSR] *****************************************
changed: [192.168.47.140 -> localhost]

TASK [kube-node : create kubelet cert and private key] *************************
changed: [192.168.47.140 -> localhost]

TASK [kube-node : set cluster params] ******************************************
changed: [192.168.47.140 -> localhost]

TASK [kube-node : set client credential params] ********************************
changed: [192.168.47.140 -> localhost]

TASK [kube-node : set context params] ******************************************
changed: [192.168.47.140 -> localhost]

TASK [kube-node : choose default context] **************************************
changed: [192.168.47.140 -> localhost]

TASK [kube-node : distribute ca cert] ******************************************
ok: [192.168.47.140]

TASK [kube-node : distribute kubelet cert] *************************************
changed: [192.168.47.140] => (item=kubelet.pem)
changed: [192.168.47.140] => (item=kubelet-key.pem)

TASK [kube-node : distribute kubeconfig] ***************************************
changed: [192.168.47.140]

TASK [kube-node : prepare cni configuration file] ******************************
changed: [192.168.47.140]

TASK [kube-node : create kubelet configuration file] ***************************
ok: [192.168.47.140]

TASK [kube-node : check if /run/systemd/resolve/resolv.conf exists] ************
ok: [192.168.47.140]

TASK [kube-node : replace resolvConf param] ************************************
skipping: [192.168.47.140]

TASK [kube-node : create kubelet systemd unit file] ****************************
changed: [192.168.47.140]

TASK [kube-node : enable kubelet service on startup] ***************************
changed: [192.168.47.140]

TASK [kube-node : start kubelet service] ***************************************
changed: [192.168.47.140]

TASK [kube-node : distribute kube-proxy.kubeconfig configuration file] *********
changed: [192.168.47.140]

TASK [kube-node : correct apiserver socket in kube-proxy.kubeconfig] ***********
changed: [192.168.47.140]

TASK [kube-node : create kube-proxy configuration] *****************************
changed: [192.168.47.140]

TASK [kube-node : create kube-proxy service file] ******************************
ok: [192.168.47.140]

TASK [kube-node : enable kube-proxy service on startup] ************************
changed: [192.168.47.140]

TASK [kube-node : start kube-proxy service] ************************************
changed: [192.168.47.140]

TASK [kube-node : wait for kube-proxy running] *********************************
changed: [192.168.47.140]

TASK [kube-node : wait for kubelet running] ************************************
changed: [192.168.47.140]

TASK [kube-node : wait for node Ready] *****************************************
changed: [192.168.47.140 -> localhost]

TASK [kube-node : Setting worker role name] ************************************
changed: [192.168.47.140 -> localhost]

TASK [kube-node : Setting master role name] ************************************
changed: [192.168.47.140 -> localhost]

TASK [kube-node : Making master nodes SchedulingDisabled] **********************
skipping: [192.168.47.140]

PLAY [kube_node] ***************************************************************

TASK [Gathering Facts] *********************************************************
ok: [192.168.47.132]
ok: [192.168.47.140]

TASK [kube-lb : prepare some dirs] *********************************************
skipping: [192.168.47.132] => (item=/etc/kube-lb/sbin) 
skipping: [192.168.47.132] => (item=/etc/kube-lb/logs) 
skipping: [192.168.47.132] => (item=/etc/kube-lb/conf) 
skipping: [192.168.47.132]
skipping: [192.168.47.140] => (item=/etc/kube-lb/sbin) 
skipping: [192.168.47.140] => (item=/etc/kube-lb/logs) 
skipping: [192.168.47.140] => (item=/etc/kube-lb/conf) 
skipping: [192.168.47.140]

TASK [kube-lb : download kube-lb(nginx)] ***************************************
skipping: [192.168.47.132]
skipping: [192.168.47.140]

TASK [kube-lb : create kube-lb configuration file] *****************************
skipping: [192.168.47.132]
skipping: [192.168.47.140]

TASK [kube-lb : create kube-lb systemd unit file] ******************************
skipping: [192.168.47.132]
skipping: [192.168.47.140]

TASK [kube-lb : enable kube-lb service on startup] *****************************
skipping: [192.168.47.132]
skipping: [192.168.47.140]

TASK [kube-lb : start kube-lb service] *****************************************
skipping: [192.168.47.132]
skipping: [192.168.47.140]

TASK [kube-lb : wait for kube-lb service running] ******************************
skipping: [192.168.47.132]
skipping: [192.168.47.140]

TASK [kube-node : create kube_node related directories] ************************
skipping: [192.168.47.132] => (item=/var/lib/kubelet) 
skipping: [192.168.47.132] => (item=/var/lib/kube-proxy) 
skipping: [192.168.47.132] => (item=/etc/cni/net.d) 
skipping: [192.168.47.132] => (item=/opt/cni/bin) 
skipping: [192.168.47.132]
skipping: [192.168.47.140] => (item=/var/lib/kubelet) 
skipping: [192.168.47.140] => (item=/var/lib/kube-proxy) 
skipping: [192.168.47.140] => (item=/etc/cni/net.d) 
skipping: [192.168.47.140] => (item=/opt/cni/bin) 
skipping: [192.168.47.140]

TASK [kube-node : download kubelet,kube-proxy binaries] ************************
skipping: [192.168.47.132] => (item=kubectl) 
skipping: [192.168.47.132] => (item=kubelet) 
skipping: [192.168.47.132] => (item=kube-proxy) 
skipping: [192.168.47.132]
skipping: [192.168.47.140] => (item=kubectl) 
skipping: [192.168.47.140] => (item=kubelet) 
skipping: [192.168.47.140] => (item=kube-proxy) 
skipping: [192.168.47.140]

TASK [kube-node : download cni plugins binaries] *******************************
skipping: [192.168.47.132] => (item=/usr/local/kubeauto/extra-bin/cni-bin/portmap) 
skipping: [192.168.47.132] => (item=/usr/local/kubeauto/extra-bin/cni-bin/README.md) 
skipping: [192.168.47.132] => (item=/usr/local/kubeauto/extra-bin/cni-bin/static) 
skipping: [192.168.47.132] => (item=/usr/local/kubeauto/extra-bin/cni-bin/sbr) 
skipping: [192.168.47.132] => (item=/usr/local/kubeauto/extra-bin/cni-bin/host-local) 
skipping: [192.168.47.132] => (item=/usr/local/kubeauto/extra-bin/cni-bin/vrf) 
skipping: [192.168.47.132] => (item=/usr/local/kubeauto/extra-bin/cni-bin/macvlan) 
skipping: [192.168.47.140] => (item=/usr/local/kubeauto/extra-bin/cni-bin/portmap) 
skipping: [192.168.47.132] => (item=/usr/local/kubeauto/extra-bin/cni-bin/bandwidth) 
skipping: [192.168.47.140] => (item=/usr/local/kubeauto/extra-bin/cni-bin/README.md) 
skipping: [192.168.47.132] => (item=/usr/local/kubeauto/extra-bin/cni-bin/bridge) 
skipping: [192.168.47.140] => (item=/usr/local/kubeauto/extra-bin/cni-bin/static) 
skipping: [192.168.47.132] => (item=/usr/local/kubeauto/extra-bin/cni-bin/tap) 
skipping: [192.168.47.140] => (item=/usr/local/kubeauto/extra-bin/cni-bin/sbr) 
skipping: [192.168.47.132] => (item=/usr/local/kubeauto/extra-bin/cni-bin/ipvlan) 
skipping: [192.168.47.140] => (item=/usr/local/kubeauto/extra-bin/cni-bin/host-local) 
skipping: [192.168.47.132] => (item=/usr/local/kubeauto/extra-bin/cni-bin/host-device) 
skipping: [192.168.47.140] => (item=/usr/local/kubeauto/extra-bin/cni-bin/vrf) 
skipping: [192.168.47.132] => (item=/usr/local/kubeauto/extra-bin/cni-bin/tuning) 
skipping: [192.168.47.140] => (item=/usr/local/kubeauto/extra-bin/cni-bin/macvlan) 
skipping: [192.168.47.132] => (item=/usr/local/kubeauto/extra-bin/cni-bin/vlan) 
skipping: [192.168.47.140] => (item=/usr/local/kubeauto/extra-bin/cni-bin/bandwidth) 
skipping: [192.168.47.132] => (item=/usr/local/kubeauto/extra-bin/cni-bin/firewall) 
skipping: [192.168.47.140] => (item=/usr/local/kubeauto/extra-bin/cni-bin/bridge) 
skipping: [192.168.47.132] => (item=/usr/local/kubeauto/extra-bin/cni-bin/loopback) 
skipping: [192.168.47.140] => (item=/usr/local/kubeauto/extra-bin/cni-bin/tap) 
skipping: [192.168.47.132] => (item=/usr/local/kubeauto/extra-bin/cni-bin/ptp) 
skipping: [192.168.47.140] => (item=/usr/local/kubeauto/extra-bin/cni-bin/ipvlan) 
skipping: [192.168.47.132] => (item=/usr/local/kubeauto/extra-bin/cni-bin/dummy) 
skipping: [192.168.47.140] => (item=/usr/local/kubeauto/extra-bin/cni-bin/host-device) 
skipping: [192.168.47.132] => (item=/usr/local/kubeauto/extra-bin/cni-bin/LICENSE) 
skipping: [192.168.47.140] => (item=/usr/local/kubeauto/extra-bin/cni-bin/tuning) 
skipping: [192.168.47.132] => (item=/usr/local/kubeauto/extra-bin/cni-bin/dhcp) 
skipping: [192.168.47.132]
skipping: [192.168.47.140] => (item=/usr/local/kubeauto/extra-bin/cni-bin/vlan) 
skipping: [192.168.47.140] => (item=/usr/local/kubeauto/extra-bin/cni-bin/firewall) 
skipping: [192.168.47.140] => (item=/usr/local/kubeauto/extra-bin/cni-bin/loopback) 
skipping: [192.168.47.140] => (item=/usr/local/kubeauto/extra-bin/cni-bin/ptp) 
skipping: [192.168.47.140] => (item=/usr/local/kubeauto/extra-bin/cni-bin/dummy) 
skipping: [192.168.47.140] => (item=/usr/local/kubeauto/extra-bin/cni-bin/LICENSE) 
skipping: [192.168.47.140] => (item=/usr/local/kubeauto/extra-bin/cni-bin/dhcp) 
skipping: [192.168.47.140]

TASK [kube-node : kubectl bash completion] *************************************
skipping: [192.168.47.132]
skipping: [192.168.47.140]

TASK [kube-node : prepare kubelet CSR] *****************************************
skipping: [192.168.47.132]
skipping: [192.168.47.140]

TASK [kube-node : create kubelet cert and private key] *************************
skipping: [192.168.47.132]
skipping: [192.168.47.140]

TASK [kube-node : set cluster params] ******************************************
skipping: [192.168.47.132]
skipping: [192.168.47.140]

TASK [kube-node : set client credential params] ********************************
skipping: [192.168.47.132]
skipping: [192.168.47.140]

TASK [kube-node : set context params] ******************************************
skipping: [192.168.47.132]
skipping: [192.168.47.140]

TASK [kube-node : choose default context] **************************************
skipping: [192.168.47.132]
skipping: [192.168.47.140]

TASK [kube-node : distribute ca cert] ******************************************
skipping: [192.168.47.132]
skipping: [192.168.47.140]

TASK [kube-node : distribute kubelet cert] *************************************
skipping: [192.168.47.132] => (item=kubelet.pem) 
skipping: [192.168.47.132] => (item=kubelet-key.pem) 
skipping: [192.168.47.132]
skipping: [192.168.47.140] => (item=kubelet.pem) 
skipping: [192.168.47.140] => (item=kubelet-key.pem) 
skipping: [192.168.47.140]

TASK [kube-node : distribute kubeconfig] ***************************************
skipping: [192.168.47.132]
skipping: [192.168.47.140]

TASK [kube-node : prepare cni configuration file] ******************************
skipping: [192.168.47.132]
skipping: [192.168.47.140]

TASK [kube-node : create kubelet configuration file] ***************************
skipping: [192.168.47.132]
skipping: [192.168.47.140]

TASK [kube-node : check if /run/systemd/resolve/resolv.conf exists] ************
skipping: [192.168.47.132]
skipping: [192.168.47.140]

TASK [kube-node : replace resolvConf param] ************************************
skipping: [192.168.47.132]
skipping: [192.168.47.140]

TASK [kube-node : create kubelet systemd unit file] ****************************
skipping: [192.168.47.132]
skipping: [192.168.47.140]

TASK [kube-node : enable kubelet service on startup] ***************************
skipping: [192.168.47.132]
skipping: [192.168.47.140]

TASK [kube-node : start kubelet service] ***************************************
skipping: [192.168.47.132]
skipping: [192.168.47.140]

TASK [kube-node : distribute kube-proxy.kubeconfig configuration file] *********
skipping: [192.168.47.132]
skipping: [192.168.47.140]

TASK [kube-node : correct apiserver socket in kube-proxy.kubeconfig] ***********
skipping: [192.168.47.132]
skipping: [192.168.47.140]

TASK [kube-node : create kube-proxy configuration] *****************************
skipping: [192.168.47.132]
skipping: [192.168.47.140]

TASK [kube-node : create kube-proxy service file] ******************************
skipping: [192.168.47.132]
skipping: [192.168.47.140]

TASK [kube-node : enable kube-proxy service on startup] ************************
skipping: [192.168.47.132]
skipping: [192.168.47.140]

TASK [kube-node : start kube-proxy service] ************************************
skipping: [192.168.47.132]
skipping: [192.168.47.140]

TASK [kube-node : wait for kube-proxy running] *********************************
skipping: [192.168.47.132]
skipping: [192.168.47.140]

TASK [kube-node : wait for kubelet running] ************************************
skipping: [192.168.47.132]
skipping: [192.168.47.140]

TASK [kube-node : wait for node Ready] *****************************************
skipping: [192.168.47.132]
skipping: [192.168.47.140]

TASK [kube-node : Setting worker role name] ************************************
skipping: [192.168.47.132]
skipping: [192.168.47.140]

TASK [kube-node : Setting master role name] ************************************
skipping: [192.168.47.132]
skipping: [192.168.47.140]

TASK [kube-node : Making master nodes SchedulingDisabled] **********************
skipping: [192.168.47.132]
skipping: [192.168.47.140]

PLAY [kube_master,kube_node] ***************************************************

TASK [Gathering Facts] *********************************************************
ok: [192.168.47.132]
ok: [192.168.47.140]

TASK [calico : create calico CSR] **********************************************
changed: [192.168.47.132 -> localhost]

TASK [calico : create calico cert and private key] *****************************
changed: [192.168.47.132 -> localhost]

TASK [calico : delete old calico-etcd-secrets] *********************************
skipping: [192.168.47.132]

TASK [calico : create calico-etcd-secrets] *************************************
changed: [192.168.47.132 -> localhost]

TASK [calico : configure calico DaemonSet yaml file] ***************************
changed: [192.168.47.132 -> localhost]

TASK [calico : delete calico network] ******************************************
skipping: [192.168.47.132]

TASK [calico : apply calico network] *******************************************
changed: [192.168.47.132 -> localhost]

TASK [calico : prepare some dirs] **********************************************
changed: [192.168.47.132] => (item=/etc/calico/ssl)
ok: [192.168.47.140] => (item=/etc/calico/ssl)

TASK [calico : distribute calico cert-related files] ***************************
changed: [192.168.47.140] => (item=ca.pem)
changed: [192.168.47.132] => (item=ca.pem)
changed: [192.168.47.140] => (item=calico.pem)
changed: [192.168.47.132] => (item=calico.pem)
changed: [192.168.47.140] => (item=calico-key.pem)
changed: [192.168.47.132] => (item=calico-key.pem)

TASK [calico : delete default cni configuration] *******************************
changed: [192.168.47.140]
changed: [192.168.47.132]

TASK [calico : download calicoctl client command] ******************************
ok: [192.168.47.140] => (item=calicoctl)
ok: [192.168.47.132] => (item=calicoctl)

TASK [calico : prepare calicoctl configuration file] ***************************
changed: [192.168.47.140]
changed: [192.168.47.132]

TASK [calico : wait for calico-node running in a polling manner] ***************
FAILED - RETRYING: [192.168.47.132 -> localhost]: wait for calico-node running in a polling manner (15 retries left).
changed: [192.168.47.140 -> localhost]
changed: [192.168.47.132 -> localhost]

TASK [calico : choose default rr nodes(master nodes by default)] ***************
skipping: [192.168.47.132]

TASK [calico : choose user-defined rr nodes] ***********************************
skipping: [192.168.47.132]

TASK [calico : show rr nodes] **************************************************
skipping: [192.168.47.132]

TASK [calico : configure routeReflectorClusterID] ******************************
skipping: [192.168.47.132]

TASK [calico : node label] *****************************************************
skipping: [192.168.47.132]

TASK [calico : configure calico bgp yaml file] *********************************
skipping: [192.168.47.132] => (item=bgp-default.yaml) 
skipping: [192.168.47.132] => (item=bgp-rr.yaml) 
skipping: [192.168.47.132]

TASK [calico : apply calico bgp configuration] *********************************
skipping: [192.168.47.132]

TASK [calico : check bgp connection] *******************************************
skipping: [192.168.47.132]
skipping: [192.168.47.140]

TASK [calico : debug] **********************************************************
skipping: [192.168.47.132]
skipping: [192.168.47.140]

TASK [cilium : revise kernel version with float type] **************************
skipping: [192.168.47.132]
skipping: [192.168.47.140]

TASK [cilium : check if kernel version > 4.9] **********************************
skipping: [192.168.47.132]
skipping: [192.168.47.140]

TASK [cilium : create cilium chart setting] ************************************
skipping: [192.168.47.132]

TASK [cilium : helm delete cilium v1.19.5] *************************************
skipping: [192.168.47.132]

TASK [cilium : helm create cilium v1.19.5] *************************************
skipping: [192.168.47.132]

TASK [cilium : download client tools] ******************************************
skipping: [192.168.47.132] => (item=cilium) 
skipping: [192.168.47.132] => (item=hubble) 
skipping: [192.168.47.132]
skipping: [192.168.47.140] => (item=cilium) 
skipping: [192.168.47.140] => (item=hubble) 
skipping: [192.168.47.140]

TASK [cilium : delete default cni configurations] ******************************
skipping: [192.168.47.132]
skipping: [192.168.47.140]

TASK [cilium : wait for cilium-node running in a polling manner] ***************
skipping: [192.168.47.132]
skipping: [192.168.47.140]

TASK [cilium : restart hubble-ui after CNI is up (avoids frontend probe failure during bootstrap)] ***
skipping: [192.168.47.132]

TASK [cilium : restart hubble-relay pod] ***************************************
skipping: [192.168.47.132]

TASK [flannel : configure flannel DaemonSet yaml file] *************************
skipping: [192.168.47.132]

TASK [flannel : delete flannel network before applying] ************************
skipping: [192.168.47.132]

TASK [flannel : apply flannel network] *****************************************
skipping: [192.168.47.132]

TASK [flannel : delete default cni configuration] ******************************
skipping: [192.168.47.132]
skipping: [192.168.47.140]

TASK [flannel : wait for flannel running in a polling manner] ******************
skipping: [192.168.47.132]
skipping: [192.168.47.140]

TASK [kube-router : prepare to configure kube-router DaemonSet] ****************
skipping: [192.168.47.132]

TASK [kube-router : delete kube-router DaemonSet] ******************************
skipping: [192.168.47.132]

TASK [kube-router : apply kube-router DaemonSet] *******************************
skipping: [192.168.47.132]

TASK [kube-router : delete default cni configurations] *************************
skipping: [192.168.47.132]
skipping: [192.168.47.140]

TASK [kube-router : wait for kube-router running in a polling manner] **********
skipping: [192.168.47.132]
skipping: [192.168.47.140]

TASK [kube-ovn : delete default cni configurations] ****************************
skipping: [192.168.47.132]
skipping: [192.168.47.140]

TASK [kube-ovn : prepare kube-ovn-related files] *******************************
skipping: [192.168.47.132] => (item=install.sh) 
skipping: [192.168.47.132] => (item=coredns.yaml) 
skipping: [192.168.47.132]

TASK [kube-ovn : prepare dnscache deployment file with ipvs] *******************
skipping: [192.168.47.132]

TASK [kube-ovn : prepare dnscache deployment file with iptables] ***************
skipping: [192.168.47.132]

TASK [kube-ovn : apply coredns, dnscache yaml] *********************************
skipping: [192.168.47.132]

TASK [kube-ovn : install kube-ovn network] *************************************
skipping: [192.168.47.132]

TASK [kube-ovn : wait for kube-ovn running in a polling manner] ****************
skipping: [192.168.47.132]
skipping: [192.168.47.140]

PLAY [kube_master,kube_node] ***************************************************

TASK [Gathering Facts] *********************************************************
ok: [192.168.47.132]
ok: [192.168.47.140]

TASK [wait for node Ready] *****************************************************
changed: [192.168.47.132 -> localhost]
changed: [192.168.47.140 -> localhost]

TASK [Setting worker role name] ************************************************
changed: [192.168.47.132 -> localhost]
changed: [192.168.47.140 -> localhost]

TASK [Setting master role name] ************************************************
changed: [192.168.47.132 -> localhost]
changed: [192.168.47.140 -> localhost]

TASK [Making master nodes SchedulingDisabled] **********************************
skipping: [192.168.47.132]
skipping: [192.168.47.140]

PLAY [localhost] ***************************************************************

TASK [Gathering Facts] *********************************************************
ok: [localhost]

TASK [cluster-addon : 获取所有已经创建的POD信息] *******************************
changed: [localhost]

TASK [cluster-addon : 准备 DNS的部署文件] **************************************
changed: [localhost]

TASK [cluster-addon : 删除coredns部署] *****************************************
skipping: [localhost]

TASK [cluster-addon : 创建coredns部署] *****************************************
changed: [localhost]

TASK [cluster-addon : 准备dnscache的部署文件] **********************************
changed: [localhost]

TASK [cluster-addon : 准备dnscache的部署文件] **********************************
skipping: [localhost]

TASK [cluster-addon : 删除dnscache部署] ****************************************
skipping: [localhost]

TASK [cluster-addon : 创建dnscache部署] ****************************************
changed: [localhost]

TASK [cluster-addon : 准备 metrics-server的部署文件] ***************************
changed: [localhost]

TASK [cluster-addon : 删除 metrics-server部署] *********************************
skipping: [localhost]

TASK [cluster-addon : 创建 metrics-server部署] *********************************
changed: [localhost]

TASK [cluster-addon : prepare some dirs] ***************************************
skipping: [localhost]

TASK [cluster-addon : 准备 dashboard的部署文件] ********************************
skipping: [localhost] => (item=dashboard-values.yaml) 
skipping: [localhost] => (item=admin-user-sa-rbac.yaml) 
skipping: [localhost] => (item=read-user-sa-rbac.yaml) 
skipping: [localhost]

TASK [cluster-addon : 创建 dashboard部署] **************************************
skipping: [localhost]

TASK [cluster-addon : 创建用户admin,read] **************************************
skipping: [localhost]

TASK [cluster-addon : 准备 local-storage 配置目录] *****************************
skipping: [localhost]

TASK [cluster-addon : 准备 local-storage部署文件] ******************************
skipping: [localhost] => (item=local-path-storage.yaml) 
skipping: [localhost] => (item=test-pod.yaml) 
skipping: [localhost]

TASK [cluster-addon : 创建 local-storage部署] **********************************
skipping: [localhost]

TASK [cluster-addon : 准备 nfs-provisioner 配置目录] ***************************
skipping: [localhost]

TASK [cluster-addon : 准备 nfs-provisioner部署文件] ****************************
skipping: [localhost] => (item=nfs-provisioner.yaml) 
skipping: [localhost] => (item=test-pod.yaml) 
skipping: [localhost]

TASK [cluster-addon : 创建 nfs-provisioner部署] ********************************
skipping: [localhost]

TASK [cluster-addon : 清理 snapshot-controller crd] ****************************
skipping: [localhost]

TASK [cluster-addon : prepare some dirs] ***************************************
skipping: [localhost]

TASK [cluster-addon : 创建命名空间openebs] *************************************
skipping: [localhost]

TASK [cluster-addon : 创建chart 个性化设置] ************************************
skipping: [localhost] => (item=values.yaml) 
skipping: [localhost] => (item=sc.yaml) 
skipping: [localhost]

TASK [cluster-addon : helm 部署 openebs operator] ******************************
skipping: [localhost]

TASK [cluster-addon : 轮询等待部署 openebs] ************************************
skipping: [localhost]

TASK [cluster-addon : 轮询等待lvm-localpv-controller 运行] *********************
skipping: [localhost]

TASK [cluster-addon : 创建lvm storageclass] ************************************
skipping: [localhost]

TASK [cluster-addon : 获取是否已创建命名空间monitor] ***************************
skipping: [localhost]

TASK [cluster-addon : 创建命名空间monitor] *************************************
skipping: [localhost]

TASK [cluster-addon : get etcd-client-cert info] *******************************
skipping: [localhost]

TASK [cluster-addon : 创建etcd-client 证书请求] ********************************
skipping: [localhost]

TASK [cluster-addon : 创建 etcd-client证书和私钥] ******************************
skipping: [localhost]

TASK [cluster-addon : 删除 etcd-client-cert] ***********************************
skipping: [localhost]

TASK [cluster-addon : 创建 etcd-client-cert] ***********************************
skipping: [localhost]

TASK [cluster-addon : debug] ***************************************************
skipping: [localhost]

TASK [cluster-addon : 创建 prom chart 个性化设置] ******************************
skipping: [localhost]

TASK [cluster-addon : helm 删除 kube-prometheus-stack 75.7.0] ******************
skipping: [localhost]

TASK [cluster-addon : helm 创建 kube-prometheus-stack 75.7.0] ******************
skipping: [localhost]

TASK [cluster-addon : prepare some dirs] ***************************************
skipping: [localhost]

TASK [cluster-addon : 创建命名空间minio] ***************************************
skipping: [localhost]

TASK [cluster-addon : get minio-global-cert info] ******************************
skipping: [localhost]

TASK [cluster-addon : 创建 minio-global-cert] **********************************
skipping: [localhost]

TASK [cluster-addon : 创建chart 个性化设置] ************************************
skipping: [localhost] => (item=operator-values.yaml) 
skipping: [localhost] => (item=tenant-values.yaml) 
skipping: [localhost]

TASK [cluster-addon : helm 部署 minio operator] ********************************
skipping: [localhost]

TASK [cluster-addon : 轮询等待部署 minio operator] *****************************
skipping: [localhost]

TASK [cluster-addon : helm 部署 minio tenant] **********************************
skipping: [localhost]

TASK [cluster-addon : 准备 nacos的部署文件] ************************************
skipping: [localhost]

TASK [cluster-addon : 创建命名空间nacos] ***************************************
skipping: [localhost]

TASK [cluster-addon : 创建 nacos部署] ******************************************
skipping: [localhost]

TASK [cluster-addon : 创建命名空间rocketmq] ************************************
skipping: [localhost]

TASK [cluster-addon : helm 部署 rocketmq operator] *****************************
skipping: [localhost]

TASK [cluster-addon : 轮询等待 rocketmq operator 运行] *************************
skipping: [localhost]

TASK [cluster-addon : 准备 rocketmq 部署文件] **********************************
skipping: [localhost]

TASK [cluster-addon : 部署 rocketmq cluster] ***********************************
skipping: [localhost]

TASK [cluster-addon : 准备 cilium-check 配置目录] ******************************
skipping: [localhost]

TASK [cluster-addon : 准备部署文件] ********************************************
skipping: [localhost] => (item=connectivity-check.yaml) 
skipping: [localhost] => (item=check-part1.yaml) 
skipping: [localhost] => (item=namespace.yaml) 
skipping: [localhost]

TASK [cluster-addon : 创建测试namespace] ***************************************
skipping: [localhost]

TASK [cluster-addon : 创建测试part1] *******************************************
skipping: [localhost]

TASK [cluster-addon : 轮询等待echo pod运行，视下载镜像速度而定] ****************
skipping: [localhost]

TASK [cluster-addon : 创建完整测试connectivity-check] **************************
skipping: [localhost]

TASK [cluster-addon : debug] ***************************************************
skipping: [localhost]

TASK [cluster-addon : 准备 network-check 配置目录] *****************************
skipping: [localhost]

TASK [cluster-addon : 准备部署文件] ********************************************
skipping: [localhost] => (item=network-check.yaml) 
skipping: [localhost] => (item=namespace.yaml) 
skipping: [localhost]

TASK [cluster-addon : 创建测试namespace] ***************************************
skipping: [localhost]

TASK [cluster-addon : 创建完整测试network-check] *******************************
skipping: [localhost]

TASK [cluster-addon : debug] ***************************************************
skipping: [localhost]

TASK [cluster-addon : prepare some dirs] ***************************************
skipping: [localhost]

TASK [cluster-addon : 创建命名空间ingress-nginx] *******************************
skipping: [localhost]

TASK [cluster-addon : label nodes for ingress-nginx controller] ****************
skipping: [localhost]

TASK [cluster-addon : 创建chart 个性化设置] ************************************
skipping: [localhost] => (item=values.yaml) 
skipping: [localhost]

TASK [cluster-addon : helm 部署 ingress-nginx] *********************************
skipping: [localhost]

TASK [cluster-addon : 轮询等待部署 ingress-nginx] ******************************
skipping: [localhost]

TASK [cluster-addon : 提示 WARNNING] *******************************************
skipping: [localhost]

PLAY RECAP *********************************************************************
192.168.47.131             : ok=14   changed=8    unreachable=0    failed=0    skipped=68   rescued=0    ignored=0   
192.168.47.132             : ok=136  changed=97   unreachable=0    failed=0    skipped=134  rescued=0    ignored=0   
192.168.47.140             : ok=98   changed=59   unreachable=0    failed=0    skipped=136  rescued=0    ignored=0   
192.168.47.142             : ok=1    changed=0    unreachable=0    failed=0    skipped=10   rescued=0    ignored=0   
localhost                  : ok=39   changed=35   unreachable=0    failed=0    skipped=79   rescued=0    ignored=0   
[2026-07-16 17:05:10] [INFO] [service.cluster.manager] Cluster setup completed (playbook 90.setup.yml).
>>> kubecli setup test-ha 10
[2026-07-16 17:05:11] [INFO] [service.cluster.manager] Ansible Python policy (ansible-core 2.17): control node Python >=3.10, target module runtime Python >=3.9
[2026-07-16 17:05:11] [INFO] [service.cluster.manager] Setting up cluster with playbook 10.ex-lb.yml.
[2026-07-16 17:05:11] [INFO] [service.cluster.manager] Component versions (kubernetes / etcd / network):
[2026-07-16 17:05:11] [INFO] [service.cluster.manager]   kubernetes: v1.33.6, etcd: v3.6.4, calico: v3.28.4

PLAY [ex_lb] *******************************************************************

TASK [Gathering Facts] *********************************************************
ok: [192.168.47.131]
ok: [192.168.47.142]

TASK [ex-lb : register variable LB_IF_TMP] *************************************
changed: [192.168.47.142]
changed: [192.168.47.131]

TASK [ex-lb : set variable LB_IF] **********************************************
ok: [192.168.47.142]
ok: [192.168.47.131]

TASK [ex-lb : prepare some dirs] ***********************************************
changed: [192.168.47.142] => (item=/etc/l4lb/sbin)
changed: [192.168.47.131] => (item=/etc/l4lb/sbin)
changed: [192.168.47.142] => (item=/etc/l4lb/logs)
changed: [192.168.47.142] => (item=/etc/l4lb/conf)
changed: [192.168.47.131] => (item=/etc/l4lb/logs)
changed: [192.168.47.142] => (item=/etc/keepalived)
changed: [192.168.47.131] => (item=/etc/l4lb/conf)
changed: [192.168.47.131] => (item=/etc/keepalived)

TASK [ex-lb : download binary l4lb(nginx)] *************************************
changed: [192.168.47.142]
changed: [192.168.47.131]

TASK [ex-lb : create l4lb configuration file] **********************************
changed: [192.168.47.142]
changed: [192.168.47.131]

TASK [ex-lb : create l4lb systemd unit file] ***********************************
changed: [192.168.47.142]
changed: [192.168.47.131]

TASK [ex-lb : enable l4lb service on startup] **********************************
changed: [192.168.47.142]
changed: [192.168.47.131]

TASK [ex-lb : start l4lb service] **********************************************
changed: [192.168.47.142]
changed: [192.168.47.131]

TASK [ex-lb : wait for l4lb sevice running in a polling manner] ****************
changed: [192.168.47.142]
changed: [192.168.47.131]

TASK [ex-lb : download binary keepalived] **************************************
changed: [192.168.47.142]
changed: [192.168.47.131]

TASK [ex-lb : configure keepalived master node] ********************************
skipping: [192.168.47.131]
changed: [192.168.47.142]

TASK [ex-lb : configure keepalived backup node] ********************************
skipping: [192.168.47.142]
changed: [192.168.47.131]

TASK [ex-lb : create keepalived systemd unit file] *****************************
changed: [192.168.47.142]
changed: [192.168.47.131]

TASK [ex-lb : enable keepalived service on startup] ****************************
changed: [192.168.47.142]
changed: [192.168.47.131]

TASK [ex-lb : start keepalived service] ****************************************
changed: [192.168.47.131]
changed: [192.168.47.142]

TASK [ex-lb : wait for keepalived service running in a polling manner] *********
changed: [192.168.47.142]
changed: [192.168.47.131]

TASK [ex-lb : check if kube-apiserver under the ex-lb is alive] ****************
ok: [192.168.47.142 -> localhost]

PLAY RECAP *********************************************************************
192.168.47.131             : ok=16   changed=14   unreachable=0    failed=0    skipped=1    rescued=0    ignored=0   
192.168.47.142             : ok=17   changed=14   unreachable=0    failed=0    skipped=1    rescued=0    ignored=0   
[2026-07-16 17:05:35] [INFO] [service.cluster.manager] Cluster setup completed (playbook 10.ex-lb.yml).
>>> kubecli destroy aio
[2026-07-16 17:10:37] [ERROR] [controller.cluster.cli] Cluster aio not found
[FAIL] kubecli destroy aio
