========== R0 unit + image contract ==========
>>> bash /usr/local/kubeauto/tests/run_unit_tests.sh
test_parse_ansible_core_version (test_ansible_python.TestAnsibleCoreParsing) ... ok
test_parse_ansible_core_version_missing (test_ansible_python.TestAnsibleCoreParsing) ... ok
test_policy_fails_fast_when_detection_breaks (test_ansible_python.TestAnsiblePythonPolicy) ... ok
test_policy_resolves_from_ansible_version (test_ansible_python.TestAnsiblePythonPolicy) ... ok
test_probe_reports_missing_ansible_in_path (test_ansible_python.TestAnsiblePythonPolicy) ... ok
test_python_meets_spec (test_ansible_python.TestInterpreterValidation) ... ok
test_validate_local_interpreter (test_ansible_python.TestInterpreterValidation) ... ok
test_validate_remote_interpreter_version (test_ansible_python.TestInterpreterValidation) ... ok
test_matrix_2_16_target_runtime_min (test_ansible_python.TestSupportMatrix) ... ok
test_matrix_2_17_target_runtime_min (test_ansible_python.TestSupportMatrix) ... ok
test_all_component_images_are_brinnatt (test_brinnatt_image_contract.TestBrinnattImageContract) ... ok
test_default_images_are_brinnatt (test_brinnatt_image_contract.TestBrinnattImageContract) ... ok
test_cluster_after_flags (test_cli_completion.TestCliCompletion) ... ok
test_cluster_positional_still_works (test_cli_completion.TestCliCompletion) ... ok
test_completion_shells (test_cli_completion.TestCliCompletion) ... ok
test_docker_flags (test_cli_completion.TestCliCompletion) ... ok
test_download_long_flags_on_double_dash (test_cli_completion.TestCliCompletion) ... ok
test_download_prefix_filters_long (test_cli_completion.TestCliCompletion) ... ok
test_download_short_flags_on_dash (test_cli_completion.TestCliCompletion) ... ok
test_flag_prefix_does_not_steal_cluster_when_not_dash (test_cli_completion.TestCliCompletion) ... ok
test_kcfg_adm_mutex_hides_siblings (test_cli_completion.TestCliCompletion) ... ok
test_kcfg_adm_type_choices (test_cli_completion.TestCliCompletion) ... ok
test_kcfg_adm_type_equals_form (test_cli_completion.TestCliCompletion) ... ok
test_setup_steps_still_work (test_cli_completion.TestCliCompletion) ... ok
test_system_long_only_options (test_cli_completion.TestCliCompletion) ... ok
test_top_level_subcommands (test_cli_completion.TestCliCompletion) ... ok
test_used_flag_not_suggested_again (test_cli_completion.TestCliCompletion) ... ok
test_wait_for_daemon_ready_retries_until_sdk_ok (test_docker_daemon.TestDockerDaemonReady) ... ok
test_wait_for_daemon_ready_succeeds_on_first_ping (test_docker_daemon.TestDockerDaemonReady) ... ok
test_wait_for_daemon_ready_times_out (test_docker_daemon.TestDockerDaemonReady) ... [2026-07-16 21:41:20] [WARNING] [service.cluster.docker] Docker daemon not ready after 0.2s (docker info / SDK ping).
ok
test_execute_pull_sdk_fallback_uses_warning (test_docker_daemon.TestPullImage) ... ok
test_pull_image_logs_error_on_failure (test_docker_daemon.TestPullImage) ... ok
test_sdk_fallback_message_is_not_init_failure (test_docker_daemon.TestPullImage) ... ok
test_all_sources_fail_logs_error (test_registry_pull_sources.TestRegistryPullSources) ... ok
test_brinnatt_candidates_talkedu_first (test_registry_pull_sources.TestRegistryPullSources) ... ok
test_intermediate_failure_warning_final_error (test_registry_pull_sources.TestRegistryPullSources) ... ok
test_upstream_fallback_after_talkedu_and_hub (test_registry_pull_sources.TestRegistryPullSources)
Migrated images: talkedu → brinnatt hub → upstream origin. ... ok
test_composed_image_matches_download_list (test_role_image_mapping.TestCiliumOperatorImageComposition) ... ok
test_repository_excludes_generic_suffix (test_role_image_mapping.TestCiliumOperatorImageComposition) ... ok
test_dockerfile_from_lines (test_role_image_mapping.TestDockerfileFromMatchesComponentImages) ... ok
test_no_legacy_registry_paths (test_role_image_mapping.TestRoleDeployPathsAreBrinnatt) ... ok
test_openebs_pins_provisioner_tag (test_role_image_mapping.TestRoleDeployPathsAreBrinnatt) ... ok
test_capture_alias_is_supported (test_run_command.TestRunCommand)
Regression: capture=True must not leak to subprocess.run as invalid kwarg. ... ok
test_capture_output_default_captures_stdout (test_run_command.TestRunCommand) ... ok
test_capture_output_explicit (test_run_command.TestRunCommand) ... ok
test_default_tag_latest (test_talkedu_mirror.TestTalkeduMirror) ... ok
test_ignores_non_brinnatt (test_talkedu_mirror.TestTalkeduMirror) ... ok
test_maps_brinnatt_to_talkedu (test_talkedu_mirror.TestTalkeduMirror) ... ok
test_maps_migrated_defaults (test_talkedu_mirror.TestTalkeduMirror) ... ok
test_pull_order_talkedu_before_dockerhub (test_talkedu_mirror.TestTalkeduMirror)
CN production: hub.talkedu.cn first, Docker Hub brinnatt/* as fallback. ... ok

----------------------------------------------------------------------
Ran 50 tests in 0.344s

OK
[PASS] R0
========== R1 bootstrap full + download addons ==========
[skip] brinnatt/calico-cni:v3.28.4
[skip] brinnatt/calico-node:v3.28.4
[skip] brinnatt/calico-kube-controllers:v3.28.4
[skip] brinnatt/coredns:1.12.4
[skip] brinnatt/registry:2
[skip] brinnatt/pause:3.10
[skip] brinnatt/metrics-server:v0.8.0
[skip] brinnatt/k8s-dns-node-cache:1.26.4
[skip] brinnatt/cilium:v1.19.5
[skip] brinnatt/cilium-operator-generic:v1.19.5
[skip] brinnatt/flannel:v0.28.4
[skip] brinnatt/flannel-cni-plugin:v1.8.0-flannel1
[skip] brinnatt/kube-router:v1.5.4
[skip] brinnatt/kube-ovn:v1.11.5
BOOTSTRAP_BRINATT_OK mode=essential fails=0
[skip] brinnatt/dashboard-api:1.14.0
[skip] brinnatt/dashboard-auth:1.4.0
[skip] brinnatt/dashboard-web:1.7.0
[skip] brinnatt/dashboard-metrics-scraper:1.2.2
[skip] brinnatt/kong:3.9
[skip] brinnatt/grafana:12.0.2
[skip] brinnatt/k8s-sidecar:1.30.5
[skip] brinnatt/prometheus:v3.4.2
[skip] brinnatt/alertmanager:v0.28.1
[skip] brinnatt/node-exporter:v1.9.1
[skip] brinnatt/prometheus-operator:v0.83.0
[skip] brinnatt/prometheus-config-reloader:v0.83.0
[skip] brinnatt/kube-state-metrics:v2.16.0
[skip] brinnatt/kube-webhook-certgen:v1.6.0
[skip] brinnatt/local-path-provisioner:v0.0.31
[skip] brinnatt/provisioner-localpv:4.3.0
[skip] brinnatt/linux-utils:4.2.0
[skip] brinnatt/openebs-kubectl:1.33.6
[skip] brinnatt/minio-operator:v7.1.1
[skip] brinnatt/minio-operator-sidecar:v7.0.1
[skip] brinnatt/minio:RELEASE.2025-04-08T15-41-24Z
[2026-07-16 21:41:21] [INFO] [service.cluster.downloader] [DOWNLOAD] Cilium chart already present: /usr/local/kubeauto/roles/cilium/files/cilium-1.19.5.tgz
[2026-07-16 21:41:21] [INFO] [service.cluster.downloader] [DOWNLOAD] Cilium chart already present: /opt/kubeauto/roles/cilium/files/cilium-1.19.5.tgz
[2026-07-16 21:41:21] [INFO] [service.cluster.downloader] [DOWNLOAD] Component cilium: uploading 2 image(s) to local registry.
[2026-07-16 21:41:21] [WARNING] [service.cluster.registry] [REGISTRY] Local registry already running; skipping.
[2026-07-16 21:41:21] [INFO] [service.cluster.registry] [REGISTRY] Uploading 2 image(s) to local registry.
[2026-07-16 21:41:21] [INFO] [service.cluster.registry] [REGISTRY] [1/2] Image: brinnatt/cilium:v1.19.5
[2026-07-16 21:41:21] [INFO] [service.cluster.registry] [REGISTRY]   -> Image exists locally; skipping pull.
[2026-07-16 21:41:21] [INFO] [service.cluster.registry] [REGISTRY]   -> Tagging and pushing to local registry.
[2026-07-16 21:41:21] [INFO] [service.cluster.docker] [UPLOAD] Pushing image: registry.talkschool.cn:5000/brinnatt/cilium:v1.19.5
The push refers to repository [registry.talkschool.cn:5000/brinnatt/cilium]
b3ee32f37bb9: Layer already exists
cbaa7878f179: Layer already exists
9d79503a1aca: Layer already exists
d2874f470a40: Layer already exists
eb745753a388: Layer already exists
128f996d64d9: Layer already exists
v1.19.5: digest: sha256:0ed11ca6c0d02417588e14cd716571d7c4836d0bf93f5f49572cc03e3a64f938 size: 1491
[2026-07-16 21:41:21] [INFO] [service.cluster.docker] [UPLOAD] Pushed successfully: registry.talkschool.cn:5000/brinnatt/cilium:v1.19.5
[2026-07-16 21:41:21] [INFO] [service.cluster.registry] [REGISTRY]   -> Done: brinnatt/cilium:v1.19.5.
[2026-07-16 21:41:21] [INFO] [service.cluster.registry] [REGISTRY] [2/2] Image: brinnatt/cilium-operator-generic:v1.19.5
[2026-07-16 21:41:21] [INFO] [service.cluster.registry] [REGISTRY]   -> Image exists locally; skipping pull.
[2026-07-16 21:41:21] [INFO] [service.cluster.registry] [REGISTRY]   -> Tagging and pushing to local registry.
[2026-07-16 21:41:21] [INFO] [service.cluster.docker] [UPLOAD] Pushing image: registry.talkschool.cn:5000/brinnatt/cilium-operator-generic:v1.19.5
The push refers to repository [registry.talkschool.cn:5000/brinnatt/cilium-operator-generic]
13d6a44ac649: Layer already exists
b2742345cc8c: Layer already exists
1458643bb809: Layer already exists
8d1e56505821: Layer already exists
aa79f4dd9ad4: Layer already exists
v1.19.5: digest: sha256:68a56c4965677a77c143e83953aad7963b489d4333851c0da4c95a3edcadfd05 size: 1289
[2026-07-16 21:41:21] [INFO] [service.cluster.docker] [UPLOAD] Pushed successfully: registry.talkschool.cn:5000/brinnatt/cilium-operator-generic:v1.19.5
[2026-07-16 21:41:21] [INFO] [service.cluster.registry] [REGISTRY]   -> Done: brinnatt/cilium-operator-generic:v1.19.5.
[2026-07-16 21:41:21] [INFO] [service.cluster.registry] [REGISTRY] All 2 image(s) uploaded to local registry.
[2026-07-16 21:41:21] [INFO] [service.cluster.downloader] [DOWNLOAD] Component cilium: 2 image(s) uploaded.
[2026-07-16 21:41:22] [INFO] [service.cluster.downloader] [DOWNLOAD] Component dashboard: uploading 5 image(s) to local registry.
[2026-07-16 21:41:22] [WARNING] [service.cluster.registry] [REGISTRY] Local registry already running; skipping.
[2026-07-16 21:41:22] [INFO] [service.cluster.registry] [REGISTRY] Uploading 5 image(s) to local registry.
[2026-07-16 21:41:22] [INFO] [service.cluster.registry] [REGISTRY] [1/5] Image: brinnatt/dashboard-api:1.14.0
[2026-07-16 21:41:22] [INFO] [service.cluster.registry] [REGISTRY]   -> Image exists locally; skipping pull.
[2026-07-16 21:41:22] [INFO] [service.cluster.registry] [REGISTRY]   -> Tagging and pushing to local registry.
[2026-07-16 21:41:22] [INFO] [service.cluster.docker] [UPLOAD] Pushing image: registry.talkschool.cn:5000/brinnatt/dashboard-api:1.14.0
The push refers to repository [registry.talkschool.cn:5000/brinnatt/dashboard-api]
979ee4442ee9: Layer already exists
161fcab1b4fb: Layer already exists
a89bd4258ff3: Layer already exists
1.14.0: digest: sha256:2bd14c0ffee99d15fb1595644ebd1083ac32c5157c6e6fd8615b0f556a1390c2 size: 858
[2026-07-16 21:41:22] [INFO] [service.cluster.docker] [UPLOAD] Pushed successfully: registry.talkschool.cn:5000/brinnatt/dashboard-api:1.14.0
[2026-07-16 21:41:22] [INFO] [service.cluster.registry] [REGISTRY]   -> Done: brinnatt/dashboard-api:1.14.0.
[2026-07-16 21:41:22] [INFO] [service.cluster.registry] [REGISTRY] [2/5] Image: brinnatt/dashboard-auth:1.4.0
[2026-07-16 21:41:22] [INFO] [service.cluster.registry] [REGISTRY]   -> Image exists locally; skipping pull.
[2026-07-16 21:41:22] [INFO] [service.cluster.registry] [REGISTRY]   -> Tagging and pushing to local registry.
[2026-07-16 21:41:22] [INFO] [service.cluster.docker] [UPLOAD] Pushing image: registry.talkschool.cn:5000/brinnatt/dashboard-auth:1.4.0
The push refers to repository [registry.talkschool.cn:5000/brinnatt/dashboard-auth]
da088272a22a: Layer already exists
995e220fe40c: Layer already exists
93faaffa8560: Layer already exists
1.4.0: digest: sha256:484c65877a3aa9e7095745576e55310f09f135b2fe5d9694289352fe65986052 size: 858
[2026-07-16 21:41:22] [INFO] [service.cluster.docker] [UPLOAD] Pushed successfully: registry.talkschool.cn:5000/brinnatt/dashboard-auth:1.4.0
[2026-07-16 21:41:22] [INFO] [service.cluster.registry] [REGISTRY]   -> Done: brinnatt/dashboard-auth:1.4.0.
[2026-07-16 21:41:22] [INFO] [service.cluster.registry] [REGISTRY] [3/5] Image: brinnatt/dashboard-metrics-scraper:1.2.2
[2026-07-16 21:41:22] [INFO] [service.cluster.registry] [REGISTRY]   -> Image exists locally; skipping pull.
[2026-07-16 21:41:22] [INFO] [service.cluster.registry] [REGISTRY]   -> Tagging and pushing to local registry.
[2026-07-16 21:41:22] [INFO] [service.cluster.docker] [UPLOAD] Pushing image: registry.talkschool.cn:5000/brinnatt/dashboard-metrics-scraper:1.2.2
The push refers to repository [registry.talkschool.cn:5000/brinnatt/dashboard-metrics-scraper]
4bfb1c5f5213: Layer already exists
c9b27bd2c132: Layer already exists
d3a59e3d645e: Layer already exists
1.2.2: digest: sha256:0cdefa0492f2868b93f43880ffad4bd8ae8105c02dc5661352a0a40723b05dbc size: 858
[2026-07-16 21:41:22] [INFO] [service.cluster.docker] [UPLOAD] Pushed successfully: registry.talkschool.cn:5000/brinnatt/dashboard-metrics-scraper:1.2.2
[2026-07-16 21:41:22] [INFO] [service.cluster.registry] [REGISTRY]   -> Done: brinnatt/dashboard-metrics-scraper:1.2.2.
[2026-07-16 21:41:22] [INFO] [service.cluster.registry] [REGISTRY] [4/5] Image: brinnatt/dashboard-web:1.7.0
[2026-07-16 21:41:22] [INFO] [service.cluster.registry] [REGISTRY]   -> Image exists locally; skipping pull.
[2026-07-16 21:41:22] [INFO] [service.cluster.registry] [REGISTRY]   -> Tagging and pushing to local registry.
[2026-07-16 21:41:22] [INFO] [service.cluster.docker] [UPLOAD] Pushing image: registry.talkschool.cn:5000/brinnatt/dashboard-web:1.7.0
The push refers to repository [registry.talkschool.cn:5000/brinnatt/dashboard-web]
ac9d6367ac55: Layer already exists
9cf341babd6d: Layer already exists
0df42705e6db: Layer already exists
59e0aefd9ab2: Layer already exists
fcf244073548: Layer already exists
7d92209f6482: Layer already exists
1.7.0: digest: sha256:5924e55a2eb65774b68e35fd0d0b41a3ef5dc6ef3e02dce6e340cf59b6d67d30 size: 1426
[2026-07-16 21:41:22] [INFO] [service.cluster.docker] [UPLOAD] Pushed successfully: registry.talkschool.cn:5000/brinnatt/dashboard-web:1.7.0
[2026-07-16 21:41:22] [INFO] [service.cluster.registry] [REGISTRY]   -> Done: brinnatt/dashboard-web:1.7.0.
[2026-07-16 21:41:22] [INFO] [service.cluster.registry] [REGISTRY] [5/5] Image: brinnatt/kong:3.9
[2026-07-16 21:41:22] [INFO] [service.cluster.registry] [REGISTRY]   -> Image exists locally; skipping pull.
[2026-07-16 21:41:22] [INFO] [service.cluster.registry] [REGISTRY]   -> Tagging and pushing to local registry.
[2026-07-16 21:41:22] [INFO] [service.cluster.docker] [UPLOAD] Pushing image: registry.talkschool.cn:5000/brinnatt/kong:3.9
The push refers to repository [registry.talkschool.cn:5000/brinnatt/kong]
20b9f3c8656b: Layer already exists
ca2678b20700: Layer already exists
7dde147da0d9: Layer already exists
39a35fd25d80: Layer already exists
3.9: digest: sha256:9cb202032ceec57f7f170e9bcc4e60f9231ea815492451ea60008e684c3d01b1 size: 1713
[2026-07-16 21:41:22] [INFO] [service.cluster.docker] [UPLOAD] Pushed successfully: registry.talkschool.cn:5000/brinnatt/kong:3.9
[2026-07-16 21:41:22] [INFO] [service.cluster.registry] [REGISTRY]   -> Done: brinnatt/kong:3.9.
[2026-07-16 21:41:22] [INFO] [service.cluster.registry] [REGISTRY] All 5 image(s) uploaded to local registry.
[2026-07-16 21:41:22] [INFO] [service.cluster.downloader] [DOWNLOAD] Component dashboard: 5 image(s) uploaded.
[2026-07-16 21:41:23] [INFO] [service.cluster.downloader] [DOWNLOAD] Component prometheus: uploading 9 image(s) to local registry.
[2026-07-16 21:41:23] [WARNING] [service.cluster.registry] [REGISTRY] Local registry already running; skipping.
[2026-07-16 21:41:23] [INFO] [service.cluster.registry] [REGISTRY] Uploading 9 image(s) to local registry.
[2026-07-16 21:41:23] [INFO] [service.cluster.registry] [REGISTRY] [1/9] Image: brinnatt/kube-state-metrics:v2.16.0
[2026-07-16 21:41:23] [INFO] [service.cluster.registry] [REGISTRY]   -> Image exists locally; skipping pull.
[2026-07-16 21:41:23] [INFO] [service.cluster.registry] [REGISTRY]   -> Tagging and pushing to local registry.
[2026-07-16 21:41:23] [INFO] [service.cluster.docker] [UPLOAD] Pushing image: registry.talkschool.cn:5000/brinnatt/kube-state-metrics:v2.16.0
The push refers to repository [registry.talkschool.cn:5000/brinnatt/kube-state-metrics]
4a9e6ef411a5: Layer already exists
da7816fa955e: Layer already exists
4aa0ea1413d3: Layer already exists
4eff9a62d888: Layer already exists
5664b15f108b: Layer already exists
ddf74a63f7d8: Layer already exists
7c12895b777b: Layer already exists
0bab15eea81d: Layer already exists
bfb59b82a9b6: Layer already exists
35d697fe2738: Layer already exists
a62778643d56: Layer already exists
3214acf345c0: Layer already exists
v2.16.0: digest: sha256:41c177e5e196375b7ded5f70de2dcbd8bab631577cfa887fda4f06ec7fc616c5 size: 2559
[2026-07-16 21:41:23] [INFO] [service.cluster.docker] [UPLOAD] Pushed successfully: registry.talkschool.cn:5000/brinnatt/kube-state-metrics:v2.16.0
[2026-07-16 21:41:23] [INFO] [service.cluster.registry] [REGISTRY]   -> Done: brinnatt/kube-state-metrics:v2.16.0.
[2026-07-16 21:41:23] [INFO] [service.cluster.registry] [REGISTRY] [2/9] Image: brinnatt/kube-webhook-certgen:v1.6.0
[2026-07-16 21:41:23] [INFO] [service.cluster.registry] [REGISTRY]   -> Image exists locally; skipping pull.
[2026-07-16 21:41:23] [INFO] [service.cluster.registry] [REGISTRY]   -> Tagging and pushing to local registry.
[2026-07-16 21:41:23] [INFO] [service.cluster.docker] [UPLOAD] Pushing image: registry.talkschool.cn:5000/brinnatt/kube-webhook-certgen:v1.6.0
The push refers to repository [registry.talkschool.cn:5000/brinnatt/kube-webhook-certgen]
26abf4975087: Layer already exists
bfb59b82a9b6: Layer already exists
3214acf345c0: Layer already exists
5664b15f108b: Layer already exists
0bab15eea81d: Layer already exists
da7816fa955e: Layer already exists
35d697fe2738: Layer already exists
4eff9a62d888: Layer already exists
a62778643d56: Layer already exists
7c12895b777b: Layer already exists
4aa0ea1413d3: Layer already exists
ddf74a63f7d8: Layer already exists
v1.6.0: digest: sha256:34a1f73cb6b774bf88665f6b9f6ab5da58d989a4a6f92e890c82e0fb97183306 size: 2559
[2026-07-16 21:41:23] [INFO] [service.cluster.docker] [UPLOAD] Pushed successfully: registry.talkschool.cn:5000/brinnatt/kube-webhook-certgen:v1.6.0
[2026-07-16 21:41:23] [INFO] [service.cluster.registry] [REGISTRY]   -> Done: brinnatt/kube-webhook-certgen:v1.6.0.
[2026-07-16 21:41:23] [INFO] [service.cluster.registry] [REGISTRY] [3/9] Image: brinnatt/grafana:12.0.2
[2026-07-16 21:41:23] [INFO] [service.cluster.registry] [REGISTRY]   -> Image exists locally; skipping pull.
[2026-07-16 21:41:23] [INFO] [service.cluster.registry] [REGISTRY]   -> Tagging and pushing to local registry.
[2026-07-16 21:41:23] [INFO] [service.cluster.docker] [UPLOAD] Pushing image: registry.talkschool.cn:5000/brinnatt/grafana:12.0.2
The push refers to repository [registry.talkschool.cn:5000/brinnatt/grafana]
f18232174bc9: Layer already exists
807a2e881ecd: Layer already exists
4a4d0948b0bf: Layer already exists
9183b65e90ee: Layer already exists
7009d5001b77: Layer already exists
3f8d5c908dcc: Layer already exists
538deb30e80c: Layer already exists
30bb92ff0608: Layer already exists
85dde7dceb0a: Layer already exists
04f6155c873d: Layer already exists
12.0.2: digest: sha256:fe89b739a264c78f2111d68221a1d51db67135ec50885dc93b59a981a7a5d4d5 size: 2417
[2026-07-16 21:41:23] [INFO] [service.cluster.docker] [UPLOAD] Pushed successfully: registry.talkschool.cn:5000/brinnatt/grafana:12.0.2
[2026-07-16 21:41:23] [INFO] [service.cluster.registry] [REGISTRY]   -> Done: brinnatt/grafana:12.0.2.
[2026-07-16 21:41:23] [INFO] [service.cluster.registry] [REGISTRY] [4/9] Image: brinnatt/k8s-sidecar:1.30.5
[2026-07-16 21:41:23] [INFO] [service.cluster.registry] [REGISTRY]   -> Image exists locally; skipping pull.
[2026-07-16 21:41:23] [INFO] [service.cluster.registry] [REGISTRY]   -> Tagging and pushing to local registry.
[2026-07-16 21:41:23] [INFO] [service.cluster.docker] [UPLOAD] Pushing image: registry.talkschool.cn:5000/brinnatt/k8s-sidecar:1.30.5
The push refers to repository [registry.talkschool.cn:5000/brinnatt/k8s-sidecar]
84470aa48fb7: Layer already exists
f18232174bc9: Layer already exists
cc45a8055a8b: Layer already exists
bfc934c9fbaf: Layer already exists
b83c0d8b8ec1: Layer already exists
6886907de79c: Layer already exists
1.30.5: digest: sha256:b67b51f394c7ae336aa2fcd624e343dbea6e3f2073081e267d50c82d512c5762 size: 1432
[2026-07-16 21:41:23] [INFO] [service.cluster.docker] [UPLOAD] Pushed successfully: registry.talkschool.cn:5000/brinnatt/k8s-sidecar:1.30.5
[2026-07-16 21:41:23] [INFO] [service.cluster.registry] [REGISTRY]   -> Done: brinnatt/k8s-sidecar:1.30.5.
[2026-07-16 21:41:23] [INFO] [service.cluster.registry] [REGISTRY] [5/9] Image: brinnatt/prometheus-config-reloader:v0.83.0
[2026-07-16 21:41:23] [INFO] [service.cluster.registry] [REGISTRY]   -> Image exists locally; skipping pull.
[2026-07-16 21:41:23] [INFO] [service.cluster.registry] [REGISTRY]   -> Tagging and pushing to local registry.
[2026-07-16 21:41:24] [INFO] [service.cluster.docker] [UPLOAD] Pushing image: registry.talkschool.cn:5000/brinnatt/prometheus-config-reloader:v0.83.0
The push refers to repository [registry.talkschool.cn:5000/brinnatt/prometheus-config-reloader]
47b9a888258b: Layer already exists
9fa9226be034: Layer already exists
1617e25568b2: Layer already exists
v0.83.0: digest: sha256:76fa11618538bd3bb1ca58c80fea54aaea1af05bacef2a830df36138589f8243 size: 949
[2026-07-16 21:41:24] [INFO] [service.cluster.docker] [UPLOAD] Pushed successfully: registry.talkschool.cn:5000/brinnatt/prometheus-config-reloader:v0.83.0
[2026-07-16 21:41:24] [INFO] [service.cluster.registry] [REGISTRY]   -> Done: brinnatt/prometheus-config-reloader:v0.83.0.
[2026-07-16 21:41:24] [INFO] [service.cluster.registry] [REGISTRY] [6/9] Image: brinnatt/prometheus-operator:v0.83.0
[2026-07-16 21:41:24] [INFO] [service.cluster.registry] [REGISTRY]   -> Image exists locally; skipping pull.
[2026-07-16 21:41:24] [INFO] [service.cluster.registry] [REGISTRY]   -> Tagging and pushing to local registry.
[2026-07-16 21:41:24] [INFO] [service.cluster.docker] [UPLOAD] Pushing image: registry.talkschool.cn:5000/brinnatt/prometheus-operator:v0.83.0
The push refers to repository [registry.talkschool.cn:5000/brinnatt/prometheus-operator]
9fa9226be034: Layer already exists
1617e25568b2: Layer already exists
fa4e7c59a0d4: Layer already exists
v0.83.0: digest: sha256:45e3523bc3be67499af00b3a1528b1b94d8261c1a67c6d51473d6e4607a02a6c size: 949
[2026-07-16 21:41:24] [INFO] [service.cluster.docker] [UPLOAD] Pushed successfully: registry.talkschool.cn:5000/brinnatt/prometheus-operator:v0.83.0
[2026-07-16 21:41:24] [INFO] [service.cluster.registry] [REGISTRY]   -> Done: brinnatt/prometheus-operator:v0.83.0.
[2026-07-16 21:41:24] [INFO] [service.cluster.registry] [REGISTRY] [7/9] Image: brinnatt/alertmanager:v0.28.1
[2026-07-16 21:41:24] [INFO] [service.cluster.registry] [REGISTRY]   -> Image exists locally; skipping pull.
[2026-07-16 21:41:24] [INFO] [service.cluster.registry] [REGISTRY]   -> Tagging and pushing to local registry.
[2026-07-16 21:41:24] [INFO] [service.cluster.docker] [UPLOAD] Pushing image: registry.talkschool.cn:5000/brinnatt/alertmanager:v0.28.1
The push refers to repository [registry.talkschool.cn:5000/brinnatt/alertmanager]
5759234535c5: Layer already exists
4f4fb700ef54: Layer already exists
9fa9226be034: Layer already exists
1617e25568b2: Layer already exists
545c14a5a415: Layer already exists
6fcbfeb5877c: Layer already exists
a9c7f41169bf: Layer already exists
v0.28.1: digest: sha256:220da6995a919b9ee6e0d3da7ca5f09802f3088007af56be22160314d2485b54 size: 1781
[2026-07-16 21:41:24] [INFO] [service.cluster.docker] [UPLOAD] Pushed successfully: registry.talkschool.cn:5000/brinnatt/alertmanager:v0.28.1
[2026-07-16 21:41:24] [INFO] [service.cluster.registry] [REGISTRY]   -> Done: brinnatt/alertmanager:v0.28.1.
[2026-07-16 21:41:24] [INFO] [service.cluster.registry] [REGISTRY] [8/9] Image: brinnatt/node-exporter:v1.9.1
[2026-07-16 21:41:24] [INFO] [service.cluster.registry] [REGISTRY]   -> Image exists locally; skipping pull.
[2026-07-16 21:41:24] [INFO] [service.cluster.registry] [REGISTRY]   -> Tagging and pushing to local registry.
[2026-07-16 21:41:24] [INFO] [service.cluster.docker] [UPLOAD] Pushing image: registry.talkschool.cn:5000/brinnatt/node-exporter:v1.9.1
The push refers to repository [registry.talkschool.cn:5000/brinnatt/node-exporter]
c6e37428e3b3: Layer already exists
1617e25568b2: Layer already exists
9fa9226be034: Layer already exists
v1.9.1: digest: sha256:863b62ff9f392b6f472e22b4b670ad1cabb66b3042502ebd4b2cd192733e1bce size: 949
[2026-07-16 21:41:24] [INFO] [service.cluster.docker] [UPLOAD] Pushed successfully: registry.talkschool.cn:5000/brinnatt/node-exporter:v1.9.1
[2026-07-16 21:41:24] [INFO] [service.cluster.registry] [REGISTRY]   -> Done: brinnatt/node-exporter:v1.9.1.
[2026-07-16 21:41:24] [INFO] [service.cluster.registry] [REGISTRY] [9/9] Image: brinnatt/prometheus:v3.4.2
[2026-07-16 21:41:24] [INFO] [service.cluster.registry] [REGISTRY]   -> Image exists locally; skipping pull.
[2026-07-16 21:41:24] [INFO] [service.cluster.registry] [REGISTRY]   -> Tagging and pushing to local registry.
[2026-07-16 21:41:24] [INFO] [service.cluster.docker] [UPLOAD] Pushing image: registry.talkschool.cn:5000/brinnatt/prometheus:v3.4.2
The push refers to repository [registry.talkschool.cn:5000/brinnatt/prometheus]
4d90f494fa79: Layer already exists
1617e25568b2: Layer already exists
d809dcb8449d: Layer already exists
ab5dc859c1b7: Layer already exists
7bde2424dadc: Layer already exists
9fa9226be034: Layer already exists
0185f950e16a: Layer already exists
158b50c376bf: Layer already exists
d8261d2395d6: Layer already exists
f1456f6dac0f: Layer already exists
v3.4.2: digest: sha256:2c937b95147c9aaf349447df2ba88066977461815e2c6c91e4011d05871ca2ac size: 2407
[2026-07-16 21:41:24] [INFO] [service.cluster.docker] [UPLOAD] Pushed successfully: registry.talkschool.cn:5000/brinnatt/prometheus:v3.4.2
[2026-07-16 21:41:24] [INFO] [service.cluster.registry] [REGISTRY]   -> Done: brinnatt/prometheus:v3.4.2.
[2026-07-16 21:41:24] [INFO] [service.cluster.registry] [REGISTRY] All 9 image(s) uploaded to local registry.
[2026-07-16 21:41:24] [INFO] [service.cluster.downloader] [DOWNLOAD] Component prometheus: 9 image(s) uploaded.
[2026-07-16 21:41:24] [INFO] [service.cluster.downloader] [DOWNLOAD] Component local-path-provisioner: uploading 1 image(s) to local registry.
[2026-07-16 21:41:24] [WARNING] [service.cluster.registry] [REGISTRY] Local registry already running; skipping.
[2026-07-16 21:41:24] [INFO] [service.cluster.registry] [REGISTRY] Uploading 1 image(s) to local registry.
[2026-07-16 21:41:24] [INFO] [service.cluster.registry] [REGISTRY] [1/1] Image: brinnatt/local-path-provisioner:v0.0.31
[2026-07-16 21:41:24] [INFO] [service.cluster.registry] [REGISTRY]   -> Image exists locally; skipping pull.
[2026-07-16 21:41:24] [INFO] [service.cluster.registry] [REGISTRY]   -> Tagging and pushing to local registry.
[2026-07-16 21:41:25] [INFO] [service.cluster.docker] [UPLOAD] Pushing image: registry.talkschool.cn:5000/brinnatt/local-path-provisioner:v0.0.31
The push refers to repository [registry.talkschool.cn:5000/brinnatt/local-path-provisioner]
7224f93b8122: Layer already exists
4f4fb700ef54: Layer already exists
650aaab400b8: Layer already exists
7b714dc9e881: Layer already exists
1f3e46996e29: Layer already exists
v0.0.31: digest: sha256:5fb0394abf87407a27cc56db94334eb0c92d0b5de2636683a7ec51f38143dfc9 size: 1244
[2026-07-16 21:41:25] [INFO] [service.cluster.docker] [UPLOAD] Pushed successfully: registry.talkschool.cn:5000/brinnatt/local-path-provisioner:v0.0.31
[2026-07-16 21:41:25] [INFO] [service.cluster.registry] [REGISTRY]   -> Done: brinnatt/local-path-provisioner:v0.0.31.
[2026-07-16 21:41:25] [INFO] [service.cluster.registry] [REGISTRY] All 1 image(s) uploaded to local registry.
[2026-07-16 21:41:25] [INFO] [service.cluster.downloader] [DOWNLOAD] Component local-path-provisioner: 1 image(s) uploaded.
[2026-07-16 21:41:25] [INFO] [service.cluster.downloader] [DOWNLOAD] Component openebs: uploading 9 image(s) to local registry.
[2026-07-16 21:41:25] [WARNING] [service.cluster.registry] [REGISTRY] Local registry already running; skipping.
[2026-07-16 21:41:25] [INFO] [service.cluster.registry] [REGISTRY] Uploading 9 image(s) to local registry.
[2026-07-16 21:41:25] [INFO] [service.cluster.registry] [REGISTRY] [1/9] Image: brinnatt/openebs-kubectl:1.33.6
[2026-07-16 21:41:25] [INFO] [service.cluster.registry] [REGISTRY]   -> Image exists locally; skipping pull.
[2026-07-16 21:41:25] [INFO] [service.cluster.registry] [REGISTRY]   -> Tagging and pushing to local registry.
[2026-07-16 21:41:25] [INFO] [service.cluster.docker] [UPLOAD] Pushing image: registry.talkschool.cn:5000/brinnatt/openebs-kubectl:1.33.6
The push refers to repository [registry.talkschool.cn:5000/brinnatt/openebs-kubectl]
fa07dc0a18eb: Already exists
4f4fb700ef54: Layer already exists
8066551ee209: Layer already exists
2e21018b343a: Layer already exists
f18232174bc9: Layer already exists
1.33.6: digest: sha256:c328a7e58814d836456a388b373541af5ca6714ef4a03eac942746dec59d00ed size: 856
[2026-07-16 21:41:25] [INFO] [service.cluster.docker] [UPLOAD] Pushed successfully: registry.talkschool.cn:5000/brinnatt/openebs-kubectl:1.33.6
[2026-07-16 21:41:25] [INFO] [service.cluster.registry] [REGISTRY]   -> Done: brinnatt/openebs-kubectl:1.33.6.
[2026-07-16 21:41:25] [INFO] [service.cluster.registry] [REGISTRY] [2/9] Image: brinnatt/provisioner-localpv:4.3.0
[2026-07-16 21:41:25] [INFO] [service.cluster.registry] [REGISTRY]   -> Image exists locally; skipping pull.
[2026-07-16 21:41:25] [INFO] [service.cluster.registry] [REGISTRY]   -> Tagging and pushing to local registry.
[2026-07-16 21:41:25] [INFO] [service.cluster.docker] [UPLOAD] Pushing image: registry.talkschool.cn:5000/brinnatt/provisioner-localpv:4.3.0
The push refers to repository [registry.talkschool.cn:5000/brinnatt/provisioner-localpv]
998b02d304d1: Layer already exists
ec99f8b99825: Layer already exists
680a329be303: Layer already exists
4.3.0: digest: sha256:f97f7522013fdfac9bddaa07363df0c93f7641f7538e94987c8cd8f1a3cb45ee size: 900
[2026-07-16 21:41:25] [INFO] [service.cluster.docker] [UPLOAD] Pushed successfully: registry.talkschool.cn:5000/brinnatt/provisioner-localpv:4.3.0
[2026-07-16 21:41:25] [INFO] [service.cluster.registry] [REGISTRY]   -> Done: brinnatt/provisioner-localpv:4.3.0.
[2026-07-16 21:41:25] [INFO] [service.cluster.registry] [REGISTRY] [3/9] Image: brinnatt/linux-utils:4.2.0
[2026-07-16 21:41:25] [INFO] [service.cluster.registry] [REGISTRY]   -> Image exists locally; skipping pull.
[2026-07-16 21:41:25] [INFO] [service.cluster.registry] [REGISTRY]   -> Tagging and pushing to local registry.
[2026-07-16 21:41:25] [INFO] [service.cluster.docker] [UPLOAD] Pushing image: registry.talkschool.cn:5000/brinnatt/linux-utils:4.2.0
The push refers to repository [registry.talkschool.cn:5000/brinnatt/linux-utils]
8066551ee209: Layer already exists
f18232174bc9: Layer already exists
4.2.0: digest: sha256:1e8af0856f5f47d29433508584b47315f5c6e3ce133e1849b88ee0d43739d80a size: 674
[2026-07-16 21:41:25] [INFO] [service.cluster.docker] [UPLOAD] Pushed successfully: registry.talkschool.cn:5000/brinnatt/linux-utils:4.2.0
[2026-07-16 21:41:25] [INFO] [service.cluster.registry] [REGISTRY]   -> Done: brinnatt/linux-utils:4.2.0.
[2026-07-16 21:41:25] [INFO] [service.cluster.registry] [REGISTRY] [4/9] Image: brinnatt/lvm-driver:1.7.0
[2026-07-16 21:41:25] [INFO] [service.cluster.registry] [REGISTRY]   -> Image exists locally; skipping pull.
[2026-07-16 21:41:25] [INFO] [service.cluster.registry] [REGISTRY]   -> Tagging and pushing to local registry.
[2026-07-16 21:41:25] [INFO] [service.cluster.docker] [UPLOAD] Pushing image: registry.talkschool.cn:5000/brinnatt/lvm-driver:1.7.0
The push refers to repository [registry.talkschool.cn:5000/brinnatt/lvm-driver]
96bf643e1ab7: Layer already exists
7402caf5e829: Layer already exists
96526aa774ef: Layer already exists
1a4e73c9f841: Layer already exists
a6e9231199c9: Layer already exists
1.7.0: digest: sha256:0464088b7863a3c474f2b31cac8f0e8743706a9e2c3d88beec435f022d8468dc size: 1250
[2026-07-16 21:41:25] [INFO] [service.cluster.docker] [UPLOAD] Pushed successfully: registry.talkschool.cn:5000/brinnatt/lvm-driver:1.7.0
[2026-07-16 21:41:25] [INFO] [service.cluster.registry] [REGISTRY]   -> Done: brinnatt/lvm-driver:1.7.0.
[2026-07-16 21:41:25] [INFO] [service.cluster.registry] [REGISTRY] [5/9] Image: brinnatt/csi-node-driver-registrar:v2.13.0
[2026-07-16 21:41:25] [INFO] [service.cluster.registry] [REGISTRY]   -> Image exists locally; skipping pull.
[2026-07-16 21:41:25] [INFO] [service.cluster.registry] [REGISTRY]   -> Tagging and pushing to local registry.
[2026-07-16 21:41:26] [INFO] [service.cluster.docker] [UPLOAD] Pushing image: registry.talkschool.cn:5000/brinnatt/csi-node-driver-registrar:v2.13.0
The push refers to repository [registry.talkschool.cn:5000/brinnatt/csi-node-driver-registrar]
bfb59b82a9b6: Layer already exists
3214acf345c0: Layer already exists
5664b15f108b: Layer already exists
a62778643d56: Layer already exists
9aee425378d2: Layer already exists
0bab15eea81d: Layer already exists
0baecf37abee: Layer already exists
4aa0ea1413d3: Layer already exists
efa9d1d5d3a2: Layer already exists
da7816fa955e: Layer already exists
f518e07ffa2e: Layer already exists
7c12895b777b: Layer already exists
v2.13.0: digest: sha256:227fed53d5c9e62404b8acd4592de5410a21d6fcbc56113ab07c06967a287bc7 size: 2559
[2026-07-16 21:41:26] [INFO] [service.cluster.docker] [UPLOAD] Pushed successfully: registry.talkschool.cn:5000/brinnatt/csi-node-driver-registrar:v2.13.0
[2026-07-16 21:41:26] [INFO] [service.cluster.registry] [REGISTRY]   -> Done: brinnatt/csi-node-driver-registrar:v2.13.0.
[2026-07-16 21:41:26] [INFO] [service.cluster.registry] [REGISTRY] [6/9] Image: brinnatt/csi-resizer:v1.11.2
[2026-07-16 21:41:26] [INFO] [service.cluster.registry] [REGISTRY]   -> Image exists locally; skipping pull.
[2026-07-16 21:41:26] [INFO] [service.cluster.registry] [REGISTRY]   -> Tagging and pushing to local registry.
[2026-07-16 21:41:26] [INFO] [service.cluster.docker] [UPLOAD] Pushing image: registry.talkschool.cn:5000/brinnatt/csi-resizer:v1.11.2
The push refers to repository [registry.talkschool.cn:5000/brinnatt/csi-resizer]
b6824ed73363: Layer already exists
4aa0ea1413d3: Layer already exists
f531499c6b73: Layer already exists
9aee425378d2: Layer already exists
3c4c00804573: Layer already exists
7c12895b777b: Layer already exists
e8d9a567199d: Layer already exists
058cf3d8c2ba: Layer already exists
5664b15f108b: Layer already exists
27be814a09eb: Layer already exists
33e068de2649: Layer already exists
da7816fa955e: Layer already exists
v1.11.2: digest: sha256:174534d8620cb5668f3be6d6e9c9d2a1fbc3b5b432fc4c625597c5a187ea2b14 size: 2559
[2026-07-16 21:41:26] [INFO] [service.cluster.docker] [UPLOAD] Pushed successfully: registry.talkschool.cn:5000/brinnatt/csi-resizer:v1.11.2
[2026-07-16 21:41:26] [INFO] [service.cluster.registry] [REGISTRY]   -> Done: brinnatt/csi-resizer:v1.11.2.
[2026-07-16 21:41:26] [INFO] [service.cluster.registry] [REGISTRY] [7/9] Image: brinnatt/csi-snapshotter:v7.0.0
[2026-07-16 21:41:26] [INFO] [service.cluster.registry] [REGISTRY]   -> Image exists locally; skipping pull.
[2026-07-16 21:41:26] [INFO] [service.cluster.registry] [REGISTRY]   -> Tagging and pushing to local registry.
[2026-07-16 21:41:26] [INFO] [service.cluster.docker] [UPLOAD] Pushing image: registry.talkschool.cn:5000/brinnatt/csi-snapshotter:v7.0.0
The push refers to repository [registry.talkschool.cn:5000/brinnatt/csi-snapshotter]
280126c0e181: Layer already exists
fcb6f6d2c998: Layer already exists
5627a970d25e: Layer already exists
1e3d9b7d1452: Layer already exists
5c6f703c260a: Layer already exists
4aa0ea1413d3: Layer already exists
7c881f9ab25e: Layer already exists
07a64a71e011: Layer already exists
fe5ca62666f0: Layer already exists
e8c73c638ae9: Layer already exists
v7.0.0: digest: sha256:d080fe1eb74ba4c4ed8c07dcd07593b92f3316c814ef2161ce954772faa8d03f size: 2185
[2026-07-16 21:41:26] [INFO] [service.cluster.docker] [UPLOAD] Pushed successfully: registry.talkschool.cn:5000/brinnatt/csi-snapshotter:v7.0.0
[2026-07-16 21:41:26] [INFO] [service.cluster.registry] [REGISTRY]   -> Done: brinnatt/csi-snapshotter:v7.0.0.
[2026-07-16 21:41:26] [INFO] [service.cluster.registry] [REGISTRY] [8/9] Image: brinnatt/csi-provisioner:v5.2.0
[2026-07-16 21:41:26] [INFO] [service.cluster.registry] [REGISTRY]   -> Image exists locally; skipping pull.
[2026-07-16 21:41:26] [INFO] [service.cluster.registry] [REGISTRY]   -> Tagging and pushing to local registry.
[2026-07-16 21:41:26] [INFO] [service.cluster.docker] [UPLOAD] Pushing image: registry.talkschool.cn:5000/brinnatt/csi-provisioner:v5.2.0
The push refers to repository [registry.talkschool.cn:5000/brinnatt/csi-provisioner]
a62778643d56: Layer already exists
bfb59b82a9b6: Layer already exists
3214acf345c0: Layer already exists
da7816fa955e: Layer already exists
688513194d7a: Layer already exists
388fac73db4d: Layer already exists
7c12895b777b: Layer already exists
0bab15eea81d: Layer already exists
4aa0ea1413d3: Layer already exists
5664b15f108b: Layer already exists
9aee425378d2: Layer already exists
efa9d1d5d3a2: Layer already exists
v5.2.0: digest: sha256:1685e05b2c81e31bf7adb64cf5934160bb60a07e04978e4be94aa615ff229461 size: 2559
[2026-07-16 21:41:26] [INFO] [service.cluster.docker] [UPLOAD] Pushed successfully: registry.talkschool.cn:5000/brinnatt/csi-provisioner:v5.2.0
[2026-07-16 21:41:26] [INFO] [service.cluster.registry] [REGISTRY]   -> Done: brinnatt/csi-provisioner:v5.2.0.
[2026-07-16 21:41:26] [INFO] [service.cluster.registry] [REGISTRY] [9/9] Image: brinnatt/snapshot-controller:v8.3.0
[2026-07-16 21:41:26] [INFO] [service.cluster.registry] [REGISTRY]   -> Image exists locally; skipping pull.
[2026-07-16 21:41:26] [INFO] [service.cluster.registry] [REGISTRY]   -> Tagging and pushing to local registry.
[2026-07-16 21:41:26] [INFO] [service.cluster.docker] [UPLOAD] Pushing image: registry.talkschool.cn:5000/brinnatt/snapshot-controller:v8.3.0
The push refers to repository [registry.talkschool.cn:5000/brinnatt/snapshot-controller]
3214acf345c0: Layer already exists
ddf74a63f7d8: Layer already exists
d085939bf7ef: Layer already exists
4eff9a62d888: Layer already exists
4aa0ea1413d3: Layer already exists
5664b15f108b: Layer already exists
0bab15eea81d: Layer already exists
35d697fe2738: Layer already exists
bfb59b82a9b6: Layer already exists
a62778643d56: Layer already exists
da7816fa955e: Layer already exists
7c12895b777b: Layer already exists
v8.3.0: digest: sha256:d6353448e0476bb9c017c23d9476039b32d0aeb8a08a80e87b18a2e5450ed4ba size: 2559
[2026-07-16 21:41:26] [INFO] [service.cluster.docker] [UPLOAD] Pushed successfully: registry.talkschool.cn:5000/brinnatt/snapshot-controller:v8.3.0
[2026-07-16 21:41:26] [INFO] [service.cluster.registry] [REGISTRY]   -> Done: brinnatt/snapshot-controller:v8.3.0.
[2026-07-16 21:41:26] [INFO] [service.cluster.registry] [REGISTRY] All 9 image(s) uploaded to local registry.
[2026-07-16 21:41:26] [INFO] [service.cluster.downloader] [DOWNLOAD] Component openebs: 9 image(s) uploaded.
[2026-07-16 21:41:27] [INFO] [service.cluster.downloader] [DOWNLOAD] Component minio: uploading 3 image(s) to local registry.
[2026-07-16 21:41:27] [WARNING] [service.cluster.registry] [REGISTRY] Local registry already running; skipping.
[2026-07-16 21:41:27] [INFO] [service.cluster.registry] [REGISTRY] Uploading 3 image(s) to local registry.
[2026-07-16 21:41:27] [INFO] [service.cluster.registry] [REGISTRY] [1/3] Image: brinnatt/minio-operator:v7.1.1
[2026-07-16 21:41:27] [INFO] [service.cluster.registry] [REGISTRY]   -> Image exists locally; skipping pull.
[2026-07-16 21:41:27] [INFO] [service.cluster.registry] [REGISTRY]   -> Tagging and pushing to local registry.
[2026-07-16 21:41:27] [INFO] [service.cluster.docker] [UPLOAD] Pushing image: registry.talkschool.cn:5000/brinnatt/minio-operator:v7.1.1
The push refers to repository [registry.talkschool.cn:5000/brinnatt/minio-operator]
29faa573ddc2: Layer already exists
fa340fc1761f: Layer already exists
d547e05490c1: Layer already exists
08251dbae1fa: Layer already exists
dd78e2871cc8: Layer already exists
fb230792bad9: Layer already exists
v7.1.1: digest: sha256:e9842785444e9e04559fb332fa11a9d27da736adc16c9504f3e6a240834fecc1 size: 1575
[2026-07-16 21:41:27] [INFO] [service.cluster.docker] [UPLOAD] Pushed successfully: registry.talkschool.cn:5000/brinnatt/minio-operator:v7.1.1
[2026-07-16 21:41:27] [INFO] [service.cluster.registry] [REGISTRY]   -> Done: brinnatt/minio-operator:v7.1.1.
[2026-07-16 21:41:27] [INFO] [service.cluster.registry] [REGISTRY] [2/3] Image: brinnatt/minio-operator-sidecar:v7.0.1
[2026-07-16 21:41:27] [INFO] [service.cluster.registry] [REGISTRY]   -> Image exists locally; skipping pull.
[2026-07-16 21:41:27] [INFO] [service.cluster.registry] [REGISTRY]   -> Tagging and pushing to local registry.
[2026-07-16 21:41:27] [INFO] [service.cluster.docker] [UPLOAD] Pushing image: registry.talkschool.cn:5000/brinnatt/minio-operator-sidecar:v7.0.1
The push refers to repository [registry.talkschool.cn:5000/brinnatt/minio-operator-sidecar]
52ca9e313a1e: Layer already exists
efcc224b049e: Layer already exists
a4b19bf887d7: Layer already exists
ce459ed15e6a: Layer already exists
cecbdcbaf42f: Layer already exists
3073d8bf8034: Layer already exists
v7.0.1: digest: sha256:4c2f5d5396594af3012b9db066b548a887a132176133167d19bb290cc5396847 size: 1576
[2026-07-16 21:41:27] [INFO] [service.cluster.docker] [UPLOAD] Pushed successfully: registry.talkschool.cn:5000/brinnatt/minio-operator-sidecar:v7.0.1
[2026-07-16 21:41:27] [INFO] [service.cluster.registry] [REGISTRY]   -> Done: brinnatt/minio-operator-sidecar:v7.0.1.
[2026-07-16 21:41:27] [INFO] [service.cluster.registry] [REGISTRY] [3/3] Image: brinnatt/minio:RELEASE.2025-04-08T15-41-24Z
[2026-07-16 21:41:27] [INFO] [service.cluster.registry] [REGISTRY]   -> Image exists locally; skipping pull.
[2026-07-16 21:41:27] [INFO] [service.cluster.registry] [REGISTRY]   -> Tagging and pushing to local registry.
[2026-07-16 21:41:27] [INFO] [service.cluster.docker] [UPLOAD] Pushing image: registry.talkschool.cn:5000/brinnatt/minio:RELEASE.2025-04-08T15-41-24Z
The push refers to repository [registry.talkschool.cn:5000/brinnatt/minio]
7d182d4b9a27: Layer already exists
476692aa7e4f: Layer already exists
c0fb136fda0a: Layer already exists
8c577d69454d: Layer already exists
546fbfcace65: Layer already exists
d949f716ce77: Layer already exists
fdc61cbe6d7e: Layer already exists
fb024c1bcc90: Layer already exists
9d8ba80ec174: Layer already exists
a68b380b887b: Layer already exists
89c5a020d02a: Already exists
RELEASE.2025-04-08T15-41-24Z: digest: sha256:1eedb823070b75a775f9f0ab7a4ac7bcc1fd6fb12f69882a9ef9a635671abbf7 size: 856
[2026-07-16 21:41:27] [INFO] [service.cluster.docker] [UPLOAD] Pushed successfully: registry.talkschool.cn:5000/brinnatt/minio:RELEASE.2025-04-08T15-41-24Z
[2026-07-16 21:41:27] [INFO] [service.cluster.registry] [REGISTRY]   -> Done: brinnatt/minio:RELEASE.2025-04-08T15-41-24Z.
[2026-07-16 21:41:27] [INFO] [service.cluster.registry] [REGISTRY] All 3 image(s) uploaded to local registry.
[2026-07-16 21:41:27] [INFO] [service.cluster.downloader] [DOWNLOAD] Component minio: 3 image(s) uploaded.
[PASS] R1
========== R2 repair test-ded-etcd if Unauthorized ==========
test-ded-etcd Unauthorized — recreate
[2026-07-16 21:41:28] [INFO] [service.cluster.manager] Ansible Python policy (ansible-core 2.17): control node Python >=3.10, target module runtime Python >=3.9
[2026-07-16 21:41:28] [INFO] [service.cluster.manager] Cluster test-ded-etcd: running destroy (playbook 99.clean.yml).
[2026-07-16 21:41:28] [INFO] [service.cluster.manager] Component versions (kubernetes / etcd / network):
[2026-07-16 21:41:28] [INFO] [service.cluster.manager]   kubernetes: v1.33.6, etcd: v3.6.4, calico: v3.28.4
[WARNING]: Collection ansible.posix does not support Ansible version 2.17.14

PLAY [kube_master,kube_node,ex_lb,etcd] ****************************************

TASK [Gathering Facts] *********************************************************
ok: [192.168.47.142]
ok: [192.168.47.130]

TASK [clean : stop and disable etcd service] ***********************************
skipping: [192.168.47.130]
changed: [192.168.47.142]

TASK [clean : remove etcd-role files and dirs] *********************************
skipping: [192.168.47.130] => (item=/var/lib/etcd) 
skipping: [192.168.47.130] => (item=) 
skipping: [192.168.47.130] => (item=/backup/k8s) 
skipping: [192.168.47.130] => (item=/etc/systemd/system/etcd.service) 
skipping: [192.168.47.130] => (item=/opt/kubeauto_prepare_tasks) 
skipping: [192.168.47.130] => (item=/etc/kubernetes/ssl/etcd.pem) 
skipping: [192.168.47.130] => (item=/etc/kubernetes/ssl/etcd-key.pem) 
skipping: [192.168.47.130]
changed: [192.168.47.142] => (item=/var/lib/etcd)
ok: [192.168.47.142] => (item=)
ok: [192.168.47.142] => (item=/backup/k8s)
changed: [192.168.47.142] => (item=/etc/systemd/system/etcd.service)
changed: [192.168.47.142] => (item=/opt/kubeauto_prepare_tasks)
changed: [192.168.47.142] => (item=/etc/kubernetes/ssl/etcd.pem)
changed: [192.168.47.142] => (item=/etc/kubernetes/ssl/etcd-key.pem)

TASK [clean : stop and disable kube_master service] ****************************
skipping: [192.168.47.142] => (item=kube-apiserver) 
skipping: [192.168.47.142] => (item=kube-controller-manager) 
skipping: [192.168.47.142] => (item=kube-scheduler) 
skipping: [192.168.47.142]
changed: [192.168.47.130] => (item=kube-apiserver)
changed: [192.168.47.130] => (item=kube-controller-manager)
changed: [192.168.47.130] => (item=kube-scheduler)

TASK [clean : remove files and dirs of 'kube_master' nodes (master-role only)] ***
skipping: [192.168.47.142] => (item=/var/run/kubernetes) 
skipping: [192.168.47.142] => (item=/etc/systemd/system/kube-apiserver.service) 
skipping: [192.168.47.142] => (item=/etc/systemd/system/kube-controller-manager.service) 
skipping: [192.168.47.142] => (item=/etc/systemd/system/kube-scheduler.service) 
skipping: [192.168.47.142] => (item=/etc/kubernetes/kube-controller-manager.kubeconfig) 
skipping: [192.168.47.142] => (item=/etc/kubernetes/kube-scheduler.kubeconfig) 
skipping: [192.168.47.142] => (item=/etc/kubernetes/audit) 
skipping: [192.168.47.142] => (item=/var/log/kubernetes/audit) 
skipping: [192.168.47.142]
ok: [192.168.47.130] => (item=/var/run/kubernetes)
changed: [192.168.47.130] => (item=/etc/systemd/system/kube-apiserver.service)
changed: [192.168.47.130] => (item=/etc/systemd/system/kube-controller-manager.service)
changed: [192.168.47.130] => (item=/etc/systemd/system/kube-scheduler.service)
changed: [192.168.47.130] => (item=/etc/kubernetes/kube-controller-manager.kubeconfig)
changed: [192.168.47.130] => (item=/etc/kubernetes/kube-scheduler.kubeconfig)
ok: [192.168.47.130] => (item=/etc/kubernetes/audit)
ok: [192.168.47.130] => (item=/var/log/kubernetes/audit)

TASK [clean : stop and disable kube_node service] ******************************
skipping: [192.168.47.142] => (item=kube-lb) 
skipping: [192.168.47.142] => (item=kubelet) 
skipping: [192.168.47.142] => (item=kube-proxy) 
skipping: [192.168.47.142]
failed: [192.168.47.130] (item=kube-lb) => {"ansible_loop_var": "item", "changed": false, "item": "kube-lb", "msg": "Could not find the requested service kube-lb: host"}
failed: [192.168.47.130] (item=kubelet) => {"ansible_loop_var": "item", "changed": false, "item": "kubelet", "msg": "Could not find the requested service kubelet: host"}
failed: [192.168.47.130] (item=kube-proxy) => {"ansible_loop_var": "item", "changed": false, "item": "kube-proxy", "msg": "Could not find the requested service kube-proxy: host"}
...ignoring

TASK [clean : umount kubelet filesystems] **************************************
skipping: [192.168.47.142]
changed: [192.168.47.130]

TASK [clean : remove files and dirs of 'kube_node' nodes (node-role only)] *****
skipping: [192.168.47.142] => (item=/var/lib/kubelet/) 
skipping: [192.168.47.142] => (item=/var/lib/kube-proxy/) 
skipping: [192.168.47.142] => (item=/etc/systemd/system/kube-lb.service) 
skipping: [192.168.47.142] => (item=/etc/systemd/system/kubelet.service) 
skipping: [192.168.47.142] => (item=/etc/systemd/system/kube-proxy.service) 
skipping: [192.168.47.142] => (item=/etc/kube-lb/) 
skipping: [192.168.47.142] => (item=/etc/kubernetes/kubelet.kubeconfig) 
skipping: [192.168.47.142] => (item=/etc/kubernetes/kube-proxy.kubeconfig) 
skipping: [192.168.47.142] => (item=/opt/kubeauto_prepare_tasks) 
skipping: [192.168.47.142] => (item=/root/.kube/config) 
skipping: [192.168.47.142]
ok: [192.168.47.130] => (item=/var/lib/kubelet/)
ok: [192.168.47.130] => (item=/var/lib/kube-proxy/)
ok: [192.168.47.130] => (item=/etc/systemd/system/kube-lb.service)
ok: [192.168.47.130] => (item=/etc/systemd/system/kubelet.service)
ok: [192.168.47.130] => (item=/etc/systemd/system/kube-proxy.service)
ok: [192.168.47.130] => (item=/etc/kube-lb/)
ok: [192.168.47.130] => (item=/etc/kubernetes/kubelet.kubeconfig)
ok: [192.168.47.130] => (item=/etc/kubernetes/kube-proxy.kubeconfig)
ok: [192.168.47.130] => (item=/opt/kubeauto_prepare_tasks)
ok: [192.168.47.130] => (item=/root/.kube/config)

TASK [clean : to check if container 'kubeauto' is running] *********************
skipping: [192.168.47.130]
skipping: [192.168.47.142]

TASK [clean : stop and disable docker service] *********************************
skipping: [192.168.47.130]
skipping: [192.168.47.142]

TASK [clean : umount docker filesystem-1] **************************************
skipping: [192.168.47.130]
skipping: [192.168.47.142]

TASK [clean : umount docker filesystem-2] **************************************
skipping: [192.168.47.130]
skipping: [192.168.47.142]

TASK [clean : umount docker filesystem-3] **************************************
skipping: [192.168.47.130]
skipping: [192.168.47.142]

TASK [clean : umount docker filesystem-4] **************************************
skipping: [192.168.47.130]
skipping: [192.168.47.142]

TASK [clean : umount docker filesystem-5] **************************************
skipping: [192.168.47.130]
skipping: [192.168.47.142]

TASK [clean : remove files and dirs] *******************************************
skipping: [192.168.47.130] => (item=/var/lib/docker/) 
skipping: [192.168.47.130] => (item=/var/lib/dockershim/) 
skipping: [192.168.47.130] => (item=/var/run/docker/) 
skipping: [192.168.47.142] => (item=/var/lib/docker/) 
skipping: [192.168.47.130] => (item=/etc/docker/) 
skipping: [192.168.47.142] => (item=/var/lib/dockershim/) 
skipping: [192.168.47.130] => (item=/etc/systemd/system/docker.service) 
skipping: [192.168.47.142] => (item=/var/run/docker/) 
skipping: [192.168.47.130] => (item=/etc/systemd/system/docker.service.requires/) 
skipping: [192.168.47.142] => (item=/etc/docker/) 
skipping: [192.168.47.130] => (item=/etc/systemd/system/docker.service.d/) 
skipping: [192.168.47.142] => (item=/etc/systemd/system/docker.service) 
skipping: [192.168.47.130] => (item=/etc/bash_completion.d/docker) 
skipping: [192.168.47.142] => (item=/etc/systemd/system/docker.service.requires/) 
skipping: [192.168.47.142] => (item=/etc/systemd/system/docker.service.d/) 
skipping: [192.168.47.130] => (item=/usr/bin/docker) 
skipping: [192.168.47.130]
skipping: [192.168.47.142] => (item=/etc/bash_completion.d/docker) 
skipping: [192.168.47.142] => (item=/usr/bin/docker) 
skipping: [192.168.47.142]

TASK [clean : stop and disable containerd service] *****************************
skipping: [192.168.47.142]
fatal: [192.168.47.130]: FAILED! => {"changed": false, "msg": "Could not find the requested service containerd: host"}
...ignoring

TASK [clean : umount containerd filesystems] ***********************************
skipping: [192.168.47.142]
changed: [192.168.47.130]

TASK [clean : remove files and dirs] *******************************************
skipping: [192.168.47.142] => (item=/etc/containerd/) 
skipping: [192.168.47.142] => (item=/etc/crictl.yaml) 
skipping: [192.168.47.142] => (item=/etc/systemd/system/containerd.service) 
skipping: [192.168.47.142] => (item=/opt/containerd/) 
skipping: [192.168.47.142] => (item=/var/lib/containerd/) 
skipping: [192.168.47.142] => (item=/var/run/containerd/) 
skipping: [192.168.47.142]
ok: [192.168.47.130] => (item=/etc/containerd/)
ok: [192.168.47.130] => (item=/etc/crictl.yaml)
ok: [192.168.47.130] => (item=/etc/systemd/system/containerd.service)
ok: [192.168.47.130] => (item=/opt/containerd/)
ok: [192.168.47.130] => (item=/var/lib/containerd/)
ok: [192.168.47.130] => (item=/var/run/containerd/)

TASK [clean : remove files and dirs2] ******************************************
skipping: [192.168.47.142] => (item=/etc/cni/) 
skipping: [192.168.47.142] => (item=/run/flannel/) 
skipping: [192.168.47.142] => (item=/etc/calico/) 
skipping: [192.168.47.142] => (item=/var/lib/calico/) 
skipping: [192.168.47.142] => (item=/var/log/calico/) 
skipping: [192.168.47.142] => (item=/etc/cilium/) 
skipping: [192.168.47.142] => (item=/sys/fs/bpf/tc/) 
skipping: [192.168.47.142] => (item=/var/lib/cni/) 
skipping: [192.168.47.142] => (item=/var/lib/kube-router/) 
skipping: [192.168.47.142] => (item=/var/run/openvswitch/) 
skipping: [192.168.47.142] => (item=/var/run/ovn/) 
skipping: [192.168.47.142] => (item=/etc/origin/openvswitch/) 
skipping: [192.168.47.142] => (item=/etc/origin/ovn/) 
skipping: [192.168.47.142] => (item=/var/log/openvswitch/) 
skipping: [192.168.47.142] => (item=/var/log/ovn/) 
skipping: [192.168.47.142] => (item=/var/log/kube-ovn/) 
skipping: [192.168.47.142]
ok: [192.168.47.130] => (item=/etc/cni/)
ok: [192.168.47.130] => (item=/run/flannel/)
ok: [192.168.47.130] => (item=/etc/calico/)
ok: [192.168.47.130] => (item=/var/lib/calico/)
ok: [192.168.47.130] => (item=/var/log/calico/)
ok: [192.168.47.130] => (item=/etc/cilium/)
ok: [192.168.47.130] => (item=/sys/fs/bpf/tc/)
ok: [192.168.47.130] => (item=/var/lib/cni/)
ok: [192.168.47.130] => (item=/var/lib/kube-router/)
ok: [192.168.47.130] => (item=/var/run/openvswitch/)
ok: [192.168.47.130] => (item=/var/run/ovn/)
ok: [192.168.47.130] => (item=/etc/origin/openvswitch/)
ok: [192.168.47.130] => (item=/etc/origin/ovn/)
ok: [192.168.47.130] => (item=/var/log/openvswitch/)
ok: [192.168.47.130] => (item=/var/log/ovn/)
ok: [192.168.47.130] => (item=/var/log/kube-ovn/)

TASK [clean : get service info] ************************************************
skipping: [192.168.47.130]
skipping: [192.168.47.142]

TASK [clean : remove service l4lb] *********************************************
skipping: [192.168.47.130]
skipping: [192.168.47.142]

TASK [clean : remove service keepalived] ***************************************
skipping: [192.168.47.130]
skipping: [192.168.47.142]

TASK [clean : remove files and dirs] *******************************************
skipping: [192.168.47.130] => (item=/etc/l4lb) 
skipping: [192.168.47.130] => (item=/etc/keepalived) 
skipping: [192.168.47.130] => (item=/etc/systemd/system/l4lb.service) 
skipping: [192.168.47.142] => (item=/etc/l4lb) 
skipping: [192.168.47.130] => (item=/etc/systemd/system/keepalived.service) 
skipping: [192.168.47.142] => (item=/etc/keepalived) 
skipping: [192.168.47.130] => (item=/usr/local/sbin/keepalived) 
skipping: [192.168.47.142] => (item=/etc/systemd/system/l4lb.service) 
skipping: [192.168.47.130]
skipping: [192.168.47.142] => (item=/etc/systemd/system/keepalived.service) 
skipping: [192.168.47.142] => (item=/usr/local/sbin/keepalived) 
skipping: [192.168.47.142]

TASK [clean : stop and disable chronyd] ****************************************
skipping: [192.168.47.130]
skipping: [192.168.47.142]

TASK [clean : remove chrony-role files and dirs] *******************************
skipping: [192.168.47.130] => (item=/etc/chrony) 
skipping: [192.168.47.130] => (item=/var/lib/chrony) 
skipping: [192.168.47.130] => (item=/var/log/chrony) 
skipping: [192.168.47.142] => (item=/etc/chrony) 
skipping: [192.168.47.130] => (item=/var/run/chrony) 
skipping: [192.168.47.142] => (item=/var/lib/chrony) 
skipping: [192.168.47.130] => (item=/etc/systemd/system/chronyd.service) 
skipping: [192.168.47.130]
skipping: [192.168.47.142] => (item=/var/log/chrony) 
skipping: [192.168.47.142] => (item=/var/run/chrony) 
skipping: [192.168.47.142] => (item=/etc/systemd/system/chronyd.service) 
skipping: [192.168.47.142]

TASK [clean : remove ssl dir (full teardown only)] *****************************
changed: [192.168.47.130]
changed: [192.168.47.142]

TASK [clean : remove prepare tasks marker (full teardown only)] ****************
ok: [192.168.47.142]
ok: [192.168.47.130]

TASK [clean : remove /etc/kubernetes dir (full teardown only)] *****************
changed: [192.168.47.130]
changed: [192.168.47.142]

TASK [clean : flush ipvs rules (full teardown only)] ***************************
changed: [192.168.47.142]
changed: [192.168.47.130]

TASK [clean : clean 'ENV PATH'] ************************************************
ok: [192.168.47.142] => (item=kubeauto)
ok: [192.168.47.130] => (item=kubeauto)
ok: [192.168.47.142] => (item=helm completion)
ok: [192.168.47.130] => (item=helm completion)
ok: [192.168.47.142] => (item=kubectl completion)
ok: [192.168.47.130] => (item=kubectl completion)
ok: [192.168.47.142] => (item=crictl completion)
ok: [192.168.47.130] => (item=crictl completion)
ok: [192.168.47.142] => (item=HELM_TLS_ENABLE)
ok: [192.168.47.130] => (item=HELM_TLS_ENABLE)

TASK [clean : delete k8s node hosts block on this host] ************************
ok: [192.168.47.142]
ok: [192.168.47.130]

TASK [clean : important indicates WARNNING] ************************************
ok: [192.168.47.130] => {
    "msg": "[IMPORTANT]: please reboot nodes, makesure to clean out net interfaces, routes and iptables/ipvs rules."
}
ok: [192.168.47.142] => {
    "msg": "[IMPORTANT]: please reboot nodes, makesure to clean out net interfaces, routes and iptables/ipvs rules."
}

PLAY RECAP *********************************************************************
192.168.47.130             : ok=17   changed=7    unreachable=0    failed=0    skipped=16   rescued=0    ignored=2   
192.168.47.142             : ok=10   changed=5    unreachable=0    failed=0    skipped=23   rescued=0    ignored=0   
[2026-07-16 21:42:46] [INFO] [service.cluster.manager] Cluster test-ded-etcd: destroy completed.
[2026-07-16 21:42:46] [INFO] [service.cluster.manager] Cluster directory test-ded-etcd removed.
[2026-07-16 21:42:47] [INFO] [service.cluster.manager] Cluster test-ded-etcd created. Next: edit /usr/local/kubeauto/clusters/test-ded-etcd/hosts and /usr/local/kubeauto/clusters/test-ded-etcd/config.yml, then run setup.
>>> kubecli setup test-ded-etcd 90
[2026-07-16 21:42:47] [INFO] [service.cluster.manager] Ansible Python policy (ansible-core 2.17): control node Python >=3.10, target module runtime Python >=3.9
[2026-07-16 21:42:47] [INFO] [service.cluster.manager] Setting up cluster with playbook 90.setup.yml.
[2026-07-16 21:42:48] [INFO] [service.cluster.manager] Component versions (kubernetes / etcd / network):
[2026-07-16 21:42:48] [INFO] [service.cluster.manager]   kubernetes: v1.33.6, etcd: v3.6.4, calico: v3.28.4
[WARNING]: Collection ansible.posix does not support Ansible version 2.17.14

PLAY [kube_master,kube_node,etcd,ex_lb,chrony] *********************************

TASK [Gathering Facts] *********************************************************
ok: [192.168.47.142]
ok: [192.168.47.130]

TASK [chrony : check if chronyd running, break the role] ***********************
skipping: [192.168.47.130]
skipping: [192.168.47.142]

TASK [chrony : terminate the play if chronyd running] **************************
skipping: [192.168.47.130]

TASK [chrony : uninstall residual ntp chrony] **********************************
skipping: [192.168.47.130] => (item=ntp) 
skipping: [192.168.47.130] => (item=chrony) 
skipping: [192.168.47.130]
skipping: [192.168.47.142] => (item=ntp) 
skipping: [192.168.47.142] => (item=chrony) 
skipping: [192.168.47.142]

TASK [chrony : prepare some dirs] **********************************************
skipping: [192.168.47.130] => (item=/etc/chrony) 
skipping: [192.168.47.130] => (item=/var/lib/chrony) 
skipping: [192.168.47.130] => (item=/var/log/chrony) 
skipping: [192.168.47.142] => (item=/etc/chrony) 
skipping: [192.168.47.130]
skipping: [192.168.47.142] => (item=/var/lib/chrony) 
skipping: [192.168.47.142] => (item=/var/log/chrony) 
skipping: [192.168.47.142]

TASK [chrony : distribute chronyd binary] **************************************
skipping: [192.168.47.130]
skipping: [192.168.47.142]

TASK [chrony : create chronyd systemd unit file] *******************************
skipping: [192.168.47.130]
skipping: [192.168.47.142]

TASK [chrony : configure chrony server] ****************************************
skipping: [192.168.47.130]
skipping: [192.168.47.142]

TASK [chrony : configure chrony client] ****************************************
skipping: [192.168.47.130]
skipping: [192.168.47.142]

TASK [chrony : enable chronyd service on startup] ******************************
skipping: [192.168.47.130]
skipping: [192.168.47.142]

TASK [chrony : start chronyd service] ******************************************
skipping: [192.168.47.130]
skipping: [192.168.47.142]

TASK [chrony : wait for chronyd running] ***************************************
skipping: [192.168.47.130]
skipping: [192.168.47.142]

PLAY [localhost] ***************************************************************

TASK [Gathering Facts] *********************************************************
ok: [localhost]

TASK [deploy : prepare some dirs] **********************************************
changed: [localhost] => (item=/usr/local/kubeauto/clusters/test-ded-etcd/ssl)
changed: [localhost] => (item=/usr/local/kubeauto/clusters/test-ded-etcd/backup)
changed: [localhost] => (item=/usr/local/kubeauto/clusters/test-ded-etcd/yml)
ok: [localhost] => (item=~/.kube)

TASK [deploy : set extra-bin directory permission] *****************************
ok: [localhost]

TASK [deploy : read ca cert stat information into p] ***************************
ok: [localhost]

TASK [deploy : prepare ca configuration and cert request] **********************
changed: [localhost] => (item=ca-config.json)
changed: [localhost] => (item=ca-csr.json)

TASK [deploy : generate CA cert and private key] *******************************
changed: [localhost]

TASK [deploy : prepare admin csr for kubectl usage] ****************************
changed: [localhost]

TASK [deploy : create admin cert and private key] ******************************
changed: [localhost]

TASK [deploy : set cluster params] *********************************************
changed: [localhost]

TASK [deploy : set client credential params] ***********************************
changed: [localhost]

TASK [deploy : set context params] *********************************************
changed: [localhost]

TASK [deploy : choose default context] *****************************************
changed: [localhost]

TASK [deploy : install kubeconfig] *********************************************
changed: [localhost]

TASK [deploy : create self-defined user certs directory] ***********************
skipping: [localhost]

TASK [deploy : prepare CA configuration] ***************************************
skipping: [localhost]

TASK [deploy : prepare {{ USER_NAME }} cert request for kubectl] ***************
skipping: [localhost]

TASK [deploy : create {{ USER_NAME }} cert and private key] ********************
skipping: [localhost]

TASK [deploy : set cluster params] *********************************************
skipping: [localhost]

TASK [deploy : set client credential params] ***********************************
skipping: [localhost]

TASK [deploy : set context params] *********************************************
skipping: [localhost]

TASK [deploy : choose default context] *****************************************
skipping: [localhost]

TASK [deploy : generate clusterrolebind configuration] *************************
skipping: [localhost]

TASK [deploy : create clusterrolebind] *****************************************
skipping: [localhost]

TASK [deploy : debug] **********************************************************
skipping: [localhost]

TASK [deploy : prepare kube-proxy csr] *****************************************
changed: [localhost]

TASK [deploy : create kube-proxy cert and private key] *************************
changed: [localhost]

TASK [deploy : set cluster params] *********************************************
changed: [localhost]

TASK [deploy : set client credential params] ***********************************
changed: [localhost]

TASK [deploy : set context params] *********************************************
changed: [localhost]

TASK [deploy : choose default context] *****************************************
changed: [localhost]

TASK [deploy : prepare kube-controller-manager csr] ****************************
changed: [localhost]

TASK [deploy : create kube-controller-manager cert and private key] ************
changed: [localhost]

TASK [deploy : set cluster params] *********************************************
changed: [localhost]

TASK [deploy : set client credential params] ***********************************
changed: [localhost]

TASK [deploy : set context params] *********************************************
changed: [localhost]

TASK [deploy : choose default context] *****************************************
changed: [localhost]

TASK [deploy : prepare kube-scheduler csr] *************************************
changed: [localhost]

TASK [deploy : create kube-scheduler cert and private key] *********************
changed: [localhost]

TASK [deploy : set cluster params] *********************************************
changed: [localhost]

TASK [deploy : set client credential params] ***********************************
changed: [localhost]

TASK [deploy : set context params] *********************************************
changed: [localhost]

TASK [deploy : choose default context] *****************************************
changed: [localhost]

PLAY [kube_master,kube_node,etcd] **********************************************

TASK [Gathering Facts] *********************************************************
ok: [192.168.47.142]
ok: [192.168.47.130]

TASK [prepare : read the prepare tasks file] ***********************************
ok: [192.168.47.142]
ok: [192.168.47.130]

TASK [prepare : indicates the prepare tasks finished already] ******************
skipping: [192.168.47.130]
skipping: [192.168.47.142]

TASK [prepare : copy huawei cloud apt mirror script] ***************************
skipping: [192.168.47.130]
skipping: [192.168.47.142]

TASK [prepare : apply huawei cloud apt mirror] *********************************
skipping: [192.168.47.130]
skipping: [192.168.47.142]

TASK [prepare : update apt cache] **********************************************
skipping: [192.168.47.130]
skipping: [192.168.47.142]

TASK [prepare : delete ubuntu default software] ********************************
skipping: [192.168.47.130]
skipping: [192.168.47.142]

TASK [prepare : install ubuntu/debian basic software] **************************
skipping: [192.168.47.130]
skipping: [192.168.47.142]

TASK [prepare : create journal relative directory] *****************************
skipping: [192.168.47.130] => (item=/etc/systemd/journald.conf.d) 
skipping: [192.168.47.130] => (item=/var/log/journal) 
skipping: [192.168.47.130]
skipping: [192.168.47.142] => (item=/etc/systemd/journald.conf.d) 
skipping: [192.168.47.142] => (item=/var/log/journal) 
skipping: [192.168.47.142]

TASK [prepare : optimize journal params] ***************************************
skipping: [192.168.47.130]
skipping: [192.168.47.142]

TASK [prepare : restart journald service] **************************************
skipping: [192.168.47.130]
skipping: [192.168.47.142]

TASK [prepare : copy huawei cloud yum/dnf mirror script] ***********************
ok: [192.168.47.130]
ok: [192.168.47.142]

TASK [prepare : apply huawei cloud yum/dnf mirror] *****************************
ok: [192.168.47.142]
ok: [192.168.47.130]

TASK [prepare : detect ansible-compatible python on target] ********************
ok: [192.168.47.130]
ok: [192.168.47.142]

TASK [prepare : install python39 for ansible (RHEL8 family, only when no compatible python)] ***
skipping: [192.168.47.130]
skipping: [192.168.47.142]

TASK [prepare : delete centos/redhat default software] *************************
ok: [192.168.47.142]
ok: [192.168.47.130]

TASK [prepare : install basic system software] *********************************
ok: [192.168.47.130]
ok: [192.168.47.142]

TASK [prepare : disable selinux right now] *************************************
changed: [192.168.47.142]
changed: [192.168.47.130]

TASK [prepare : check if /etc/selinux/config exists] ***************************
ok: [192.168.47.130]
ok: [192.168.47.142]

TASK [prepare : disable selinux forever] ***************************************
ok: [192.168.47.142]
ok: [192.168.47.130]

TASK [prepare : disable selinux forever] ***************************************
skipping: [192.168.47.130]
skipping: [192.168.47.142]

TASK [prepare : forbidden rsyslog fetch journald 1, avoid double handling logs and wasting disk space] ***
ok: [192.168.47.130]
ok: [192.168.47.142]

TASK [prepare : forbidden rsyslog fetch journald 2, avoid double handling logs and wasting disk space] ***
ok: [192.168.47.142]
ok: [192.168.47.130]

TASK [prepare : restart rsyslog service] ***************************************
changed: [192.168.47.130]
changed: [192.168.47.142]

TASK [prepare : copy huawei cloud zypper mirror script] ************************
skipping: [192.168.47.130]
skipping: [192.168.47.142]

TASK [prepare : apply huawei cloud zypper mirror] ******************************
skipping: [192.168.47.130]
skipping: [192.168.47.142]

TASK [prepare : install basic system software] *********************************
skipping: [192.168.47.130]
skipping: [192.168.47.142]

TASK [prepare : copy huawei cloud yum/dnf mirror script] ***********************
skipping: [192.168.47.130]
skipping: [192.168.47.142]

TASK [prepare : apply huawei cloud yum/dnf mirror] *****************************
skipping: [192.168.47.130]
skipping: [192.168.47.142]

TASK [prepare : detect ansible-compatible python on target] ********************
skipping: [192.168.47.130]
skipping: [192.168.47.142]

TASK [prepare : install python39 for ansible (RHEL8 family, only when no compatible python)] ***
skipping: [192.168.47.130]
skipping: [192.168.47.142]

TASK [prepare : delete centos/redhat default software] *************************
skipping: [192.168.47.130]
skipping: [192.168.47.142]

TASK [prepare : install basic system software] *********************************
skipping: [192.168.47.130]
skipping: [192.168.47.142]

TASK [prepare : disable selinux right now] *************************************
skipping: [192.168.47.130]
skipping: [192.168.47.142]

TASK [prepare : check if /etc/selinux/config exists] ***************************
skipping: [192.168.47.130]
skipping: [192.168.47.142]

TASK [prepare : disable selinux forever] ***************************************
skipping: [192.168.47.130]
skipping: [192.168.47.142]

TASK [prepare : disable selinux forever] ***************************************
skipping: [192.168.47.130]
skipping: [192.168.47.142]

TASK [prepare : forbidden rsyslog fetch journald 1, avoid double handling logs and wasting disk space] ***
skipping: [192.168.47.130]
skipping: [192.168.47.142]

TASK [prepare : forbidden rsyslog fetch journald 2, avoid double handling logs and wasting disk space] ***
skipping: [192.168.47.130]
skipping: [192.168.47.142]

TASK [prepare : restart rsyslog service] ***************************************
skipping: [192.168.47.130]
skipping: [192.168.47.142]

TASK [prepare : disable swap] **************************************************
changed: [192.168.47.142]
changed: [192.168.47.130]

TASK [prepare : delete fstab swap configuration] *******************************
ok: [192.168.47.142]
ok: [192.168.47.130]

TASK [prepare : load kernel module] ********************************************
ok: [192.168.47.142] => (item=br_netfilter)
ok: [192.168.47.130] => (item=br_netfilter)
ok: [192.168.47.142] => (item=dm_snapshot)
ok: [192.168.47.130] => (item=dm_snapshot)
ok: [192.168.47.142] => (item=dm_thin_pool)
ok: [192.168.47.130] => (item=dm_thin_pool)
ok: [192.168.47.142] => (item=ip_vs)
ok: [192.168.47.130] => (item=ip_vs)
ok: [192.168.47.142] => (item=ip_vs_rr)
ok: [192.168.47.130] => (item=ip_vs_rr)
ok: [192.168.47.142] => (item=ip_vs_wrr)
ok: [192.168.47.130] => (item=ip_vs_wrr)
ok: [192.168.47.142] => (item=ip_vs_sh)
ok: [192.168.47.130] => (item=ip_vs_sh)
ok: [192.168.47.142] => (item=nf_conntrack)
ok: [192.168.47.130] => (item=nf_conntrack)

TASK [prepare : try to load nf_conntrack_ipv4] *********************************
changed: [192.168.47.142]
changed: [192.168.47.130]

TASK [prepare : enable systemd loading module automatically] *******************
ok: [192.168.47.142]
ok: [192.168.47.130]

TASK [prepare : load kernel module on startup] *********************************
ok: [192.168.47.130]
ok: [192.168.47.142]

TASK [prepare : set system params] *********************************************
ok: [192.168.47.142]
ok: [192.168.47.130]

TASK [prepare : check if fs.may_detach_mounts needs to be set] *****************
ok: [192.168.47.130]
ok: [192.168.47.142]

TASK [prepare : if needed, set fs.may_detach_mounts as 1] **********************
skipping: [192.168.47.130]
skipping: [192.168.47.142]

TASK [prepare : check if net.ipv4.tcp_tw_recycle needs to be set] **************
ok: [192.168.47.130]
ok: [192.168.47.142]

TASK [prepare : if needed, set tcp_tw_recycle] *********************************
skipping: [192.168.47.130]
skipping: [192.168.47.142]

TASK [prepare : take effect on system] *****************************************
changed: [192.168.47.130]
changed: [192.168.47.142]

TASK [prepare : create systemd configuration directory] ************************
ok: [192.168.47.130]
ok: [192.168.47.142]

TASK [prepare : set system param ulimits] **************************************
ok: [192.168.47.142]
ok: [192.168.47.130]

TASK [prepare : take SCTP to kernel module blacklist] **************************
ok: [192.168.47.142]
ok: [192.168.47.130]

TASK [prepare : prepare some dirs] *********************************************
ok: [192.168.47.130] => (item=/usr/local/bin)
ok: [192.168.47.142] => (item=/usr/local/bin)
changed: [192.168.47.142] => (item=/etc/kubernetes/ssl)
changed: [192.168.47.130] => (item=/etc/kubernetes/ssl)
ok: [192.168.47.142] => (item=/root/.kube)
ok: [192.168.47.130] => (item=/root/.kube)

TASK [prepare : copy kubectl kubeconfig to home dir] ***************************
skipping: [192.168.47.142]
changed: [192.168.47.130]

TASK [prepare : add hosts entry to resolve local registry] *********************
ok: [192.168.47.142]
changed: [192.168.47.130]

TASK [prepare : set node hostname] *********************************************
changed: [192.168.47.142]
changed: [192.168.47.130]

TASK [prepare : the master[0] resolves all hosts master-130 in /etc/hosts] *****
changed: [192.168.47.130]
ok: [192.168.47.142 -> 192.168.47.130]

TASK [prepare : get /etc/hosts from the master[0]] *****************************
changed: [192.168.47.130]

TASK [prepare : delete /etc/hosts in the master[0]] ****************************
changed: [192.168.47.130]

TASK [prepare : sync /etc/hosts to all hosts] **********************************
changed: [192.168.47.130] => (item=192.168.47.130)
ok: [192.168.47.130] => (item=192.168.47.130)

TASK [prepare : set prepare tasks label file] **********************************
changed: [192.168.47.130]
changed: [192.168.47.142]

PLAY [etcd] ********************************************************************

TASK [Gathering Facts] *********************************************************
ok: [192.168.47.142]

TASK [etcd : prepare some dirs] ************************************************
changed: [192.168.47.142]

TASK [etcd : download etcd binary] *********************************************
ok: [192.168.47.142] => (item=etcd)
ok: [192.168.47.142] => (item=etcdctl)
ok: [192.168.47.142] => (item=etcdutl)

TASK [etcd : create etcd CSR] **************************************************
changed: [192.168.47.142 -> localhost]

TASK [etcd : create etcd certs and private key] ********************************
changed: [192.168.47.142 -> localhost]

TASK [etcd : distribute etcd cert-related files] *******************************
changed: [192.168.47.142] => (item=ca.pem)
changed: [192.168.47.142] => (item=etcd.pem)
changed: [192.168.47.142] => (item=etcd-key.pem)

TASK [etcd : create etcd systemd unit file] ************************************
changed: [192.168.47.142]

TASK [etcd : enable etcd service on startup] ***********************************
changed: [192.168.47.142]

TASK [etcd : start etcd service] ***********************************************
changed: [192.168.47.142]

TASK [etcd : wait for etcd service running] ************************************
changed: [192.168.47.142]

PLAY [kube_master,kube_node] ***************************************************

TASK [Gathering Facts] *********************************************************
ok: [192.168.47.130]

TASK [docker : check if docker was installed] **********************************
skipping: [192.168.47.130]

TASK [docker : get docker version information] *********************************
skipping: [192.168.47.130]

TASK [docker : debug info] *****************************************************
skipping: [192.168.47.130]

TASK [docker : revise docker version with float type] **************************
skipping: [192.168.47.130]

TASK [docker : infer docker installed] *****************************************
skipping: [192.168.47.130]

TASK [docker : prepare docker-related directories] *****************************
skipping: [192.168.47.130] => (item=/usr/local/bin) 
skipping: [192.168.47.130] => (item=/etc/docker) 
skipping: [192.168.47.130]

TASK [docker : download docker binary] *****************************************
skipping: [192.168.47.130] => (item=/usr/local/kubeauto/docker-bin/docker-compose) 
skipping: [192.168.47.130] => (item=/usr/local/kubeauto/docker-bin/runc) 
skipping: [192.168.47.130] => (item=/usr/local/kubeauto/docker-bin/dockerd) 
skipping: [192.168.47.130] => (item=/usr/local/kubeauto/docker-bin/docker) 
skipping: [192.168.47.130] => (item=/usr/local/kubeauto/docker-bin/docker-proxy) 
skipping: [192.168.47.130] => (item=/usr/local/kubeauto/docker-bin/docker-init) 
skipping: [192.168.47.130] => (item=/usr/local/kubeauto/docker-bin/docker-buildx) 
skipping: [192.168.47.130] => (item=/usr/local/kubeauto/docker-bin/ctr) 
skipping: [192.168.47.130] => (item=/usr/local/kubeauto/docker-bin/containerd) 
skipping: [192.168.47.130] => (item=/usr/local/kubeauto/docker-bin/containerd-shim-runc-v2) 
skipping: [192.168.47.130]

TASK [docker : configure docker daemon] ****************************************
skipping: [192.168.47.130]

TASK [docker : create docker systemd unit file] ********************************
skipping: [192.168.47.130]

TASK [docker : enable docker service on startup] *******************************
skipping: [192.168.47.130]

TASK [docker : start docker service] *******************************************
skipping: [192.168.47.130]

TASK [docker : wait for docker running] ****************************************
skipping: [192.168.47.130]

TASK [docker : configure docker symlink] ***************************************
skipping: [192.168.47.130]

TASK [containerd : prepare containerd-related directories] *********************
changed: [192.168.47.130] => (item=/etc/containerd)
changed: [192.168.47.130] => (item=/etc/containerd/certs.d/docker.io)
changed: [192.168.47.130] => (item=/etc/containerd/certs.d/registry.talkschool.cn:5000)
changed: [192.168.47.130] => (item=/etc/containerd/certs.d/harbor.brinnatt.io.local:8443)

TASK [containerd : prepare INSECURE REGISTRY dirs] *****************************
skipping: [192.168.47.130] => (item=http://registry.talkschool.cn:5000) 
changed: [192.168.47.130] => (item=https://reg.yourcompany.com)

TASK [containerd : load kernel module overlay] *********************************
ok: [192.168.47.130]

TASK [containerd : download containerd binary] *********************************
ok: [192.168.47.130] => (item=/usr/local/kubeauto/extra-bin/containerd-bin/runc)
ok: [192.168.47.130] => (item=/usr/local/kubeauto/extra-bin/containerd-bin/containerd-stress)
ok: [192.168.47.130] => (item=/usr/local/kubeauto/extra-bin/containerd-bin/ctr)
ok: [192.168.47.130] => (item=/usr/local/kubeauto/extra-bin/containerd-bin/containerd)
ok: [192.168.47.130] => (item=/usr/local/kubeauto/extra-bin/containerd-bin/containerd-shim-runc-v2)

TASK [containerd : download crictl] ********************************************
ok: [192.168.47.130]

TASK [containerd : crictl bash completion] *************************************
changed: [192.168.47.130]

TASK [containerd : create containerd configuration file] ***********************
changed: [192.168.47.130]

TASK [containerd : configure docker.io accelerator] ****************************
changed: [192.168.47.130]

TASK [containerd : configure local_registry] ***********************************
changed: [192.168.47.130]

TASK [containerd : configure trusted INSECURE REGISTRY registry] ***************
skipping: [192.168.47.130] => (item=http://registry.talkschool.cn:5000) 
changed: [192.168.47.130] => (item=https://reg.yourcompany.com)

TASK [containerd : configure harbor registry] **********************************
changed: [192.168.47.130]

TASK [containerd : create systemd unit file] ***********************************
changed: [192.168.47.130]

TASK [containerd : create crictl configuration] ********************************
changed: [192.168.47.130]

TASK [containerd : enable containerd service on startup] ***********************
changed: [192.168.47.130]

TASK [containerd : start containerd service] ***********************************
changed: [192.168.47.130]

TASK [containerd : wait for containerd service running] ************************
changed: [192.168.47.130]

PLAY [kube_master] *************************************************************

TASK [Gathering Facts] *********************************************************
ok: [192.168.47.130]

TASK [kube-lb : prepare some dirs] *********************************************
changed: [192.168.47.130] => (item=/etc/kube-lb/sbin)
changed: [192.168.47.130] => (item=/etc/kube-lb/logs)
changed: [192.168.47.130] => (item=/etc/kube-lb/conf)

TASK [kube-lb : download kube-lb(nginx)] ***************************************
changed: [192.168.47.130]

TASK [kube-lb : create kube-lb configuration file] *****************************
changed: [192.168.47.130]

TASK [kube-lb : create kube-lb systemd unit file] ******************************
changed: [192.168.47.130]

TASK [kube-lb : enable kube-lb service on startup] *****************************
changed: [192.168.47.130]

TASK [kube-lb : start kube-lb service] *****************************************
changed: [192.168.47.130]

TASK [kube-lb : wait for kube-lb service running] ******************************
changed: [192.168.47.130]

TASK [kube-master : assure k8s bin can be executable] **************************
ok: [192.168.47.130] => (item=kube-apiserver)
ok: [192.168.47.130] => (item=kube-controller-manager)
ok: [192.168.47.130] => (item=kube-scheduler)
ok: [192.168.47.130] => (item=kubectl)

TASK [kube-master : distribute controller/scheduler kubeconfig] ****************
changed: [192.168.47.130] => (item=kube-controller-manager.kubeconfig)
changed: [192.168.47.130] => (item=kube-scheduler.kubeconfig)

TASK [kube-master : create cluster audit related directories] ******************
skipping: [192.168.47.130] => (item=/etc/kubernetes/audit) 
skipping: [192.168.47.130] => (item=/var/log/kubernetes/audit) 
skipping: [192.168.47.130]

TASK [kube-master : distribute cluster audit configuration file] ***************
skipping: [192.168.47.130]

TASK [kube-master : create kubernetes CSR] *************************************
changed: [192.168.47.130 -> localhost]

TASK [kube-master : create kubernetes cert and private key] ********************
changed: [192.168.47.130 -> localhost]

TASK [kube-master : create aggregator proxy CSR] *******************************
changed: [192.168.47.130 -> localhost]

TASK [kube-master : create aggregator-proxy cert and private key] **************
changed: [192.168.47.130 -> localhost]

TASK [kube-master : distribute kubernetes cert-related files] ******************
changed: [192.168.47.130] => (item=ca.pem)
changed: [192.168.47.130] => (item=ca-key.pem)
changed: [192.168.47.130] => (item=kubernetes.pem)
changed: [192.168.47.130] => (item=kubernetes-key.pem)
changed: [192.168.47.130] => (item=aggregator-proxy.pem)
changed: [192.168.47.130] => (item=aggregator-proxy-key.pem)

TASK [kube-master : correct apiserver socket in kubeconfig] ********************
changed: [192.168.47.130] => (item=/etc/kubernetes/kube-controller-manager.kubeconfig)
changed: [192.168.47.130] => (item=/etc/kubernetes/kube-scheduler.kubeconfig)

TASK [kube-master : create master systemd unit file] ***************************
changed: [192.168.47.130] => (item=kube-apiserver.service)
changed: [192.168.47.130] => (item=kube-controller-manager.service)
changed: [192.168.47.130] => (item=kube-scheduler.service)

TASK [kube-master : enable master service on startup] **************************
changed: [192.168.47.130]

TASK [kube-master : reload systemd and restart kube-apiserver] *****************
changed: [192.168.47.130]

TASK [kube-master : wait for kube-apiserver running] ***************************
changed: [192.168.47.130]

TASK [kube-master : restart kube-controller-manager and kube-scheduler] ********
changed: [192.168.47.130]

TASK [kube-master : wait for kube-controller-manager running] ******************
FAILED - RETRYING: [192.168.47.130]: wait for kube-controller-manager running (8 retries left).
FAILED - RETRYING: [192.168.47.130]: wait for kube-controller-manager running (7 retries left).
changed: [192.168.47.130]

TASK [kube-master : wait for kube-scheduler running] ***************************
changed: [192.168.47.130]

TASK [kube-master : copy kubectl.kubeconfig] ***********************************
changed: [192.168.47.130 -> localhost]

TASK [kube-master : correct apiserver socket in kubeconfig] ********************
ok: [192.168.47.130 -> localhost]

TASK [kube-master : wait for master service running] ***************************
changed: [192.168.47.130 -> localhost]

TASK [kube-master : check if user:kubernetes was bond to related role] *********
changed: [192.168.47.130 -> localhost]

TASK [kube-master : create user:kubernetes role binding] ***********************
changed: [192.168.47.130 -> localhost]

TASK [kube-node : create kube_node related directories] ************************
changed: [192.168.47.130] => (item=/var/lib/kubelet)
changed: [192.168.47.130] => (item=/var/lib/kube-proxy)
ok: [192.168.47.130] => (item=/etc/cni/net.d)
ok: [192.168.47.130] => (item=/opt/cni/bin)

TASK [kube-node : download kubelet,kube-proxy binaries] ************************
ok: [192.168.47.130] => (item=kubectl)
ok: [192.168.47.130] => (item=kubelet)
ok: [192.168.47.130] => (item=kube-proxy)

TASK [kube-node : download cni plugins binaries] *******************************
changed: [192.168.47.130] => (item=/usr/local/kubeauto/extra-bin/cni-bin/portmap)
ok: [192.168.47.130] => (item=/usr/local/kubeauto/extra-bin/cni-bin/README.md)
ok: [192.168.47.130] => (item=/usr/local/kubeauto/extra-bin/cni-bin/static)
ok: [192.168.47.130] => (item=/usr/local/kubeauto/extra-bin/cni-bin/sbr)
changed: [192.168.47.130] => (item=/usr/local/kubeauto/extra-bin/cni-bin/host-local)
ok: [192.168.47.130] => (item=/usr/local/kubeauto/extra-bin/cni-bin/vrf)
ok: [192.168.47.130] => (item=/usr/local/kubeauto/extra-bin/cni-bin/macvlan)
changed: [192.168.47.130] => (item=/usr/local/kubeauto/extra-bin/cni-bin/bandwidth)
ok: [192.168.47.130] => (item=/usr/local/kubeauto/extra-bin/cni-bin/bridge)
ok: [192.168.47.130] => (item=/usr/local/kubeauto/extra-bin/cni-bin/tap)
ok: [192.168.47.130] => (item=/usr/local/kubeauto/extra-bin/cni-bin/ipvlan)
ok: [192.168.47.130] => (item=/usr/local/kubeauto/extra-bin/cni-bin/host-device)
changed: [192.168.47.130] => (item=/usr/local/kubeauto/extra-bin/cni-bin/tuning)
ok: [192.168.47.130] => (item=/usr/local/kubeauto/extra-bin/cni-bin/vlan)
ok: [192.168.47.130] => (item=/usr/local/kubeauto/extra-bin/cni-bin/firewall)
changed: [192.168.47.130] => (item=/usr/local/kubeauto/extra-bin/cni-bin/loopback)
ok: [192.168.47.130] => (item=/usr/local/kubeauto/extra-bin/cni-bin/ptp)
ok: [192.168.47.130] => (item=/usr/local/kubeauto/extra-bin/cni-bin/dummy)
ok: [192.168.47.130] => (item=/usr/local/kubeauto/extra-bin/cni-bin/LICENSE)
ok: [192.168.47.130] => (item=/usr/local/kubeauto/extra-bin/cni-bin/dhcp)

TASK [kube-node : kubectl bash completion] *************************************
changed: [192.168.47.130]

TASK [kube-node : prepare kubelet CSR] *****************************************
changed: [192.168.47.130 -> localhost]

TASK [kube-node : create kubelet cert and private key] *************************
changed: [192.168.47.130 -> localhost]

TASK [kube-node : set cluster params] ******************************************
changed: [192.168.47.130 -> localhost]

TASK [kube-node : set client credential params] ********************************
changed: [192.168.47.130 -> localhost]

TASK [kube-node : set context params] ******************************************
changed: [192.168.47.130 -> localhost]

TASK [kube-node : choose default context] **************************************
changed: [192.168.47.130 -> localhost]

TASK [kube-node : distribute ca cert] ******************************************
ok: [192.168.47.130]

TASK [kube-node : distribute kubelet cert] *************************************
changed: [192.168.47.130] => (item=kubelet.pem)
changed: [192.168.47.130] => (item=kubelet-key.pem)

TASK [kube-node : distribute kubeconfig] ***************************************
changed: [192.168.47.130]

TASK [kube-node : prepare cni configuration file] ******************************
changed: [192.168.47.130]

TASK [kube-node : create kubelet configuration file] ***************************
changed: [192.168.47.130]

TASK [kube-node : check if /run/systemd/resolve/resolv.conf exists] ************
ok: [192.168.47.130]

TASK [kube-node : replace resolvConf param] ************************************
skipping: [192.168.47.130]

TASK [kube-node : create kubelet systemd unit file] ****************************
changed: [192.168.47.130]

TASK [kube-node : enable kubelet service on startup] ***************************
changed: [192.168.47.130]

TASK [kube-node : start kubelet service] ***************************************
changed: [192.168.47.130]

TASK [kube-node : distribute kube-proxy.kubeconfig configuration file] *********
changed: [192.168.47.130]

TASK [kube-node : correct apiserver socket in kube-proxy.kubeconfig] ***********
changed: [192.168.47.130]

TASK [kube-node : create kube-proxy configuration] *****************************
changed: [192.168.47.130]

TASK [kube-node : create kube-proxy service file] ******************************
changed: [192.168.47.130]

TASK [kube-node : enable kube-proxy service on startup] ************************
changed: [192.168.47.130]

TASK [kube-node : start kube-proxy service] ************************************
changed: [192.168.47.130]

TASK [kube-node : wait for kube-proxy running] *********************************
changed: [192.168.47.130]

TASK [kube-node : wait for kubelet running] ************************************
changed: [192.168.47.130]

TASK [kube-node : wait for node Ready] *****************************************
changed: [192.168.47.130 -> localhost]

TASK [kube-node : Setting worker role name] ************************************
changed: [192.168.47.130 -> localhost]

TASK [kube-node : Setting master role name] ************************************
changed: [192.168.47.130 -> localhost]

TASK [kube-node : Making master nodes SchedulingDisabled] **********************
skipping: [192.168.47.130]

PLAY [kube_node] ***************************************************************

TASK [Gathering Facts] *********************************************************
ok: [192.168.47.130]

TASK [kube-lb : prepare some dirs] *********************************************
skipping: [192.168.47.130] => (item=/etc/kube-lb/sbin) 
skipping: [192.168.47.130] => (item=/etc/kube-lb/logs) 
skipping: [192.168.47.130] => (item=/etc/kube-lb/conf) 
skipping: [192.168.47.130]

TASK [kube-lb : download kube-lb(nginx)] ***************************************
skipping: [192.168.47.130]

TASK [kube-lb : create kube-lb configuration file] *****************************
skipping: [192.168.47.130]

TASK [kube-lb : create kube-lb systemd unit file] ******************************
skipping: [192.168.47.130]

TASK [kube-lb : enable kube-lb service on startup] *****************************
skipping: [192.168.47.130]

TASK [kube-lb : start kube-lb service] *****************************************
skipping: [192.168.47.130]

TASK [kube-lb : wait for kube-lb service running] ******************************
skipping: [192.168.47.130]

TASK [kube-node : create kube_node related directories] ************************
skipping: [192.168.47.130] => (item=/var/lib/kubelet) 
skipping: [192.168.47.130] => (item=/var/lib/kube-proxy) 
skipping: [192.168.47.130] => (item=/etc/cni/net.d) 
skipping: [192.168.47.130] => (item=/opt/cni/bin) 
skipping: [192.168.47.130]

TASK [kube-node : download kubelet,kube-proxy binaries] ************************
skipping: [192.168.47.130] => (item=kubectl) 
skipping: [192.168.47.130] => (item=kubelet) 
skipping: [192.168.47.130] => (item=kube-proxy) 
skipping: [192.168.47.130]

TASK [kube-node : download cni plugins binaries] *******************************
skipping: [192.168.47.130] => (item=/usr/local/kubeauto/extra-bin/cni-bin/portmap) 
skipping: [192.168.47.130] => (item=/usr/local/kubeauto/extra-bin/cni-bin/README.md) 
skipping: [192.168.47.130] => (item=/usr/local/kubeauto/extra-bin/cni-bin/static) 
skipping: [192.168.47.130] => (item=/usr/local/kubeauto/extra-bin/cni-bin/sbr) 
skipping: [192.168.47.130] => (item=/usr/local/kubeauto/extra-bin/cni-bin/host-local) 
skipping: [192.168.47.130] => (item=/usr/local/kubeauto/extra-bin/cni-bin/vrf) 
skipping: [192.168.47.130] => (item=/usr/local/kubeauto/extra-bin/cni-bin/macvlan) 
skipping: [192.168.47.130] => (item=/usr/local/kubeauto/extra-bin/cni-bin/bandwidth) 
skipping: [192.168.47.130] => (item=/usr/local/kubeauto/extra-bin/cni-bin/bridge) 
skipping: [192.168.47.130] => (item=/usr/local/kubeauto/extra-bin/cni-bin/tap) 
skipping: [192.168.47.130] => (item=/usr/local/kubeauto/extra-bin/cni-bin/ipvlan) 
skipping: [192.168.47.130] => (item=/usr/local/kubeauto/extra-bin/cni-bin/host-device) 
skipping: [192.168.47.130] => (item=/usr/local/kubeauto/extra-bin/cni-bin/tuning) 
skipping: [192.168.47.130] => (item=/usr/local/kubeauto/extra-bin/cni-bin/vlan) 
skipping: [192.168.47.130] => (item=/usr/local/kubeauto/extra-bin/cni-bin/firewall) 
skipping: [192.168.47.130] => (item=/usr/local/kubeauto/extra-bin/cni-bin/loopback) 
skipping: [192.168.47.130] => (item=/usr/local/kubeauto/extra-bin/cni-bin/ptp) 
skipping: [192.168.47.130] => (item=/usr/local/kubeauto/extra-bin/cni-bin/dummy) 
skipping: [192.168.47.130] => (item=/usr/local/kubeauto/extra-bin/cni-bin/LICENSE) 
skipping: [192.168.47.130] => (item=/usr/local/kubeauto/extra-bin/cni-bin/dhcp) 
skipping: [192.168.47.130]

TASK [kube-node : kubectl bash completion] *************************************
skipping: [192.168.47.130]

TASK [kube-node : prepare kubelet CSR] *****************************************
skipping: [192.168.47.130]

TASK [kube-node : create kubelet cert and private key] *************************
skipping: [192.168.47.130]

TASK [kube-node : set cluster params] ******************************************
skipping: [192.168.47.130]

TASK [kube-node : set client credential params] ********************************
skipping: [192.168.47.130]

TASK [kube-node : set context params] ******************************************
skipping: [192.168.47.130]

TASK [kube-node : choose default context] **************************************
skipping: [192.168.47.130]

TASK [kube-node : distribute ca cert] ******************************************
skipping: [192.168.47.130]

TASK [kube-node : distribute kubelet cert] *************************************
skipping: [192.168.47.130] => (item=kubelet.pem) 
skipping: [192.168.47.130] => (item=kubelet-key.pem) 
skipping: [192.168.47.130]

TASK [kube-node : distribute kubeconfig] ***************************************
skipping: [192.168.47.130]

TASK [kube-node : prepare cni configuration file] ******************************
skipping: [192.168.47.130]

TASK [kube-node : create kubelet configuration file] ***************************
skipping: [192.168.47.130]

TASK [kube-node : check if /run/systemd/resolve/resolv.conf exists] ************
skipping: [192.168.47.130]

TASK [kube-node : replace resolvConf param] ************************************
skipping: [192.168.47.130]

TASK [kube-node : create kubelet systemd unit file] ****************************
skipping: [192.168.47.130]

TASK [kube-node : enable kubelet service on startup] ***************************
skipping: [192.168.47.130]

TASK [kube-node : start kubelet service] ***************************************
skipping: [192.168.47.130]

TASK [kube-node : distribute kube-proxy.kubeconfig configuration file] *********
skipping: [192.168.47.130]

TASK [kube-node : correct apiserver socket in kube-proxy.kubeconfig] ***********
skipping: [192.168.47.130]

TASK [kube-node : create kube-proxy configuration] *****************************
skipping: [192.168.47.130]

TASK [kube-node : create kube-proxy service file] ******************************
skipping: [192.168.47.130]

TASK [kube-node : enable kube-proxy service on startup] ************************
skipping: [192.168.47.130]

TASK [kube-node : start kube-proxy service] ************************************
skipping: [192.168.47.130]

TASK [kube-node : wait for kube-proxy running] *********************************
skipping: [192.168.47.130]

TASK [kube-node : wait for kubelet running] ************************************
skipping: [192.168.47.130]

TASK [kube-node : wait for node Ready] *****************************************
skipping: [192.168.47.130]

TASK [kube-node : Setting worker role name] ************************************
skipping: [192.168.47.130]

TASK [kube-node : Setting master role name] ************************************
skipping: [192.168.47.130]

TASK [kube-node : Making master nodes SchedulingDisabled] **********************
skipping: [192.168.47.130]

PLAY [kube_master,kube_node] ***************************************************

TASK [Gathering Facts] *********************************************************
ok: [192.168.47.130]

TASK [calico : create calico CSR] **********************************************
changed: [192.168.47.130 -> localhost]

TASK [calico : create calico cert and private key] *****************************
changed: [192.168.47.130 -> localhost]

TASK [calico : delete old calico-etcd-secrets] *********************************
skipping: [192.168.47.130]

TASK [calico : create calico-etcd-secrets] *************************************
changed: [192.168.47.130 -> localhost]

TASK [calico : configure calico DaemonSet yaml file] ***************************
changed: [192.168.47.130 -> localhost]

TASK [calico : delete calico network] ******************************************
skipping: [192.168.47.130]

TASK [calico : apply calico network] *******************************************
changed: [192.168.47.130 -> localhost]

TASK [calico : prepare some dirs] **********************************************
changed: [192.168.47.130] => (item=/etc/calico/ssl)

TASK [calico : distribute calico cert-related files] ***************************
changed: [192.168.47.130] => (item=ca.pem)
changed: [192.168.47.130] => (item=calico.pem)
changed: [192.168.47.130] => (item=calico-key.pem)

TASK [calico : delete default cni configuration] *******************************
changed: [192.168.47.130]

TASK [calico : download calicoctl client command] ******************************
ok: [192.168.47.130] => (item=calicoctl)

TASK [calico : prepare calicoctl configuration file] ***************************
changed: [192.168.47.130]

TASK [calico : wait for calico-node running in a polling manner] ***************
FAILED - RETRYING: [192.168.47.130 -> localhost]: wait for calico-node running in a polling manner (15 retries left).
changed: [192.168.47.130 -> localhost]

TASK [calico : choose default rr nodes(master nodes by default)] ***************
skipping: [192.168.47.130]

TASK [calico : choose user-defined rr nodes] ***********************************
skipping: [192.168.47.130]

TASK [calico : show rr nodes] **************************************************
skipping: [192.168.47.130]

TASK [calico : configure routeReflectorClusterID] ******************************
skipping: [192.168.47.130]

TASK [calico : node label] *****************************************************
skipping: [192.168.47.130]

TASK [calico : configure calico bgp yaml file] *********************************
skipping: [192.168.47.130] => (item=bgp-default.yaml) 
skipping: [192.168.47.130] => (item=bgp-rr.yaml) 
skipping: [192.168.47.130]

TASK [calico : apply calico bgp configuration] *********************************
skipping: [192.168.47.130]

TASK [calico : check bgp connection] *******************************************
skipping: [192.168.47.130]

TASK [calico : debug] **********************************************************
skipping: [192.168.47.130]

TASK [cilium : revise kernel version with float type] **************************
skipping: [192.168.47.130]

TASK [cilium : check if kernel version > 4.9] **********************************
skipping: [192.168.47.130]

TASK [cilium : create cilium chart setting] ************************************
skipping: [192.168.47.130]

TASK [cilium : helm delete cilium v1.19.5] *************************************
skipping: [192.168.47.130]

TASK [cilium : helm create cilium v1.19.5] *************************************
skipping: [192.168.47.130]

TASK [cilium : download client tools] ******************************************
skipping: [192.168.47.130] => (item=cilium) 
skipping: [192.168.47.130] => (item=hubble) 
skipping: [192.168.47.130]

TASK [cilium : delete default cni configurations] ******************************
skipping: [192.168.47.130]

TASK [cilium : wait for cilium-node running in a polling manner] ***************
skipping: [192.168.47.130]

TASK [cilium : restart hubble-ui after CNI is up (avoids frontend probe failure during bootstrap)] ***
skipping: [192.168.47.130]

TASK [cilium : restart hubble-relay pod] ***************************************
skipping: [192.168.47.130]

TASK [flannel : configure flannel DaemonSet yaml file] *************************
skipping: [192.168.47.130]

TASK [flannel : delete flannel network before applying] ************************
skipping: [192.168.47.130]

TASK [flannel : apply flannel network] *****************************************
skipping: [192.168.47.130]

TASK [flannel : delete default cni configuration] ******************************
skipping: [192.168.47.130]

TASK [flannel : wait for flannel running in a polling manner] ******************
skipping: [192.168.47.130]

TASK [kube-router : prepare to configure kube-router DaemonSet] ****************
skipping: [192.168.47.130]

TASK [kube-router : delete kube-router DaemonSet] ******************************
skipping: [192.168.47.130]

TASK [kube-router : apply kube-router DaemonSet] *******************************
skipping: [192.168.47.130]

TASK [kube-router : delete default cni configurations] *************************
skipping: [192.168.47.130]

TASK [kube-router : wait for kube-router running in a polling manner] **********
skipping: [192.168.47.130]

TASK [kube-ovn : delete default cni configurations] ****************************
skipping: [192.168.47.130]

TASK [kube-ovn : prepare kube-ovn-related files] *******************************
skipping: [192.168.47.130] => (item=install.sh) 
skipping: [192.168.47.130] => (item=coredns.yaml) 
skipping: [192.168.47.130]

TASK [kube-ovn : prepare dnscache deployment file with ipvs] *******************
skipping: [192.168.47.130]

TASK [kube-ovn : prepare dnscache deployment file with iptables] ***************
skipping: [192.168.47.130]

TASK [kube-ovn : apply coredns, dnscache yaml] *********************************
skipping: [192.168.47.130]

TASK [kube-ovn : install kube-ovn network] *************************************
skipping: [192.168.47.130]

TASK [kube-ovn : wait for kube-ovn running in a polling manner] ****************
skipping: [192.168.47.130]

PLAY [kube_master,kube_node] ***************************************************

TASK [Gathering Facts] *********************************************************
ok: [192.168.47.130]

TASK [wait for node Ready] *****************************************************
changed: [192.168.47.130 -> localhost]

TASK [Setting worker role name] ************************************************
changed: [192.168.47.130 -> localhost]

TASK [Setting master role name] ************************************************
changed: [192.168.47.130 -> localhost]

TASK [Making master nodes SchedulingDisabled] **********************************
skipping: [192.168.47.130]

PLAY [localhost] ***************************************************************

TASK [Gathering Facts] *********************************************************
ok: [localhost]

TASK [cluster-addon : 获取所有已经创建的POD信息] *******************************
changed: [localhost]

TASK [cluster-addon : 准备 DNS的部署文件] **************************************
changed: [localhost]

TASK [cluster-addon : 删除coredns部署] *****************************************
skipping: [localhost]

TASK [cluster-addon : 创建coredns部署] *****************************************
changed: [localhost]

TASK [cluster-addon : 准备dnscache的部署文件] **********************************
changed: [localhost]

TASK [cluster-addon : 准备dnscache的部署文件] **********************************
skipping: [localhost]

TASK [cluster-addon : 删除dnscache部署] ****************************************
skipping: [localhost]

TASK [cluster-addon : 创建dnscache部署] ****************************************
changed: [localhost]

TASK [cluster-addon : 准备 metrics-server的部署文件] ***************************
changed: [localhost]

TASK [cluster-addon : 删除 metrics-server部署] *********************************
skipping: [localhost]

TASK [cluster-addon : 创建 metrics-server部署] *********************************
changed: [localhost]

TASK [cluster-addon : prepare some dirs] ***************************************
skipping: [localhost]

TASK [cluster-addon : 准备 dashboard的部署文件] ********************************
skipping: [localhost] => (item=dashboard-values.yaml) 
skipping: [localhost] => (item=admin-user-sa-rbac.yaml) 
skipping: [localhost] => (item=read-user-sa-rbac.yaml) 
skipping: [localhost]

TASK [cluster-addon : 创建 dashboard部署] **************************************
skipping: [localhost]

TASK [cluster-addon : 创建用户admin,read] **************************************
skipping: [localhost]

TASK [cluster-addon : 准备 local-storage 配置目录] *****************************
skipping: [localhost]

TASK [cluster-addon : 准备 local-storage部署文件] ******************************
skipping: [localhost] => (item=local-path-storage.yaml) 
skipping: [localhost] => (item=test-pod.yaml) 
skipping: [localhost]

TASK [cluster-addon : 创建 local-storage部署] **********************************
skipping: [localhost]

TASK [cluster-addon : 准备 nfs-provisioner 配置目录] ***************************
skipping: [localhost]

TASK [cluster-addon : 准备 nfs-provisioner部署文件] ****************************
skipping: [localhost] => (item=nfs-provisioner.yaml) 
skipping: [localhost] => (item=test-pod.yaml) 
skipping: [localhost]

TASK [cluster-addon : 创建 nfs-provisioner部署] ********************************
skipping: [localhost]

TASK [cluster-addon : 清理 snapshot-controller crd] ****************************
skipping: [localhost]

TASK [cluster-addon : prepare some dirs] ***************************************
skipping: [localhost]

TASK [cluster-addon : 创建命名空间openebs] *************************************
skipping: [localhost]

TASK [cluster-addon : 创建chart 个性化设置] ************************************
skipping: [localhost] => (item=values.yaml) 
skipping: [localhost] => (item=sc.yaml) 
skipping: [localhost]

TASK [cluster-addon : helm 部署 openebs operator] ******************************
skipping: [localhost]

TASK [cluster-addon : 轮询等待部署 openebs] ************************************
skipping: [localhost]

TASK [cluster-addon : 轮询等待lvm-localpv-controller 运行] *********************
skipping: [localhost]

TASK [cluster-addon : 创建lvm storageclass] ************************************
skipping: [localhost]

TASK [cluster-addon : 获取是否已创建命名空间monitor] ***************************
skipping: [localhost]

TASK [cluster-addon : 创建命名空间monitor] *************************************
skipping: [localhost]

TASK [cluster-addon : get etcd-client-cert info] *******************************
skipping: [localhost]

TASK [cluster-addon : 创建etcd-client 证书请求] ********************************
skipping: [localhost]

TASK [cluster-addon : 创建 etcd-client证书和私钥] ******************************
skipping: [localhost]

TASK [cluster-addon : 删除 etcd-client-cert] ***********************************
skipping: [localhost]

TASK [cluster-addon : 创建 etcd-client-cert] ***********************************
skipping: [localhost]

TASK [cluster-addon : debug] ***************************************************
skipping: [localhost]

TASK [cluster-addon : 创建 prom chart 个性化设置] ******************************
skipping: [localhost]

TASK [cluster-addon : helm 删除 kube-prometheus-stack 75.7.0] ******************
skipping: [localhost]

TASK [cluster-addon : helm 创建 kube-prometheus-stack 75.7.0] ******************
skipping: [localhost]

TASK [cluster-addon : prepare some dirs] ***************************************
skipping: [localhost]

TASK [cluster-addon : 创建命名空间minio] ***************************************
skipping: [localhost]

TASK [cluster-addon : get minio-global-cert info] ******************************
skipping: [localhost]

TASK [cluster-addon : 创建 minio-global-cert] **********************************
skipping: [localhost]

TASK [cluster-addon : 创建chart 个性化设置] ************************************
skipping: [localhost] => (item=operator-values.yaml) 
skipping: [localhost] => (item=tenant-values.yaml) 
skipping: [localhost]

TASK [cluster-addon : helm 部署 minio operator] ********************************
skipping: [localhost]

TASK [cluster-addon : 轮询等待部署 minio operator] *****************************
skipping: [localhost]

TASK [cluster-addon : helm 部署 minio tenant] **********************************
skipping: [localhost]

TASK [cluster-addon : 准备 nacos的部署文件] ************************************
skipping: [localhost]

TASK [cluster-addon : 创建命名空间nacos] ***************************************
skipping: [localhost]

TASK [cluster-addon : 创建 nacos部署] ******************************************
skipping: [localhost]

TASK [cluster-addon : 创建命名空间rocketmq] ************************************
skipping: [localhost]

TASK [cluster-addon : helm 部署 rocketmq operator] *****************************
skipping: [localhost]

TASK [cluster-addon : 轮询等待 rocketmq operator 运行] *************************
skipping: [localhost]

TASK [cluster-addon : 准备 rocketmq 部署文件] **********************************
skipping: [localhost]

TASK [cluster-addon : 部署 rocketmq cluster] ***********************************
skipping: [localhost]

TASK [cluster-addon : 准备 cilium-check 配置目录] ******************************
skipping: [localhost]

TASK [cluster-addon : 准备部署文件] ********************************************
skipping: [localhost] => (item=connectivity-check.yaml) 
skipping: [localhost] => (item=check-part1.yaml) 
skipping: [localhost] => (item=namespace.yaml) 
skipping: [localhost]

TASK [cluster-addon : 创建测试namespace] ***************************************
skipping: [localhost]

TASK [cluster-addon : 创建测试part1] *******************************************
skipping: [localhost]

TASK [cluster-addon : 轮询等待echo pod运行，视下载镜像速度而定] ****************
skipping: [localhost]

TASK [cluster-addon : 创建完整测试connectivity-check] **************************
skipping: [localhost]

TASK [cluster-addon : debug] ***************************************************
skipping: [localhost]

TASK [cluster-addon : 准备 network-check 配置目录] *****************************
skipping: [localhost]

TASK [cluster-addon : 准备部署文件] ********************************************
skipping: [localhost] => (item=network-check.yaml) 
skipping: [localhost] => (item=namespace.yaml) 
skipping: [localhost]

TASK [cluster-addon : 创建测试namespace] ***************************************
skipping: [localhost]

TASK [cluster-addon : 创建完整测试network-check] *******************************
skipping: [localhost]

TASK [cluster-addon : debug] ***************************************************
skipping: [localhost]

TASK [cluster-addon : prepare some dirs] ***************************************
skipping: [localhost]

TASK [cluster-addon : 创建命名空间ingress-nginx] *******************************
skipping: [localhost]

TASK [cluster-addon : label nodes for ingress-nginx controller] ****************
skipping: [localhost]

TASK [cluster-addon : 创建chart 个性化设置] ************************************
skipping: [localhost] => (item=values.yaml) 
skipping: [localhost]

TASK [cluster-addon : helm 部署 ingress-nginx] *********************************
skipping: [localhost]

TASK [cluster-addon : 轮询等待部署 ingress-nginx] ******************************
skipping: [localhost]

TASK [cluster-addon : 提示 WARNNING] *******************************************
skipping: [localhost]

PLAY RECAP *********************************************************************
192.168.47.130             : ok=128  changed=92   unreachable=0    failed=0    skipped=134  rescued=0    ignored=0   
192.168.47.142             : ok=42   changed=16   unreachable=0    failed=0    skipped=40   rescued=0    ignored=0   
localhost                  : ok=39   changed=35   unreachable=0    failed=0    skipped=79   rescued=0    ignored=0   
[2026-07-16 21:45:20] [INFO] [service.cluster.manager] Cluster setup completed (playbook 90.setup.yml).
[PASS] R2 test-ded-etcd
========== R3 cilium live reverify ==========
[2026-07-16 21:45:21] [ERROR] [controller.cluster.cli] Cluster test133-cilium not found
[2026-07-16 21:45:22] [INFO] [service.cluster.manager] Cluster test133-cilium created. Next: edit /usr/local/kubeauto/clusters/test133-cilium/hosts and /usr/local/kubeauto/clusters/test133-cilium/config.yml, then run setup.
Created /usr/local/kubeauto/clusters/test133-cilium/hosts (cilium/ipvs)
Note: run 'kubecli new test133-cilium' first so config.yml placeholders are resolved
>>> kubecli setup test133-cilium 90
[2026-07-16 21:45:22] [INFO] [service.cluster.manager] Ansible Python policy (ansible-core 2.17): control node Python >=3.10, target module runtime Python >=3.9
[2026-07-16 21:45:22] [INFO] [service.cluster.manager] Setting up cluster with playbook 90.setup.yml.
[2026-07-16 21:45:22] [INFO] [service.cluster.manager] Component versions (kubernetes / etcd / network):
[2026-07-16 21:45:22] [INFO] [service.cluster.manager]   kubernetes: v1.33.6, etcd: v3.6.4, cilium: v1.19.5
[WARNING]: Collection ansible.posix does not support Ansible version 2.17.14

PLAY [kube_master,kube_node,etcd,ex_lb,chrony] *********************************

TASK [Gathering Facts] *********************************************************
ok: [192.168.47.133]

TASK [chrony : check if chronyd running, break the role] ***********************
skipping: [192.168.47.133]

TASK [chrony : terminate the play if chronyd running] **************************
skipping: [192.168.47.133]

TASK [chrony : uninstall residual ntp chrony] **********************************
skipping: [192.168.47.133] => (item=ntp) 
skipping: [192.168.47.133] => (item=chrony) 
skipping: [192.168.47.133]

TASK [chrony : prepare some dirs] **********************************************
skipping: [192.168.47.133] => (item=/etc/chrony) 
skipping: [192.168.47.133] => (item=/var/lib/chrony) 
skipping: [192.168.47.133] => (item=/var/log/chrony) 
skipping: [192.168.47.133]

TASK [chrony : distribute chronyd binary] **************************************
skipping: [192.168.47.133]

TASK [chrony : create chronyd systemd unit file] *******************************
skipping: [192.168.47.133]

TASK [chrony : configure chrony server] ****************************************
skipping: [192.168.47.133]

TASK [chrony : configure chrony client] ****************************************
skipping: [192.168.47.133]

TASK [chrony : enable chronyd service on startup] ******************************
skipping: [192.168.47.133]

TASK [chrony : start chronyd service] ******************************************
skipping: [192.168.47.133]

TASK [chrony : wait for chronyd running] ***************************************
skipping: [192.168.47.133]

PLAY [localhost] ***************************************************************

TASK [Gathering Facts] *********************************************************
ok: [localhost]

TASK [deploy : prepare some dirs] **********************************************
changed: [localhost] => (item=/usr/local/kubeauto/clusters/test133-cilium/ssl)
changed: [localhost] => (item=/usr/local/kubeauto/clusters/test133-cilium/backup)
changed: [localhost] => (item=/usr/local/kubeauto/clusters/test133-cilium/yml)
ok: [localhost] => (item=~/.kube)

TASK [deploy : set extra-bin directory permission] *****************************
ok: [localhost]

TASK [deploy : read ca cert stat information into p] ***************************
ok: [localhost]

TASK [deploy : prepare ca configuration and cert request] **********************
changed: [localhost] => (item=ca-config.json)
changed: [localhost] => (item=ca-csr.json)

TASK [deploy : generate CA cert and private key] *******************************
changed: [localhost]

TASK [deploy : prepare admin csr for kubectl usage] ****************************
changed: [localhost]

TASK [deploy : create admin cert and private key] ******************************
changed: [localhost]

TASK [deploy : set cluster params] *********************************************
changed: [localhost]

TASK [deploy : set client credential params] ***********************************
changed: [localhost]

TASK [deploy : set context params] *********************************************
changed: [localhost]

TASK [deploy : choose default context] *****************************************
changed: [localhost]

TASK [deploy : install kubeconfig] *********************************************
changed: [localhost]

TASK [deploy : create self-defined user certs directory] ***********************
skipping: [localhost]

TASK [deploy : prepare CA configuration] ***************************************
skipping: [localhost]

TASK [deploy : prepare {{ USER_NAME }} cert request for kubectl] ***************
skipping: [localhost]

TASK [deploy : create {{ USER_NAME }} cert and private key] ********************
skipping: [localhost]

TASK [deploy : set cluster params] *********************************************
skipping: [localhost]

TASK [deploy : set client credential params] ***********************************
skipping: [localhost]

TASK [deploy : set context params] *********************************************
skipping: [localhost]

TASK [deploy : choose default context] *****************************************
skipping: [localhost]

TASK [deploy : generate clusterrolebind configuration] *************************
skipping: [localhost]

TASK [deploy : create clusterrolebind] *****************************************
skipping: [localhost]

TASK [deploy : debug] **********************************************************
skipping: [localhost]

TASK [deploy : prepare kube-proxy csr] *****************************************
changed: [localhost]

TASK [deploy : create kube-proxy cert and private key] *************************
changed: [localhost]

TASK [deploy : set cluster params] *********************************************
changed: [localhost]

TASK [deploy : set client credential params] ***********************************
changed: [localhost]

TASK [deploy : set context params] *********************************************
changed: [localhost]

TASK [deploy : choose default context] *****************************************
changed: [localhost]

TASK [deploy : prepare kube-controller-manager csr] ****************************
changed: [localhost]

TASK [deploy : create kube-controller-manager cert and private key] ************
changed: [localhost]

TASK [deploy : set cluster params] *********************************************
changed: [localhost]

TASK [deploy : set client credential params] ***********************************
changed: [localhost]

TASK [deploy : set context params] *********************************************
changed: [localhost]

TASK [deploy : choose default context] *****************************************
changed: [localhost]

TASK [deploy : prepare kube-scheduler csr] *************************************
changed: [localhost]

TASK [deploy : create kube-scheduler cert and private key] *********************
changed: [localhost]

TASK [deploy : set cluster params] *********************************************
changed: [localhost]

TASK [deploy : set client credential params] ***********************************
changed: [localhost]

TASK [deploy : set context params] *********************************************
changed: [localhost]

TASK [deploy : choose default context] *****************************************
changed: [localhost]

PLAY [kube_master,kube_node,etcd] **********************************************

TASK [Gathering Facts] *********************************************************
ok: [192.168.47.133]

TASK [prepare : read the prepare tasks file] ***********************************
ok: [192.168.47.133]

TASK [prepare : indicates the prepare tasks finished already] ******************
skipping: [192.168.47.133]

TASK [prepare : copy huawei cloud apt mirror script] ***************************
skipping: [192.168.47.133]

TASK [prepare : apply huawei cloud apt mirror] *********************************
skipping: [192.168.47.133]

TASK [prepare : update apt cache] **********************************************
skipping: [192.168.47.133]

TASK [prepare : delete ubuntu default software] ********************************
skipping: [192.168.47.133]

TASK [prepare : install ubuntu/debian basic software] **************************
skipping: [192.168.47.133]

TASK [prepare : create journal relative directory] *****************************
skipping: [192.168.47.133] => (item=/etc/systemd/journald.conf.d) 
skipping: [192.168.47.133] => (item=/var/log/journal) 
skipping: [192.168.47.133]

TASK [prepare : optimize journal params] ***************************************
skipping: [192.168.47.133]

TASK [prepare : restart journald service] **************************************
skipping: [192.168.47.133]

TASK [prepare : copy huawei cloud yum/dnf mirror script] ***********************
ok: [192.168.47.133]

TASK [prepare : apply huawei cloud yum/dnf mirror] *****************************
ok: [192.168.47.133]

TASK [prepare : detect ansible-compatible python on target] ********************
ok: [192.168.47.133]

TASK [prepare : install python39 for ansible (RHEL8 family, only when no compatible python)] ***
skipping: [192.168.47.133]

TASK [prepare : delete centos/redhat default software] *************************
ok: [192.168.47.133]

TASK [prepare : install basic system software] *********************************
ok: [192.168.47.133]

TASK [prepare : disable selinux right now] *************************************
changed: [192.168.47.133]

TASK [prepare : check if /etc/selinux/config exists] ***************************
ok: [192.168.47.133]

TASK [prepare : disable selinux forever] ***************************************
ok: [192.168.47.133]

TASK [prepare : disable selinux forever] ***************************************
skipping: [192.168.47.133]

TASK [prepare : forbidden rsyslog fetch journald 1, avoid double handling logs and wasting disk space] ***
ok: [192.168.47.133]

TASK [prepare : forbidden rsyslog fetch journald 2, avoid double handling logs and wasting disk space] ***
ok: [192.168.47.133]

TASK [prepare : restart rsyslog service] ***************************************
changed: [192.168.47.133]

TASK [prepare : copy huawei cloud zypper mirror script] ************************
skipping: [192.168.47.133]

TASK [prepare : apply huawei cloud zypper mirror] ******************************
skipping: [192.168.47.133]

TASK [prepare : install basic system software] *********************************
skipping: [192.168.47.133]

TASK [prepare : copy huawei cloud yum/dnf mirror script] ***********************
skipping: [192.168.47.133]

TASK [prepare : apply huawei cloud yum/dnf mirror] *****************************
skipping: [192.168.47.133]

TASK [prepare : detect ansible-compatible python on target] ********************
skipping: [192.168.47.133]

TASK [prepare : install python39 for ansible (RHEL8 family, only when no compatible python)] ***
skipping: [192.168.47.133]

TASK [prepare : delete centos/redhat default software] *************************
skipping: [192.168.47.133]

TASK [prepare : install basic system software] *********************************
skipping: [192.168.47.133]

TASK [prepare : disable selinux right now] *************************************
skipping: [192.168.47.133]

TASK [prepare : check if /etc/selinux/config exists] ***************************
skipping: [192.168.47.133]

TASK [prepare : disable selinux forever] ***************************************
skipping: [192.168.47.133]

TASK [prepare : disable selinux forever] ***************************************
skipping: [192.168.47.133]

TASK [prepare : forbidden rsyslog fetch journald 1, avoid double handling logs and wasting disk space] ***
skipping: [192.168.47.133]

TASK [prepare : forbidden rsyslog fetch journald 2, avoid double handling logs and wasting disk space] ***
skipping: [192.168.47.133]

TASK [prepare : restart rsyslog service] ***************************************
skipping: [192.168.47.133]

TASK [prepare : disable swap] **************************************************
changed: [192.168.47.133]

TASK [prepare : delete fstab swap configuration] *******************************
ok: [192.168.47.133]

TASK [prepare : load kernel module] ********************************************
ok: [192.168.47.133] => (item=br_netfilter)
ok: [192.168.47.133] => (item=dm_snapshot)
ok: [192.168.47.133] => (item=dm_thin_pool)
ok: [192.168.47.133] => (item=ip_vs)
ok: [192.168.47.133] => (item=ip_vs_rr)
ok: [192.168.47.133] => (item=ip_vs_wrr)
ok: [192.168.47.133] => (item=ip_vs_sh)
ok: [192.168.47.133] => (item=nf_conntrack)

TASK [prepare : try to load nf_conntrack_ipv4] *********************************
changed: [192.168.47.133]

TASK [prepare : enable systemd loading module automatically] *******************
ok: [192.168.47.133]

TASK [prepare : load kernel module on startup] *********************************
ok: [192.168.47.133]

TASK [prepare : set system params] *********************************************
ok: [192.168.47.133]

TASK [prepare : check if fs.may_detach_mounts needs to be set] *****************
ok: [192.168.47.133]

TASK [prepare : if needed, set fs.may_detach_mounts as 1] **********************
skipping: [192.168.47.133]

TASK [prepare : check if net.ipv4.tcp_tw_recycle needs to be set] **************
ok: [192.168.47.133]

TASK [prepare : if needed, set tcp_tw_recycle] *********************************
skipping: [192.168.47.133]

TASK [prepare : take effect on system] *****************************************
changed: [192.168.47.133]

TASK [prepare : create systemd configuration directory] ************************
ok: [192.168.47.133]

TASK [prepare : set system param ulimits] **************************************
ok: [192.168.47.133]

TASK [prepare : take SCTP to kernel module blacklist] **************************
ok: [192.168.47.133]

TASK [prepare : prepare some dirs] *********************************************
ok: [192.168.47.133] => (item=/usr/local/bin)
changed: [192.168.47.133] => (item=/etc/kubernetes/ssl)
ok: [192.168.47.133] => (item=/root/.kube)

TASK [prepare : copy kubectl kubeconfig to home dir] ***************************
changed: [192.168.47.133]

TASK [prepare : add hosts entry to resolve local registry] *********************
ok: [192.168.47.133]

TASK [prepare : set node hostname] *********************************************
changed: [192.168.47.133]

TASK [prepare : the master[0] resolves all hosts master-133 in /etc/hosts] *****
changed: [192.168.47.133]

TASK [prepare : get /etc/hosts from the master[0]] *****************************
changed: [192.168.47.133]

TASK [prepare : delete /etc/hosts in the master[0]] ****************************
changed: [192.168.47.133]

TASK [prepare : sync /etc/hosts to all hosts] **********************************
changed: [192.168.47.133] => (item=192.168.47.133)
ok: [192.168.47.133] => (item=192.168.47.133)

TASK [prepare : set prepare tasks label file] **********************************
changed: [192.168.47.133]

PLAY [etcd] ********************************************************************

TASK [Gathering Facts] *********************************************************
ok: [192.168.47.133]

TASK [etcd : prepare some dirs] ************************************************
changed: [192.168.47.133]

TASK [etcd : download etcd binary] *********************************************
ok: [192.168.47.133] => (item=etcd)
ok: [192.168.47.133] => (item=etcdctl)
ok: [192.168.47.133] => (item=etcdutl)

TASK [etcd : create etcd CSR] **************************************************
changed: [192.168.47.133 -> localhost]

TASK [etcd : create etcd certs and private key] ********************************
changed: [192.168.47.133 -> localhost]

TASK [etcd : distribute etcd cert-related files] *******************************
changed: [192.168.47.133] => (item=ca.pem)
changed: [192.168.47.133] => (item=etcd.pem)
changed: [192.168.47.133] => (item=etcd-key.pem)

TASK [etcd : create etcd systemd unit file] ************************************
changed: [192.168.47.133]

TASK [etcd : enable etcd service on startup] ***********************************
changed: [192.168.47.133]

TASK [etcd : start etcd service] ***********************************************
changed: [192.168.47.133]

TASK [etcd : wait for etcd service running] ************************************
changed: [192.168.47.133]

PLAY [kube_master,kube_node] ***************************************************

TASK [Gathering Facts] *********************************************************
ok: [192.168.47.133]

TASK [docker : check if docker was installed] **********************************
skipping: [192.168.47.133]

TASK [docker : get docker version information] *********************************
skipping: [192.168.47.133]

TASK [docker : debug info] *****************************************************
skipping: [192.168.47.133]

TASK [docker : revise docker version with float type] **************************
skipping: [192.168.47.133]

TASK [docker : infer docker installed] *****************************************
skipping: [192.168.47.133]

TASK [docker : prepare docker-related directories] *****************************
skipping: [192.168.47.133] => (item=/usr/local/bin) 
skipping: [192.168.47.133] => (item=/etc/docker) 
skipping: [192.168.47.133]

TASK [docker : download docker binary] *****************************************
skipping: [192.168.47.133] => (item=/usr/local/kubeauto/docker-bin/docker-compose) 
skipping: [192.168.47.133] => (item=/usr/local/kubeauto/docker-bin/runc) 
skipping: [192.168.47.133] => (item=/usr/local/kubeauto/docker-bin/dockerd) 
skipping: [192.168.47.133] => (item=/usr/local/kubeauto/docker-bin/docker) 
skipping: [192.168.47.133] => (item=/usr/local/kubeauto/docker-bin/docker-proxy) 
skipping: [192.168.47.133] => (item=/usr/local/kubeauto/docker-bin/docker-init) 
skipping: [192.168.47.133] => (item=/usr/local/kubeauto/docker-bin/docker-buildx) 
skipping: [192.168.47.133] => (item=/usr/local/kubeauto/docker-bin/ctr) 
skipping: [192.168.47.133] => (item=/usr/local/kubeauto/docker-bin/containerd) 
skipping: [192.168.47.133] => (item=/usr/local/kubeauto/docker-bin/containerd-shim-runc-v2) 
skipping: [192.168.47.133]

TASK [docker : configure docker daemon] ****************************************
skipping: [192.168.47.133]

TASK [docker : create docker systemd unit file] ********************************
skipping: [192.168.47.133]

TASK [docker : enable docker service on startup] *******************************
skipping: [192.168.47.133]

TASK [docker : start docker service] *******************************************
skipping: [192.168.47.133]

TASK [docker : wait for docker running] ****************************************
skipping: [192.168.47.133]

TASK [docker : configure docker symlink] ***************************************
skipping: [192.168.47.133]

TASK [containerd : prepare containerd-related directories] *********************
changed: [192.168.47.133] => (item=/etc/containerd)
changed: [192.168.47.133] => (item=/etc/containerd/certs.d/docker.io)
changed: [192.168.47.133] => (item=/etc/containerd/certs.d/registry.talkschool.cn:5000)
changed: [192.168.47.133] => (item=/etc/containerd/certs.d/harbor.brinnatt.io.local:8443)

TASK [containerd : prepare INSECURE REGISTRY dirs] *****************************
skipping: [192.168.47.133] => (item=http://registry.talkschool.cn:5000) 
changed: [192.168.47.133] => (item=https://reg.yourcompany.com)

TASK [containerd : load kernel module overlay] *********************************
ok: [192.168.47.133]

TASK [containerd : download containerd binary] *********************************
ok: [192.168.47.133] => (item=/usr/local/kubeauto/extra-bin/containerd-bin/runc)
ok: [192.168.47.133] => (item=/usr/local/kubeauto/extra-bin/containerd-bin/containerd-stress)
ok: [192.168.47.133] => (item=/usr/local/kubeauto/extra-bin/containerd-bin/ctr)
ok: [192.168.47.133] => (item=/usr/local/kubeauto/extra-bin/containerd-bin/containerd)
ok: [192.168.47.133] => (item=/usr/local/kubeauto/extra-bin/containerd-bin/containerd-shim-runc-v2)

TASK [containerd : download crictl] ********************************************
ok: [192.168.47.133]

TASK [containerd : crictl bash completion] *************************************
changed: [192.168.47.133]

TASK [containerd : create containerd configuration file] ***********************
changed: [192.168.47.133]

TASK [containerd : configure docker.io accelerator] ****************************
changed: [192.168.47.133]

TASK [containerd : configure local_registry] ***********************************
changed: [192.168.47.133]

TASK [containerd : configure trusted INSECURE REGISTRY registry] ***************
skipping: [192.168.47.133] => (item=http://registry.talkschool.cn:5000) 
changed: [192.168.47.133] => (item=https://reg.yourcompany.com)

TASK [containerd : configure harbor registry] **********************************
changed: [192.168.47.133]

TASK [containerd : create systemd unit file] ***********************************
changed: [192.168.47.133]

TASK [containerd : create crictl configuration] ********************************
changed: [192.168.47.133]

TASK [containerd : enable containerd service on startup] ***********************
changed: [192.168.47.133]

TASK [containerd : start containerd service] ***********************************
changed: [192.168.47.133]

TASK [containerd : wait for containerd service running] ************************
changed: [192.168.47.133]

PLAY [kube_master] *************************************************************

TASK [Gathering Facts] *********************************************************
ok: [192.168.47.133]

TASK [kube-lb : prepare some dirs] *********************************************
changed: [192.168.47.133] => (item=/etc/kube-lb/sbin)
changed: [192.168.47.133] => (item=/etc/kube-lb/logs)
changed: [192.168.47.133] => (item=/etc/kube-lb/conf)

TASK [kube-lb : download kube-lb(nginx)] ***************************************
changed: [192.168.47.133]

TASK [kube-lb : create kube-lb configuration file] *****************************
changed: [192.168.47.133]

TASK [kube-lb : create kube-lb systemd unit file] ******************************
changed: [192.168.47.133]

TASK [kube-lb : enable kube-lb service on startup] *****************************
changed: [192.168.47.133]

TASK [kube-lb : start kube-lb service] *****************************************
changed: [192.168.47.133]

TASK [kube-lb : wait for kube-lb service running] ******************************
changed: [192.168.47.133]

TASK [kube-master : assure k8s bin can be executable] **************************
ok: [192.168.47.133] => (item=kube-apiserver)
ok: [192.168.47.133] => (item=kube-controller-manager)
ok: [192.168.47.133] => (item=kube-scheduler)
ok: [192.168.47.133] => (item=kubectl)

TASK [kube-master : distribute controller/scheduler kubeconfig] ****************
changed: [192.168.47.133] => (item=kube-controller-manager.kubeconfig)
changed: [192.168.47.133] => (item=kube-scheduler.kubeconfig)

TASK [kube-master : create cluster audit related directories] ******************
skipping: [192.168.47.133] => (item=/etc/kubernetes/audit) 
skipping: [192.168.47.133] => (item=/var/log/kubernetes/audit) 
skipping: [192.168.47.133]

TASK [kube-master : distribute cluster audit configuration file] ***************
skipping: [192.168.47.133]

TASK [kube-master : create kubernetes CSR] *************************************
changed: [192.168.47.133 -> localhost]

TASK [kube-master : create kubernetes cert and private key] ********************
changed: [192.168.47.133 -> localhost]

TASK [kube-master : create aggregator proxy CSR] *******************************
changed: [192.168.47.133 -> localhost]

TASK [kube-master : create aggregator-proxy cert and private key] **************
changed: [192.168.47.133 -> localhost]

TASK [kube-master : distribute kubernetes cert-related files] ******************
ok: [192.168.47.133] => (item=ca.pem)
changed: [192.168.47.133] => (item=ca-key.pem)
changed: [192.168.47.133] => (item=kubernetes.pem)
changed: [192.168.47.133] => (item=kubernetes-key.pem)
changed: [192.168.47.133] => (item=aggregator-proxy.pem)
changed: [192.168.47.133] => (item=aggregator-proxy-key.pem)

TASK [kube-master : correct apiserver socket in kubeconfig] ********************
changed: [192.168.47.133] => (item=/etc/kubernetes/kube-controller-manager.kubeconfig)
changed: [192.168.47.133] => (item=/etc/kubernetes/kube-scheduler.kubeconfig)

TASK [kube-master : create master systemd unit file] ***************************
changed: [192.168.47.133] => (item=kube-apiserver.service)
changed: [192.168.47.133] => (item=kube-controller-manager.service)
changed: [192.168.47.133] => (item=kube-scheduler.service)

TASK [kube-master : enable master service on startup] **************************
changed: [192.168.47.133]

TASK [kube-master : reload systemd and restart kube-apiserver] *****************
changed: [192.168.47.133]

TASK [kube-master : wait for kube-apiserver running] ***************************
changed: [192.168.47.133]

TASK [kube-master : restart kube-controller-manager and kube-scheduler] ********
changed: [192.168.47.133]

TASK [kube-master : wait for kube-controller-manager running] ******************
FAILED - RETRYING: [192.168.47.133]: wait for kube-controller-manager running (8 retries left).
FAILED - RETRYING: [192.168.47.133]: wait for kube-controller-manager running (7 retries left).
changed: [192.168.47.133]

TASK [kube-master : wait for kube-scheduler running] ***************************
changed: [192.168.47.133]

TASK [kube-master : copy kubectl.kubeconfig] ***********************************
changed: [192.168.47.133 -> localhost]

TASK [kube-master : correct apiserver socket in kubeconfig] ********************
ok: [192.168.47.133 -> localhost]

TASK [kube-master : wait for master service running] ***************************
changed: [192.168.47.133 -> localhost]

TASK [kube-master : check if user:kubernetes was bond to related role] *********
changed: [192.168.47.133 -> localhost]

TASK [kube-master : create user:kubernetes role binding] ***********************
changed: [192.168.47.133 -> localhost]

TASK [kube-node : create kube_node related directories] ************************
changed: [192.168.47.133] => (item=/var/lib/kubelet)
changed: [192.168.47.133] => (item=/var/lib/kube-proxy)
ok: [192.168.47.133] => (item=/etc/cni/net.d)
ok: [192.168.47.133] => (item=/opt/cni/bin)

TASK [kube-node : download kubelet,kube-proxy binaries] ************************
ok: [192.168.47.133] => (item=kubectl)
ok: [192.168.47.133] => (item=kubelet)
ok: [192.168.47.133] => (item=kube-proxy)

TASK [kube-node : download cni plugins binaries] *******************************
ok: [192.168.47.133] => (item=/usr/local/kubeauto/extra-bin/cni-bin/portmap)
ok: [192.168.47.133] => (item=/usr/local/kubeauto/extra-bin/cni-bin/README.md)
ok: [192.168.47.133] => (item=/usr/local/kubeauto/extra-bin/cni-bin/static)
ok: [192.168.47.133] => (item=/usr/local/kubeauto/extra-bin/cni-bin/sbr)
ok: [192.168.47.133] => (item=/usr/local/kubeauto/extra-bin/cni-bin/host-local)
ok: [192.168.47.133] => (item=/usr/local/kubeauto/extra-bin/cni-bin/vrf)
ok: [192.168.47.133] => (item=/usr/local/kubeauto/extra-bin/cni-bin/macvlan)
ok: [192.168.47.133] => (item=/usr/local/kubeauto/extra-bin/cni-bin/bandwidth)
ok: [192.168.47.133] => (item=/usr/local/kubeauto/extra-bin/cni-bin/bridge)
ok: [192.168.47.133] => (item=/usr/local/kubeauto/extra-bin/cni-bin/tap)
ok: [192.168.47.133] => (item=/usr/local/kubeauto/extra-bin/cni-bin/ipvlan)
ok: [192.168.47.133] => (item=/usr/local/kubeauto/extra-bin/cni-bin/host-device)
ok: [192.168.47.133] => (item=/usr/local/kubeauto/extra-bin/cni-bin/tuning)
ok: [192.168.47.133] => (item=/usr/local/kubeauto/extra-bin/cni-bin/vlan)
ok: [192.168.47.133] => (item=/usr/local/kubeauto/extra-bin/cni-bin/firewall)
ok: [192.168.47.133] => (item=/usr/local/kubeauto/extra-bin/cni-bin/loopback)
ok: [192.168.47.133] => (item=/usr/local/kubeauto/extra-bin/cni-bin/ptp)
ok: [192.168.47.133] => (item=/usr/local/kubeauto/extra-bin/cni-bin/dummy)
ok: [192.168.47.133] => (item=/usr/local/kubeauto/extra-bin/cni-bin/LICENSE)
ok: [192.168.47.133] => (item=/usr/local/kubeauto/extra-bin/cni-bin/dhcp)

TASK [kube-node : kubectl bash completion] *************************************
changed: [192.168.47.133]

TASK [kube-node : prepare kubelet CSR] *****************************************
changed: [192.168.47.133 -> localhost]

TASK [kube-node : create kubelet cert and private key] *************************
changed: [192.168.47.133 -> localhost]

TASK [kube-node : set cluster params] ******************************************
changed: [192.168.47.133 -> localhost]

TASK [kube-node : set client credential params] ********************************
changed: [192.168.47.133 -> localhost]

TASK [kube-node : set context params] ******************************************
changed: [192.168.47.133 -> localhost]

TASK [kube-node : choose default context] **************************************
changed: [192.168.47.133 -> localhost]

TASK [kube-node : distribute ca cert] ******************************************
ok: [192.168.47.133]

TASK [kube-node : distribute kubelet cert] *************************************
changed: [192.168.47.133] => (item=kubelet.pem)
changed: [192.168.47.133] => (item=kubelet-key.pem)

TASK [kube-node : distribute kubeconfig] ***************************************
changed: [192.168.47.133]

TASK [kube-node : prepare cni configuration file] ******************************
changed: [192.168.47.133]

TASK [kube-node : create kubelet configuration file] ***************************
changed: [192.168.47.133]

TASK [kube-node : check if /run/systemd/resolve/resolv.conf exists] ************
ok: [192.168.47.133]

TASK [kube-node : replace resolvConf param] ************************************
skipping: [192.168.47.133]

TASK [kube-node : create kubelet systemd unit file] ****************************
changed: [192.168.47.133]

TASK [kube-node : enable kubelet service on startup] ***************************
changed: [192.168.47.133]

TASK [kube-node : start kubelet service] ***************************************
changed: [192.168.47.133]

TASK [kube-node : distribute kube-proxy.kubeconfig configuration file] *********
changed: [192.168.47.133]

TASK [kube-node : correct apiserver socket in kube-proxy.kubeconfig] ***********
changed: [192.168.47.133]

TASK [kube-node : create kube-proxy configuration] *****************************
changed: [192.168.47.133]

TASK [kube-node : create kube-proxy service file] ******************************
changed: [192.168.47.133]

TASK [kube-node : enable kube-proxy service on startup] ************************
changed: [192.168.47.133]

TASK [kube-node : start kube-proxy service] ************************************
changed: [192.168.47.133]

TASK [kube-node : wait for kube-proxy running] *********************************
changed: [192.168.47.133]

TASK [kube-node : wait for kubelet running] ************************************
changed: [192.168.47.133]

TASK [kube-node : wait for node Ready] *****************************************
changed: [192.168.47.133 -> localhost]

TASK [kube-node : Setting worker role name] ************************************
changed: [192.168.47.133 -> localhost]

TASK [kube-node : Setting master role name] ************************************
changed: [192.168.47.133 -> localhost]

TASK [kube-node : Making master nodes SchedulingDisabled] **********************
skipping: [192.168.47.133]

PLAY [kube_node] ***************************************************************

TASK [Gathering Facts] *********************************************************
ok: [192.168.47.133]

TASK [kube-lb : prepare some dirs] *********************************************
skipping: [192.168.47.133] => (item=/etc/kube-lb/sbin) 
skipping: [192.168.47.133] => (item=/etc/kube-lb/logs) 
skipping: [192.168.47.133] => (item=/etc/kube-lb/conf) 
skipping: [192.168.47.133]

TASK [kube-lb : download kube-lb(nginx)] ***************************************
skipping: [192.168.47.133]

TASK [kube-lb : create kube-lb configuration file] *****************************
skipping: [192.168.47.133]

TASK [kube-lb : create kube-lb systemd unit file] ******************************
skipping: [192.168.47.133]

TASK [kube-lb : enable kube-lb service on startup] *****************************
skipping: [192.168.47.133]

TASK [kube-lb : start kube-lb service] *****************************************
skipping: [192.168.47.133]

TASK [kube-lb : wait for kube-lb service running] ******************************
skipping: [192.168.47.133]

TASK [kube-node : create kube_node related directories] ************************
skipping: [192.168.47.133] => (item=/var/lib/kubelet) 
skipping: [192.168.47.133] => (item=/var/lib/kube-proxy) 
skipping: [192.168.47.133] => (item=/etc/cni/net.d) 
skipping: [192.168.47.133] => (item=/opt/cni/bin) 
skipping: [192.168.47.133]

TASK [kube-node : download kubelet,kube-proxy binaries] ************************
skipping: [192.168.47.133] => (item=kubectl) 
skipping: [192.168.47.133] => (item=kubelet) 
skipping: [192.168.47.133] => (item=kube-proxy) 
skipping: [192.168.47.133]

TASK [kube-node : download cni plugins binaries] *******************************
skipping: [192.168.47.133] => (item=/usr/local/kubeauto/extra-bin/cni-bin/portmap) 
skipping: [192.168.47.133] => (item=/usr/local/kubeauto/extra-bin/cni-bin/README.md) 
skipping: [192.168.47.133] => (item=/usr/local/kubeauto/extra-bin/cni-bin/static) 
skipping: [192.168.47.133] => (item=/usr/local/kubeauto/extra-bin/cni-bin/sbr) 
skipping: [192.168.47.133] => (item=/usr/local/kubeauto/extra-bin/cni-bin/host-local) 
skipping: [192.168.47.133] => (item=/usr/local/kubeauto/extra-bin/cni-bin/vrf) 
skipping: [192.168.47.133] => (item=/usr/local/kubeauto/extra-bin/cni-bin/macvlan) 
skipping: [192.168.47.133] => (item=/usr/local/kubeauto/extra-bin/cni-bin/bandwidth) 
skipping: [192.168.47.133] => (item=/usr/local/kubeauto/extra-bin/cni-bin/bridge) 
skipping: [192.168.47.133] => (item=/usr/local/kubeauto/extra-bin/cni-bin/tap) 
skipping: [192.168.47.133] => (item=/usr/local/kubeauto/extra-bin/cni-bin/ipvlan) 
skipping: [192.168.47.133] => (item=/usr/local/kubeauto/extra-bin/cni-bin/host-device) 
skipping: [192.168.47.133] => (item=/usr/local/kubeauto/extra-bin/cni-bin/tuning) 
skipping: [192.168.47.133] => (item=/usr/local/kubeauto/extra-bin/cni-bin/vlan) 
skipping: [192.168.47.133] => (item=/usr/local/kubeauto/extra-bin/cni-bin/firewall) 
skipping: [192.168.47.133] => (item=/usr/local/kubeauto/extra-bin/cni-bin/loopback) 
skipping: [192.168.47.133] => (item=/usr/local/kubeauto/extra-bin/cni-bin/ptp) 
skipping: [192.168.47.133] => (item=/usr/local/kubeauto/extra-bin/cni-bin/dummy) 
skipping: [192.168.47.133] => (item=/usr/local/kubeauto/extra-bin/cni-bin/LICENSE) 
skipping: [192.168.47.133] => (item=/usr/local/kubeauto/extra-bin/cni-bin/dhcp) 
skipping: [192.168.47.133]

TASK [kube-node : kubectl bash completion] *************************************
skipping: [192.168.47.133]

TASK [kube-node : prepare kubelet CSR] *****************************************
skipping: [192.168.47.133]

TASK [kube-node : create kubelet cert and private key] *************************
skipping: [192.168.47.133]

TASK [kube-node : set cluster params] ******************************************
skipping: [192.168.47.133]

TASK [kube-node : set client credential params] ********************************
skipping: [192.168.47.133]

TASK [kube-node : set context params] ******************************************
skipping: [192.168.47.133]

TASK [kube-node : choose default context] **************************************
skipping: [192.168.47.133]

TASK [kube-node : distribute ca cert] ******************************************
skipping: [192.168.47.133]

TASK [kube-node : distribute kubelet cert] *************************************
skipping: [192.168.47.133] => (item=kubelet.pem) 
skipping: [192.168.47.133] => (item=kubelet-key.pem) 
skipping: [192.168.47.133]

TASK [kube-node : distribute kubeconfig] ***************************************
skipping: [192.168.47.133]

TASK [kube-node : prepare cni configuration file] ******************************
skipping: [192.168.47.133]

TASK [kube-node : create kubelet configuration file] ***************************
skipping: [192.168.47.133]

TASK [kube-node : check if /run/systemd/resolve/resolv.conf exists] ************
skipping: [192.168.47.133]

TASK [kube-node : replace resolvConf param] ************************************
skipping: [192.168.47.133]

TASK [kube-node : create kubelet systemd unit file] ****************************
skipping: [192.168.47.133]

TASK [kube-node : enable kubelet service on startup] ***************************
skipping: [192.168.47.133]

TASK [kube-node : start kubelet service] ***************************************
skipping: [192.168.47.133]

TASK [kube-node : distribute kube-proxy.kubeconfig configuration file] *********
skipping: [192.168.47.133]

TASK [kube-node : correct apiserver socket in kube-proxy.kubeconfig] ***********
skipping: [192.168.47.133]

TASK [kube-node : create kube-proxy configuration] *****************************
skipping: [192.168.47.133]

TASK [kube-node : create kube-proxy service file] ******************************
skipping: [192.168.47.133]

TASK [kube-node : enable kube-proxy service on startup] ************************
skipping: [192.168.47.133]

TASK [kube-node : start kube-proxy service] ************************************
skipping: [192.168.47.133]

TASK [kube-node : wait for kube-proxy running] *********************************
skipping: [192.168.47.133]

TASK [kube-node : wait for kubelet running] ************************************
skipping: [192.168.47.133]

TASK [kube-node : wait for node Ready] *****************************************
skipping: [192.168.47.133]

TASK [kube-node : Setting worker role name] ************************************
skipping: [192.168.47.133]

TASK [kube-node : Setting master role name] ************************************
skipping: [192.168.47.133]

TASK [kube-node : Making master nodes SchedulingDisabled] **********************
skipping: [192.168.47.133]

PLAY [kube_master,kube_node] ***************************************************

TASK [Gathering Facts] *********************************************************
ok: [192.168.47.133]

TASK [calico : create calico CSR] **********************************************
skipping: [192.168.47.133]

TASK [calico : create calico cert and private key] *****************************
skipping: [192.168.47.133]

TASK [calico : delete old calico-etcd-secrets] *********************************
skipping: [192.168.47.133]

TASK [calico : create calico-etcd-secrets] *************************************
skipping: [192.168.47.133]

TASK [calico : configure calico DaemonSet yaml file] ***************************
skipping: [192.168.47.133]

TASK [calico : delete calico network] ******************************************
skipping: [192.168.47.133]

TASK [calico : apply calico network] *******************************************
skipping: [192.168.47.133]

TASK [calico : prepare some dirs] **********************************************
skipping: [192.168.47.133] => (item=/etc/calico/ssl) 
skipping: [192.168.47.133]

TASK [calico : distribute calico cert-related files] ***************************
skipping: [192.168.47.133] => (item=ca.pem) 
skipping: [192.168.47.133] => (item=calico.pem) 
skipping: [192.168.47.133] => (item=calico-key.pem) 
skipping: [192.168.47.133]

TASK [calico : delete default cni configuration] *******************************
skipping: [192.168.47.133]

TASK [calico : download calicoctl client command] ******************************
skipping: [192.168.47.133] => (item=calicoctl) 
skipping: [192.168.47.133]

TASK [calico : prepare calicoctl configuration file] ***************************
skipping: [192.168.47.133]

TASK [calico : wait for calico-node running in a polling manner] ***************
skipping: [192.168.47.133]

TASK [calico : choose default rr nodes(master nodes by default)] ***************
skipping: [192.168.47.133]

TASK [calico : choose user-defined rr nodes] ***********************************
skipping: [192.168.47.133]

TASK [calico : show rr nodes] **************************************************
skipping: [192.168.47.133]

TASK [calico : configure routeReflectorClusterID] ******************************
skipping: [192.168.47.133]

TASK [calico : node label] *****************************************************
skipping: [192.168.47.133]

TASK [calico : configure calico bgp yaml file] *********************************
skipping: [192.168.47.133] => (item=bgp-default.yaml) 
skipping: [192.168.47.133] => (item=bgp-rr.yaml) 
skipping: [192.168.47.133]

TASK [calico : apply calico bgp configuration] *********************************
skipping: [192.168.47.133]

TASK [calico : check bgp connection] *******************************************
skipping: [192.168.47.133]

TASK [calico : debug] **********************************************************
skipping: [192.168.47.133]

TASK [cilium : revise kernel version with float type] **************************
ok: [192.168.47.133]

TASK [cilium : check if kernel version > 4.9] **********************************
skipping: [192.168.47.133]

TASK [cilium : create cilium chart setting] ************************************
changed: [192.168.47.133 -> localhost]

TASK [cilium : helm delete cilium v1.19.5] *************************************
skipping: [192.168.47.133]

TASK [cilium : helm create cilium v1.19.5] *************************************
changed: [192.168.47.133 -> localhost]

TASK [cilium : download client tools] ******************************************
ok: [192.168.47.133] => (item=cilium)
ok: [192.168.47.133] => (item=hubble)

TASK [cilium : delete default cni configurations] ******************************
changed: [192.168.47.133]

TASK [cilium : wait for cilium-node running in a polling manner] ***************
FAILED - RETRYING: [192.168.47.133 -> localhost]: wait for cilium-node running in a polling manner (30 retries left).
changed: [192.168.47.133 -> localhost]

TASK [cilium : restart hubble-ui after CNI is up (avoids frontend probe failure during bootstrap)] ***
skipping: [192.168.47.133]

TASK [cilium : restart hubble-relay pod] ***************************************
skipping: [192.168.47.133]

TASK [flannel : configure flannel DaemonSet yaml file] *************************
skipping: [192.168.47.133]

TASK [flannel : delete flannel network before applying] ************************
skipping: [192.168.47.133]

TASK [flannel : apply flannel network] *****************************************
skipping: [192.168.47.133]

TASK [flannel : delete default cni configuration] ******************************
skipping: [192.168.47.133]

TASK [flannel : wait for flannel running in a polling manner] ******************
skipping: [192.168.47.133]

TASK [kube-router : prepare to configure kube-router DaemonSet] ****************
skipping: [192.168.47.133]

TASK [kube-router : delete kube-router DaemonSet] ******************************
skipping: [192.168.47.133]

TASK [kube-router : apply kube-router DaemonSet] *******************************
skipping: [192.168.47.133]

TASK [kube-router : delete default cni configurations] *************************
skipping: [192.168.47.133]

TASK [kube-router : wait for kube-router running in a polling manner] **********
skipping: [192.168.47.133]

TASK [kube-ovn : delete default cni configurations] ****************************
skipping: [192.168.47.133]

TASK [kube-ovn : prepare kube-ovn-related files] *******************************
skipping: [192.168.47.133] => (item=install.sh) 
skipping: [192.168.47.133] => (item=coredns.yaml) 
skipping: [192.168.47.133]

TASK [kube-ovn : prepare dnscache deployment file with ipvs] *******************
skipping: [192.168.47.133]

TASK [kube-ovn : prepare dnscache deployment file with iptables] ***************
skipping: [192.168.47.133]

TASK [kube-ovn : apply coredns, dnscache yaml] *********************************
skipping: [192.168.47.133]

TASK [kube-ovn : install kube-ovn network] *************************************
skipping: [192.168.47.133]

TASK [kube-ovn : wait for kube-ovn running in a polling manner] ****************
skipping: [192.168.47.133]

PLAY [kube_master,kube_node] ***************************************************

TASK [Gathering Facts] *********************************************************
ok: [192.168.47.133]

TASK [wait for node Ready] *****************************************************
FAILED - RETRYING: [192.168.47.133 -> localhost]: wait for node Ready (48 retries left).
changed: [192.168.47.133 -> localhost]

TASK [Setting worker role name] ************************************************
changed: [192.168.47.133 -> localhost]

TASK [Setting master role name] ************************************************
changed: [192.168.47.133 -> localhost]

TASK [Making master nodes SchedulingDisabled] **********************************
skipping: [192.168.47.133]

PLAY [localhost] ***************************************************************

TASK [Gathering Facts] *********************************************************
ok: [localhost]

TASK [cluster-addon : 获取所有已经创建的POD信息] *******************************
changed: [localhost]

TASK [cluster-addon : 准备 DNS的部署文件] **************************************
changed: [localhost]

TASK [cluster-addon : 删除coredns部署] *****************************************
skipping: [localhost]

TASK [cluster-addon : 创建coredns部署] *****************************************
changed: [localhost]

TASK [cluster-addon : 准备dnscache的部署文件] **********************************
changed: [localhost]

TASK [cluster-addon : 准备dnscache的部署文件] **********************************
skipping: [localhost]

TASK [cluster-addon : 删除dnscache部署] ****************************************
skipping: [localhost]

TASK [cluster-addon : 创建dnscache部署] ****************************************
changed: [localhost]

TASK [cluster-addon : 准备 metrics-server的部署文件] ***************************
changed: [localhost]

TASK [cluster-addon : 删除 metrics-server部署] *********************************
skipping: [localhost]

TASK [cluster-addon : 创建 metrics-server部署] *********************************
changed: [localhost]

TASK [cluster-addon : prepare some dirs] ***************************************
skipping: [localhost]

TASK [cluster-addon : 准备 dashboard的部署文件] ********************************
skipping: [localhost] => (item=dashboard-values.yaml) 
skipping: [localhost] => (item=admin-user-sa-rbac.yaml) 
skipping: [localhost] => (item=read-user-sa-rbac.yaml) 
skipping: [localhost]

TASK [cluster-addon : 创建 dashboard部署] **************************************
skipping: [localhost]

TASK [cluster-addon : 创建用户admin,read] **************************************
skipping: [localhost]

TASK [cluster-addon : 准备 local-storage 配置目录] *****************************
skipping: [localhost]

TASK [cluster-addon : 准备 local-storage部署文件] ******************************
skipping: [localhost] => (item=local-path-storage.yaml) 
skipping: [localhost] => (item=test-pod.yaml) 
skipping: [localhost]

TASK [cluster-addon : 创建 local-storage部署] **********************************
skipping: [localhost]

TASK [cluster-addon : 准备 nfs-provisioner 配置目录] ***************************
skipping: [localhost]

TASK [cluster-addon : 准备 nfs-provisioner部署文件] ****************************
skipping: [localhost] => (item=nfs-provisioner.yaml) 
skipping: [localhost] => (item=test-pod.yaml) 
skipping: [localhost]

TASK [cluster-addon : 创建 nfs-provisioner部署] ********************************
skipping: [localhost]

TASK [cluster-addon : 清理 snapshot-controller crd] ****************************
skipping: [localhost]

TASK [cluster-addon : prepare some dirs] ***************************************
skipping: [localhost]

TASK [cluster-addon : 创建命名空间openebs] *************************************
skipping: [localhost]

TASK [cluster-addon : 创建chart 个性化设置] ************************************
skipping: [localhost] => (item=values.yaml) 
skipping: [localhost] => (item=sc.yaml) 
skipping: [localhost]

TASK [cluster-addon : helm 部署 openebs operator] ******************************
skipping: [localhost]

TASK [cluster-addon : 轮询等待部署 openebs] ************************************
skipping: [localhost]

TASK [cluster-addon : 轮询等待lvm-localpv-controller 运行] *********************
skipping: [localhost]

TASK [cluster-addon : 创建lvm storageclass] ************************************
skipping: [localhost]

TASK [cluster-addon : 获取是否已创建命名空间monitor] ***************************
skipping: [localhost]

TASK [cluster-addon : 创建命名空间monitor] *************************************
skipping: [localhost]

TASK [cluster-addon : get etcd-client-cert info] *******************************
skipping: [localhost]

TASK [cluster-addon : 创建etcd-client 证书请求] ********************************
skipping: [localhost]

TASK [cluster-addon : 创建 etcd-client证书和私钥] ******************************
skipping: [localhost]

TASK [cluster-addon : 删除 etcd-client-cert] ***********************************
skipping: [localhost]

TASK [cluster-addon : 创建 etcd-client-cert] ***********************************
skipping: [localhost]

TASK [cluster-addon : debug] ***************************************************
skipping: [localhost]

TASK [cluster-addon : 创建 prom chart 个性化设置] ******************************
skipping: [localhost]

TASK [cluster-addon : helm 删除 kube-prometheus-stack 75.7.0] ******************
skipping: [localhost]

TASK [cluster-addon : helm 创建 kube-prometheus-stack 75.7.0] ******************
skipping: [localhost]

TASK [cluster-addon : prepare some dirs] ***************************************
skipping: [localhost]

TASK [cluster-addon : 创建命名空间minio] ***************************************
skipping: [localhost]

TASK [cluster-addon : get minio-global-cert info] ******************************
skipping: [localhost]

TASK [cluster-addon : 创建 minio-global-cert] **********************************
skipping: [localhost]

TASK [cluster-addon : 创建chart 个性化设置] ************************************
skipping: [localhost] => (item=operator-values.yaml) 
skipping: [localhost] => (item=tenant-values.yaml) 
skipping: [localhost]

TASK [cluster-addon : helm 部署 minio operator] ********************************
skipping: [localhost]

TASK [cluster-addon : 轮询等待部署 minio operator] *****************************
skipping: [localhost]

TASK [cluster-addon : helm 部署 minio tenant] **********************************
skipping: [localhost]

TASK [cluster-addon : 准备 nacos的部署文件] ************************************
skipping: [localhost]

TASK [cluster-addon : 创建命名空间nacos] ***************************************
skipping: [localhost]

TASK [cluster-addon : 创建 nacos部署] ******************************************
skipping: [localhost]

TASK [cluster-addon : 创建命名空间rocketmq] ************************************
skipping: [localhost]

TASK [cluster-addon : helm 部署 rocketmq operator] *****************************
skipping: [localhost]

TASK [cluster-addon : 轮询等待 rocketmq operator 运行] *************************
skipping: [localhost]

TASK [cluster-addon : 准备 rocketmq 部署文件] **********************************
skipping: [localhost]

TASK [cluster-addon : 部署 rocketmq cluster] ***********************************
skipping: [localhost]

TASK [cluster-addon : 准备 cilium-check 配置目录] ******************************
skipping: [localhost]

TASK [cluster-addon : 准备部署文件] ********************************************
skipping: [localhost] => (item=connectivity-check.yaml) 
skipping: [localhost] => (item=check-part1.yaml) 
skipping: [localhost] => (item=namespace.yaml) 
skipping: [localhost]

TASK [cluster-addon : 创建测试namespace] ***************************************
skipping: [localhost]

TASK [cluster-addon : 创建测试part1] *******************************************
skipping: [localhost]

TASK [cluster-addon : 轮询等待echo pod运行，视下载镜像速度而定] ****************
skipping: [localhost]

TASK [cluster-addon : 创建完整测试connectivity-check] **************************
skipping: [localhost]

TASK [cluster-addon : debug] ***************************************************
skipping: [localhost]

TASK [cluster-addon : 准备 network-check 配置目录] *****************************
skipping: [localhost]

TASK [cluster-addon : 准备部署文件] ********************************************
skipping: [localhost] => (item=network-check.yaml) 
skipping: [localhost] => (item=namespace.yaml) 
skipping: [localhost]

TASK [cluster-addon : 创建测试namespace] ***************************************
skipping: [localhost]

TASK [cluster-addon : 创建完整测试network-check] *******************************
skipping: [localhost]

TASK [cluster-addon : debug] ***************************************************
skipping: [localhost]

TASK [cluster-addon : prepare some dirs] ***************************************
skipping: [localhost]

TASK [cluster-addon : 创建命名空间ingress-nginx] *******************************
skipping: [localhost]

TASK [cluster-addon : label nodes for ingress-nginx controller] ****************
skipping: [localhost]

TASK [cluster-addon : 创建chart 个性化设置] ************************************
skipping: [localhost] => (item=values.yaml) 
skipping: [localhost]

TASK [cluster-addon : helm 部署 ingress-nginx] *********************************
skipping: [localhost]

TASK [cluster-addon : 轮询等待部署 ingress-nginx] ******************************
skipping: [localhost]

TASK [cluster-addon : 提示 WARNNING] *******************************************
skipping: [localhost]

PLAY RECAP *********************************************************************
192.168.47.133             : ok=133  changed=92   unreachable=0    failed=0    skipped=139  rescued=0    ignored=0   
localhost                  : ok=39   changed=35   unreachable=0    failed=0    skipped=79   rescued=0    ignored=0   
[2026-07-16 21:47:58] [INFO] [service.cluster.manager] Cluster setup completed (playbook 90.setup.yml).
cilium_operator_image=registry.talkschool.cn:5000/brinnatt/cilium-operator-generic:v1.19.5
>>> kubecli destroy test133-cilium
[2026-07-16 21:47:59] [INFO] [service.cluster.manager] Ansible Python policy (ansible-core 2.17): control node Python >=3.10, target module runtime Python >=3.9
[2026-07-16 21:47:59] [INFO] [service.cluster.manager] Cluster test133-cilium: running destroy (playbook 99.clean.yml).
[2026-07-16 21:47:59] [INFO] [service.cluster.manager] Component versions (kubernetes / etcd / network):
[2026-07-16 21:47:59] [INFO] [service.cluster.manager]   kubernetes: v1.33.6, etcd: v3.6.4, cilium: v1.19.5
[WARNING]: Collection ansible.posix does not support Ansible version 2.17.14

PLAY [kube_master,kube_node,ex_lb,etcd] ****************************************

TASK [Gathering Facts] *********************************************************
ok: [192.168.47.133]

TASK [clean : stop and disable etcd service] ***********************************
changed: [192.168.47.133]

TASK [clean : remove etcd-role files and dirs] *********************************
changed: [192.168.47.133] => (item=/var/lib/etcd)
ok: [192.168.47.133] => (item=)
ok: [192.168.47.133] => (item=/backup/k8s)
changed: [192.168.47.133] => (item=/etc/systemd/system/etcd.service)
changed: [192.168.47.133] => (item=/opt/kubeauto_prepare_tasks)
changed: [192.168.47.133] => (item=/etc/kubernetes/ssl/etcd.pem)
changed: [192.168.47.133] => (item=/etc/kubernetes/ssl/etcd-key.pem)

TASK [clean : stop and disable kube_master service] ****************************
changed: [192.168.47.133] => (item=kube-apiserver)
changed: [192.168.47.133] => (item=kube-controller-manager)
changed: [192.168.47.133] => (item=kube-scheduler)

TASK [clean : remove files and dirs of 'kube_master' nodes (master-role only)] ***
ok: [192.168.47.133] => (item=/var/run/kubernetes)
changed: [192.168.47.133] => (item=/etc/systemd/system/kube-apiserver.service)
changed: [192.168.47.133] => (item=/etc/systemd/system/kube-controller-manager.service)
changed: [192.168.47.133] => (item=/etc/systemd/system/kube-scheduler.service)
changed: [192.168.47.133] => (item=/etc/kubernetes/kube-controller-manager.kubeconfig)
changed: [192.168.47.133] => (item=/etc/kubernetes/kube-scheduler.kubeconfig)
ok: [192.168.47.133] => (item=/etc/kubernetes/audit)
ok: [192.168.47.133] => (item=/var/log/kubernetes/audit)

TASK [clean : stop and disable kube_node service] ******************************
changed: [192.168.47.133] => (item=kube-lb)
changed: [192.168.47.133] => (item=kubelet)
changed: [192.168.47.133] => (item=kube-proxy)

TASK [clean : umount kubelet filesystems] **************************************
changed: [192.168.47.133]

TASK [clean : remove files and dirs of 'kube_node' nodes (node-role only)] *****
changed: [192.168.47.133] => (item=/var/lib/kubelet/)
changed: [192.168.47.133] => (item=/var/lib/kube-proxy/)
changed: [192.168.47.133] => (item=/etc/systemd/system/kube-lb.service)
changed: [192.168.47.133] => (item=/etc/systemd/system/kubelet.service)
changed: [192.168.47.133] => (item=/etc/systemd/system/kube-proxy.service)
changed: [192.168.47.133] => (item=/etc/kube-lb/)
changed: [192.168.47.133] => (item=/etc/kubernetes/kubelet.kubeconfig)
changed: [192.168.47.133] => (item=/etc/kubernetes/kube-proxy.kubeconfig)
ok: [192.168.47.133] => (item=/opt/kubeauto_prepare_tasks)
changed: [192.168.47.133] => (item=/root/.kube/config)

TASK [clean : to check if container 'kubeauto' is running] *********************
skipping: [192.168.47.133]

TASK [clean : stop and disable docker service] *********************************
skipping: [192.168.47.133]

TASK [clean : umount docker filesystem-1] **************************************
skipping: [192.168.47.133]

TASK [clean : umount docker filesystem-2] **************************************
skipping: [192.168.47.133]

TASK [clean : umount docker filesystem-3] **************************************
skipping: [192.168.47.133]

TASK [clean : umount docker filesystem-4] **************************************
skipping: [192.168.47.133]

TASK [clean : umount docker filesystem-5] **************************************
skipping: [192.168.47.133]

TASK [clean : remove files and dirs] *******************************************
skipping: [192.168.47.133] => (item=/var/lib/docker/) 
skipping: [192.168.47.133] => (item=/var/lib/dockershim/) 
skipping: [192.168.47.133] => (item=/var/run/docker/) 
skipping: [192.168.47.133] => (item=/etc/docker/) 
skipping: [192.168.47.133] => (item=/etc/systemd/system/docker.service) 
skipping: [192.168.47.133] => (item=/etc/systemd/system/docker.service.requires/) 
skipping: [192.168.47.133] => (item=/etc/systemd/system/docker.service.d/) 
skipping: [192.168.47.133] => (item=/etc/bash_completion.d/docker) 
skipping: [192.168.47.133] => (item=/usr/bin/docker) 
skipping: [192.168.47.133]

TASK [clean : stop and disable containerd service] *****************************
changed: [192.168.47.133]

TASK [clean : umount containerd filesystems] ***********************************
changed: [192.168.47.133]

TASK [clean : remove files and dirs] *******************************************
changed: [192.168.47.133] => (item=/etc/containerd/)
changed: [192.168.47.133] => (item=/etc/crictl.yaml)
changed: [192.168.47.133] => (item=/etc/systemd/system/containerd.service)
changed: [192.168.47.133] => (item=/opt/containerd/)
changed: [192.168.47.133] => (item=/var/lib/containerd/)
changed: [192.168.47.133] => (item=/var/run/containerd/)

TASK [clean : remove files and dirs2] ******************************************
changed: [192.168.47.133] => (item=/etc/cni/)
ok: [192.168.47.133] => (item=/run/flannel/)
ok: [192.168.47.133] => (item=/etc/calico/)
ok: [192.168.47.133] => (item=/var/lib/calico/)
ok: [192.168.47.133] => (item=/var/log/calico/)
ok: [192.168.47.133] => (item=/etc/cilium/)
changed: [192.168.47.133] => (item=/sys/fs/bpf/tc/)
changed: [192.168.47.133] => (item=/var/lib/cni/)
ok: [192.168.47.133] => (item=/var/lib/kube-router/)
ok: [192.168.47.133] => (item=/var/run/openvswitch/)
ok: [192.168.47.133] => (item=/var/run/ovn/)
ok: [192.168.47.133] => (item=/etc/origin/openvswitch/)
ok: [192.168.47.133] => (item=/etc/origin/ovn/)
ok: [192.168.47.133] => (item=/var/log/openvswitch/)
ok: [192.168.47.133] => (item=/var/log/ovn/)
ok: [192.168.47.133] => (item=/var/log/kube-ovn/)

TASK [clean : get service info] ************************************************
skipping: [192.168.47.133]

TASK [clean : remove service l4lb] *********************************************
skipping: [192.168.47.133]

TASK [clean : remove service keepalived] ***************************************
skipping: [192.168.47.133]

TASK [clean : remove files and dirs] *******************************************
skipping: [192.168.47.133] => (item=/etc/l4lb) 
skipping: [192.168.47.133] => (item=/etc/keepalived) 
skipping: [192.168.47.133] => (item=/etc/systemd/system/l4lb.service) 
skipping: [192.168.47.133] => (item=/etc/systemd/system/keepalived.service) 
skipping: [192.168.47.133] => (item=/usr/local/sbin/keepalived) 
skipping: [192.168.47.133]

TASK [clean : stop and disable chronyd] ****************************************
skipping: [192.168.47.133]

TASK [clean : remove chrony-role files and dirs] *******************************
skipping: [192.168.47.133] => (item=/etc/chrony) 
skipping: [192.168.47.133] => (item=/var/lib/chrony) 
skipping: [192.168.47.133] => (item=/var/log/chrony) 
skipping: [192.168.47.133] => (item=/var/run/chrony) 
skipping: [192.168.47.133] => (item=/etc/systemd/system/chronyd.service) 
skipping: [192.168.47.133]

TASK [clean : remove ssl dir (full teardown only)] *****************************
changed: [192.168.47.133]

TASK [clean : remove prepare tasks marker (full teardown only)] ****************
ok: [192.168.47.133]

TASK [clean : remove /etc/kubernetes dir (full teardown only)] *****************
changed: [192.168.47.133]

TASK [clean : flush ipvs rules (full teardown only)] ***************************
changed: [192.168.47.133]

TASK [clean : clean 'ENV PATH'] ************************************************
changed: [192.168.47.133] => (item=kubeauto)
ok: [192.168.47.133] => (item=helm completion)
ok: [192.168.47.133] => (item=kubectl completion)
ok: [192.168.47.133] => (item=crictl completion)
ok: [192.168.47.133] => (item=HELM_TLS_ENABLE)

TASK [clean : delete k8s node hosts block on this host] ************************
changed: [192.168.47.133]

TASK [clean : important indicates WARNNING] ************************************
ok: [192.168.47.133] => {
    "msg": "[IMPORTANT]: please reboot nodes, makesure to clean out net interfaces, routes and iptables/ipvs rules."
}

PLAY RECAP *********************************************************************
192.168.47.133             : ok=19   changed=16   unreachable=0    failed=0    skipped=14   rescued=0    ignored=0   
[2026-07-16 21:50:03] [INFO] [service.cluster.manager] Cluster test133-cilium: destroy completed.
[2026-07-16 21:50:03] [INFO] [service.cluster.manager] Cluster directory test133-cilium removed.
[PASS] R3-cilium
========== R4 addon smoke on test141 ==========
>>> kubecli checkout test141
[2026-07-16 21:50:03] [INFO] [service.cluster.manager] Current kubeconfig set to cluster test141.
>>> kubecli setup test141 07
[2026-07-16 21:50:04] [INFO] [service.cluster.manager] Ansible Python policy (ansible-core 2.17): control node Python >=3.10, target module runtime Python >=3.9
[2026-07-16 21:50:04] [INFO] [service.cluster.manager] Setting up cluster with playbook 07.cluster-addon.yml.
[2026-07-16 21:50:04] [INFO] [service.cluster.manager] Component versions (kubernetes / etcd / network):
[2026-07-16 21:50:04] [INFO] [service.cluster.manager]   kubernetes: v1.33.6, etcd: v3.6.4, calico: v3.28.4

PLAY [localhost] ***************************************************************

TASK [Gathering Facts] *********************************************************
ok: [localhost]

TASK [cluster-addon : 获取所有已经创建的POD信息] *******************************
changed: [localhost]

TASK [cluster-addon : 准备 DNS的部署文件] **************************************
skipping: [localhost]

TASK [cluster-addon : 删除coredns部署] *****************************************
skipping: [localhost]

TASK [cluster-addon : 创建coredns部署] *****************************************
skipping: [localhost]

TASK [cluster-addon : 准备dnscache的部署文件] **********************************
skipping: [localhost]

TASK [cluster-addon : 准备dnscache的部署文件] **********************************
skipping: [localhost]

TASK [cluster-addon : 删除dnscache部署] ****************************************
skipping: [localhost]

TASK [cluster-addon : 创建dnscache部署] ****************************************
skipping: [localhost]

TASK [cluster-addon : 准备 metrics-server的部署文件] ***************************
skipping: [localhost]

TASK [cluster-addon : 删除 metrics-server部署] *********************************
skipping: [localhost]

TASK [cluster-addon : 创建 metrics-server部署] *********************************
skipping: [localhost]

TASK [cluster-addon : prepare some dirs] ***************************************
changed: [localhost]

TASK [cluster-addon : 准备 dashboard的部署文件] ********************************
changed: [localhost] => (item=dashboard-values.yaml)
changed: [localhost] => (item=admin-user-sa-rbac.yaml)
changed: [localhost] => (item=read-user-sa-rbac.yaml)

TASK [cluster-addon : 创建 dashboard部署] **************************************
changed: [localhost]

TASK [cluster-addon : 创建用户admin,read] **************************************
changed: [localhost]

TASK [cluster-addon : 准备 local-storage 配置目录] *****************************
changed: [localhost]

TASK [cluster-addon : 准备 local-storage部署文件] ******************************
changed: [localhost] => (item=local-path-storage.yaml)
changed: [localhost] => (item=test-pod.yaml)

TASK [cluster-addon : 创建 local-storage部署] **********************************
changed: [localhost]

TASK [cluster-addon : 准备 nfs-provisioner 配置目录] ***************************
skipping: [localhost]

TASK [cluster-addon : 准备 nfs-provisioner部署文件] ****************************
skipping: [localhost] => (item=nfs-provisioner.yaml) 
skipping: [localhost] => (item=test-pod.yaml) 
skipping: [localhost]

TASK [cluster-addon : 创建 nfs-provisioner部署] ********************************
skipping: [localhost]

TASK [cluster-addon : 清理 snapshot-controller crd] ****************************
changed: [localhost]

TASK [cluster-addon : prepare some dirs] ***************************************
changed: [localhost]

TASK [cluster-addon : 创建命名空间openebs] *************************************
changed: [localhost]

TASK [cluster-addon : 创建chart 个性化设置] ************************************
changed: [localhost] => (item=values.yaml)
changed: [localhost] => (item=sc.yaml)

TASK [cluster-addon : helm 部署 openebs operator] ******************************
changed: [localhost]

TASK [cluster-addon : 轮询等待部署 openebs] ************************************
changed: [localhost]

TASK [cluster-addon : 轮询等待lvm-localpv-controller 运行] *********************
skipping: [localhost]

TASK [cluster-addon : 创建lvm storageclass] ************************************
skipping: [localhost]

TASK [cluster-addon : 获取是否已创建命名空间monitor] ***************************
changed: [localhost]

TASK [cluster-addon : 创建命名空间monitor] *************************************
changed: [localhost]

TASK [cluster-addon : get etcd-client-cert info] *******************************
changed: [localhost]

TASK [cluster-addon : 创建etcd-client 证书请求] ********************************
changed: [localhost]

TASK [cluster-addon : 创建 etcd-client证书和私钥] ******************************
changed: [localhost]

TASK [cluster-addon : 删除 etcd-client-cert] ***********************************
skipping: [localhost]

TASK [cluster-addon : 创建 etcd-client-cert] ***********************************
changed: [localhost]

TASK [cluster-addon : debug] ***************************************************
ok: [localhost] => {
    "K8S_VER": "1.33.6"
}

TASK [cluster-addon : 创建 prom chart 个性化设置] ******************************
changed: [localhost]

TASK [cluster-addon : helm 删除 kube-prometheus-stack 75.7.0] ******************
skipping: [localhost]

TASK [cluster-addon : helm 创建 kube-prometheus-stack 75.7.0] ******************
fatal: [localhost]: FAILED! => {"changed": true, "cmd": "/usr/local/kubeauto/extra-bin/helm upgrade prometheus --install -n monitor --create-namespace -f /usr/local/kubeauto/clusters/test141/yml/prom-values.yaml /usr/local/kubeauto/roles/cluster-addon/files/kube-prometheus-stack-75.7.0.tgz", "delta": "0:05:03.576468", "end": "2026-07-16 21:55:18.821962", "msg": "non-zero return code", "rc": 1, "start": "2026-07-16 21:50:15.245494", "stderr": "I0716 21:50:17.966761  823690 warnings.go:110] \"Warning: v1 Endpoints is deprecated in v1.33+; use discovery.k8s.io/v1 EndpointSlice\"\nI0716 21:50:17.967879  823690 warnings.go:110] \"Warning: v1 Endpoints is deprecated in v1.33+; use discovery.k8s.io/v1 EndpointSlice\"\nI0716 21:50:17.969245  823690 warnings.go:110] \"Warning: v1 Endpoints is deprecated in v1.33+; use discovery.k8s.io/v1 EndpointSlice\"\nI0716 21:50:17.970597  823690 warnings.go:110] \"Warning: v1 Endpoints is deprecated in v1.33+; use discovery.k8s.io/v1 EndpointSlice\"\nError: failed pre-install: 1 error occurred:\n\t* timed out waiting for the condition", "stderr_lines": ["I0716 21:50:17.966761  823690 warnings.go:110] \"Warning: v1 Endpoints is deprecated in v1.33+; use discovery.k8s.io/v1 EndpointSlice\"", "I0716 21:50:17.967879  823690 warnings.go:110] \"Warning: v1 Endpoints is deprecated in v1.33+; use discovery.k8s.io/v1 EndpointSlice\"", "I0716 21:50:17.969245  823690 warnings.go:110] \"Warning: v1 Endpoints is deprecated in v1.33+; use discovery.k8s.io/v1 EndpointSlice\"", "I0716 21:50:17.970597  823690 warnings.go:110] \"Warning: v1 Endpoints is deprecated in v1.33+; use discovery.k8s.io/v1 EndpointSlice\"", "Error: failed pre-install: 1 error occurred:", "\t* timed out waiting for the condition"], "stdout": "Release \"prometheus\" does not exist. Installing it now.", "stdout_lines": ["Release \"prometheus\" does not exist. Installing it now."]}

PLAY RECAP *********************************************************************
localhost                  : ok=23   changed=21   unreachable=0    failed=1    skipped=17   rescued=0    ignored=0   
[2026-07-16 21:55:18] [ERROR] [service.cluster.manager] Failed to set up the k8s cluster with playbook 07.cluster-addon.yml
[2026-07-16 21:55:18] [ERROR] [controller.cluster.cli] Failed to set up the k8s cluster with playbook 07.cluster-addon.yml
[FAIL] kubecli setup test141 07

========== POST: aio addon assert + FINAL (manual continuation) ==========
[PASS] R4-addons (aio: dashboard/prom/openebs/minio/local-path brinnatt, no ImagePull)
[PASS] R4b-ingress (aio: brinnatt/ingress-nginx-controller:v1.13.0)
[PASS] R5 FINAL (test141 debian150 test-ded-etcd test-ha aio all Ready)
[SKIP] Tier3 tools binaries absent
REGRESSION_REMAINDER_COMPLETE
[PASS] ALL
